ObjectID,mpg                ,cylinders          ,horsepower         ,weight             ,acceleration       ,year               ,origin            ,price
0,0.420925216447971,0.38670205067425334,0.5674478725925075,0.466557917535608,0.4427209205769329,0.585842722907798,0.08342906244041343,0.054091775634686916
1,0.4473651633156814,0.4220930539457388,0.6318191871062817,0.6344389667248481,0.3910422389727763,0.5154330569370748,0.22067576562970193,0.0777355183984107
2,0.22381409736097369,0.3365917309692482,0.4115890674302539,0.4570181463706834,0.48545458221659527,0.5183966498657915,0.16009076364694388,0.15805830518381822
3,0.3845766382613929,0.30213923492037775,0.4294329795947635,0.5546377927310756,0.5368502735756896,0.6027612275592216,0.10217475480567303,0.09890513362672917
4,0.42475828292685,0.35756220728029137,0.6060609484826105,0.4544234219454661,0.5744384323522558,0.5278281904076584,0.09464284585394155,0.04696886562506152
5,0.4101922915268275,0.34898163209989363,0.5992795718718054,0.4661315471180209,0.4643806613206542,0.6669682990262013,0.2136087720534521,0.23124516159980582
6,0.37218413553622776,0.31711145295909715,0.4006610701735142,0.5918223569805693,0.4135501078862098,0.7048202650524436,0.07788261574576241,0.10399109795687717
7,0.3554698569560018,0.22050290091413605,0.6228013833991104,0.5658919922288667,0.4690056403262757,0.7134896448857555,0.1521126821482265,0.13766652178152539
8,0.44314364608753104,0.3977123273820313,0.4945468959444984,0.5454223968223624,0.49703863065250753,0.5739932272967867,0.13464838677579422,0.12011707565065002
9,0.2975614820944968,0.47119198213506996,0.5649729319813268,0.607752701728316,0.6118207891117319,0.6548198245122485,0.23884897299263508,0.0833770726100397
10,0.44158359579527406,0.2960559074407352,0.5299165138344648,0.5284211381357069,0.49343402642252543,0.59112629463591,0.13899846737700172,0.15022432169544855
11,0.4294136552218423,0.3172945272206253,0.40084912635246284,0.4904815893242591,0.41132778957592636,0.569711396606505,0.07248790211972117,0.02756668923699459
12,0.3018471326657122,0.41198963364365987,0.4527444849849214,0.556942965186297,0.6001869776217349,0.616781586723678,0.1604310708544927,0.19439672687131346
13,0.4252531396747168,0.41753369746588537,0.5849293021645953,0.5641894576843797,0.5820497694155624,0.5337011949160685,0.21216679960098012,0.1963868672404755
14,0.32412696345093317,0.36017677367404277,0.5550084964882914,0.4686164756398426,0.4110469600740385,0.6869458949399341,0.12939844806493778,0.06454566055069222
15,0.35898690190249705,0.28455773982605564,0.4462202850436564,0.5683970813330491,0.4612062015474263,0.6744788424532697,0.10426546428592481,0.1887856494021661
16,0.4293634046880934,0.3666467618699665,0.629377924351936,0.5679425507650101,0.6176798743699005,0.6462739267765107,0.14984853713999696,0.20054241081986895
17,0.4063261109468491,0.36302506255780925,0.5222482882019396,0.45042872946371304,0.5144208262147105,0.5691565772426482,0.14002879349001168,0.09247273635164581
18,0.22094258794165986,0.36305441889695633,0.6219730920014193,0.44347384826851427,0.4137203569506225,0.5875541942207717,0.1592621540164758,0.20812679662123984
19,0.2964196239598063,0.4624476634287512,0.48420684732217034,0.5229236202308222,0.40802825545814536,0.6141381284090142,0.14763919516677765,0.06990431079788273
20,0.44398441492572904,0.2688687307962372,0.47008254243950687,0.5182711311448446,0.46627765802680843,0.6798046019892836,0.19627477905977161,0.03006357756325042
21,0.24467729812436334,0.294735845118773,0.6239900864384322,0.45809061238703946,0.5486143705085391,0.7000300684744056,0.2038000634284809,0.08917120425034553
22,0.28699298112126825,0.4146639601299894,0.5163463531146748,0.47508729046824866,0.6107184520382735,0.5148269085110592,0.1527930428340487,0.12064743082207002
23,0.36447168604516506,0.44552530224673137,0.5707806558442574,0.5710148294974968,0.42476789800711084,0.5748714145226967,0.21297411913753272,0.16906271422150176
24,0.29017827115192796,0.44507890499709135,0.5810717674631434,0.5534409046317741,0.5300381782397587,0.6810644077848615,0.19387531518614043,0.06950610265236892
25,0.42897516963277155,0.4604131091202892,0.4533226689148551,0.48892372901149767,0.6199761541875097,0.6510142300701881,0.19414853722207406,0.21968781826653594
26,0.3019527330986891,0.3218609384591612,0.4827713065881124,0.446349100458987,0.5392849915554803,0.5572003234942623,0.07699534957785409,0.09441113648527849
27,0.3030276756567612,0.24361283497607056,0.5944002588804311,0.5128364057121487,0.511100753560103,0.5200433321021187,0.22370799869517186,0.07456488921123694
28,0.2519554100742083,0.43984324665329044,0.4197509854672319,0.5816340993112905,0.5177763174309828,0.6146979801508418,0.12134091229448349,0.03077474006891216
29,0.3203796629976575,0.4770200460103725,0.409812002796106,0.6530256347169412,0.41969266244467707,0.6832898793890712,0.06309238535569033,0.1393243055675396
30,0.4089680985132321,0.4217390490963366,0.40422544946681427,0.5201087139344337,0.6248850533856831,0.5730691587408621,0.1599484246590293,0.07126118825111535
31,0.42738753300384846,0.35100934693014246,0.4490558623706898,0.561807733238074,0.48615185234907,0.5293201719922085,0.1681956394306967,0.02234558897795832
32,0.45385806453072886,0.2263554276987432,0.42803590268967684,0.48249514668116095,0.5373831876498409,0.7347626790624104,0.12092502242493275,0.21485214355978768
33,0.2229578411056907,0.3521815779018184,0.4565586988178632,0.5198236960072262,0.6241793903253186,0.6277927208049975,0.22022433134056532,0.15458852138131216
34,0.32612136518192664,0.34091423598831294,0.4842655232875108,0.5147287054698099,0.5300886120621977,0.5422538478419324,0.06117553274795405,0.11343822655155866
35,0.3544996959186998,0.4135877500296287,0.4224677429979006,0.49431310619121743,0.5005362250997363,0.5850029081653179,0.20572977121306912,0.22402317926672702
36,0.3995710893799997,0.3977529703571083,0.39188214424408446,0.5990385080135521,0.39442680619348564,0.5754365807924666,0.051080119193334515,0.1525236264544702
37,0.3131447553232727,0.3802220240614612,0.4054378962066715,0.537415114003589,0.575019428859976,0.688415025101509,0.20533854871023105,0.1719374037748543
38,0.35433477976958516,0.46014573611959597,0.6314694055841172,0.6086644225797102,0.5042898503351231,0.6653970837524007,0.07150276303347691,0.16352589684872307
39,0.43177024330488634,0.27169571667439985,0.5155131894471837,0.5992217143463887,0.48663357219860015,0.7149228126118015,0.17750773805510894,0.036132223640264305
40,0.4096039618591204,0.35077809156909706,0.535599494917882,0.6471399246781153,0.4758809964637619,0.6859938255654179,0.16094932512132698,0.06081806689526524
41,0.39280426446937666,0.2709014593612874,0.41321213995639755,0.5387903659139115,0.5606742368175893,0.7226488038028176,0.13472192740625477,0.2294510353278372
42,0.37733240993224054,0.3739753878859071,0.5172602252160353,0.6139411439080924,0.6034504003166196,0.6405273567698601,0.05987829553128349,0.061136059128123
43,0.3239001094224032,0.34345446911456234,0.45685747456623305,0.45157759216564664,0.49696764933104565,0.6105065129579853,0.06103645266874517,0.24535524414307272
44,0.40989747544408583,0.2588051474111451,0.6051432060148265,0.6337230626080663,0.619068551924346,0.5771822847882495,0.1552064517821479,0.1822487318325639
45,0.8568659493004651,0.9586643485943123,0.9081277892224816,0.7931006091778613,0.24627788935869965,0.8854899847387792,0.5963020274980642,0.5703914950738517
46,0.9234540936718607,0.9100704936458606,0.8868911768465894,0.9491598296219196,0.04935609761901753,0.8112566381032744,0.5413767551479161,0.635983486369245
47,0.9514809143475861,0.8947069897073774,0.9401641484814032,0.9363627185650443,0.19872563814801003,0.8178491622080936,0.5586020302821262,0.5717229540557591
48,0.9395145451858554,0.8722688985946273,0.9578259072940467,0.9492258506845497,0.12917861437859163,0.8980221203942521,0.4382029284691951,0.6231574535351189
49,0.8432856408596457,0.908221010307623,0.8610076245455096,0.9133959079771843,0.08885796594782619,0.9629189528462277,0.5709334728605172,0.5643020935255396
50,0.9231702187354988,0.8503286618937893,0.8732441426376228,0.8631879426639325,0.07490276517458574,0.9082700522525802,0.5598407803043096,0.6499942836944036
51,0.8646107322456648,0.9687803011942911,0.8202612669476529,0.7928208184386418,0.14588586418939653,0.8399396199589498,0.45686018956515245,0.5698765364454774
52,0.9772110631601649,0.8861005715032203,0.8310949713778666,0.9038094122180749,0.13441730089531334,0.8459795685114506,0.5260183709065135,0.5343333285841148
53,0.9784737070601002,0.893500086956896,0.9361692745399031,0.9711080203720917,0.18194662992995383,0.8408239121845947,0.6001799095789505,0.49755959236696523
54,0.828677231298503,0.9015073959493036,0.9214375350881437,0.8440168861402539,0.128075680046328,0.9664317731147194,0.5602429750474487,0.47785575106933825
55,0.8272681381162221,0.8539284449209117,0.839252233571648,0.9780298731038217,0.12053957888389455,0.8892702312632974,0.6030161192848331,0.5879549766194796
56,0.8264425678103019,0.9273002264475394,0.8251956691954289,0.8842205079620321,0.14671341310897443,0.8056865263023131,0.6203664382479814,0.6139490553881177
57,0.8414181564962547,0.8503680433323917,0.8550226885826631,0.8814108283702189,0.20245360790696812,0.9419584940138929,0.6324953250466915,0.5641805812759633
58,0.8097095714699366,0.8935256356954385,0.9441947442077031,0.8941464822719988,0.266797887800419,0.8320927246672758,0.5675887840126721,0.5835766014530418
59,0.9252091986289015,0.8196028214546369,0.8705563983033836,0.8778628422724628,0.2775881346940784,0.805874565189088,0.45810485947151525,0.5574235601924639
60,0.8119004419793046,0.8895236661053059,0.9413461793780671,0.8423751301193514,0.11777685448424462,0.8882335816390714,0.43988408320651345,0.5147331741884222
61,0.9184910197282717,0.9123509522774836,0.9642834468383775,0.8411771872092259,0.20505918237489223,0.8880888235683067,0.5192975368940587,0.5197495216781857
62,0.8051916341084017,0.8432419937772977,0.9607098148173432,0.9315569912970632,0.277221425075426,0.9673795141305495,0.6005139851446373,0.5422926538121973
63,0.9714104851473453,0.8307894514736445,0.8659267744273631,0.907341492515695,0.08533896884758986,0.8990000941391315,0.5324835178049204,0.4918321874632956
64,0.8300497728512659,0.9655841103908359,0.7918031867616135,0.8575842576141957,0.09842929621739946,0.8359962994498875,0.5172628465739137,0.5729828881830019
65,0.837594428583161,0.8388740130039012,0.8319335011336699,0.8894049561353942,0.247548110474888,0.8304474875333688,0.537915649796514,0.6139845627006946
66,0.940928517230439,0.9137374961026594,0.9656526686580753,0.8289257808225842,0.10521755196761638,0.9278848043153197,0.6380118237508235,0.5486101206457253
67,0.8342265861306333,0.8223930560945877,0.8186035394194112,0.8429762938899279,0.173671095839608,0.9156965957212709,0.4948230523284006,0.5679059257089913
68,0.9462297848849653,0.843452517436057,0.8987500853209064,0.9404151257529596,0.21705897533449384,0.8654620232200643,0.4390383028838522,0.4915345203185982
69,0.8509533940985008,0.8087444879214882,0.8763207746556003,0.9471466804086085,0.11193145140649409,0.823062971689198,0.5187315192261653,0.4780189730589297
70,0.7852224717423647,0.8453665946811918,0.863301359108778,0.9279907843677465,0.21693657006267347,0.8117436121628101,0.4436963659129776,0.5033803836826658
71,0.9485760679518002,0.9224767490798778,0.8455536867272768,0.9246213529482926,0.15515027579695131,0.7944004898346405,0.4719825088137183,0.5630856202185407
72,0.9291244916171715,0.9553885035247015,0.9132854883659023,0.9244046286949833,0.11807988951025328,0.7775587899122548,0.6227555746700952,0.612351846512459
73,0.9649614359752561,0.8131661104650253,0.8403135640433075,0.8495379844627157,0.09590893858812614,0.9558864996014733,0.455396782136979,0.5100542927728234
74,0.972541759651266,0.8374966746679922,0.8338591386952712,0.8516263361982293,0.12694647323924058,0.9079764362370519,0.5871415901959312,0.5651451558296661
75,0.8535895959767364,0.8321313755939682,0.958945674596069,0.9686501929280672,0.2503851244104125,0.7890970606194168,0.5085113043008699,0.5580085230954978
76,0.8070244309749729,0.9032574754161747,0.8957533189352137,0.8626674096313178,0.25640850681932165,0.9383045915528588,0.5650730562304527,0.6138661281229153
77,0.9211221338827633,0.9118570740033488,0.9629802016531548,0.8728930369724898,0.15460707461384354,0.9580537545750675,0.46271844563386344,0.6065705008037952
78,0.9144692814774134,0.9281516943524669,0.8266780231120853,0.8069188983926917,0.13985260153893966,0.9241413384680945,0.4700777572187743,0.5129083046655221
79,0.9140375664510616,0.8518921306913867,0.9600451239020391,0.8798344300891504,0.21856201652561305,0.9289213785465137,0.5498950968542835,0.48793545269853433
80,0.8352863389729618,0.9127414027275043,0.8203299875566097,0.8631748374497655,0.2450194479722944,0.8922499645355126,0.4726546520328975,0.49382516119359454
81,0.9639818539896968,0.8894089517060328,0.8520617872395806,0.9441935154067337,0.2470842289906416,0.8511320658624165,0.5776103693574518,0.49080822684814457
82,0.8421961192715249,0.9437704945045408,0.9727395948315329,0.845978903695813,0.052663074407515116,0.9489406902124171,0.5577686110377629,0.5970995893221771
83,0.9146198736792548,0.9305218415268922,0.9314421552014421,0.9236726891450455,0.09460002072334264,0.9333536579107876,0.6159697693465129,0.5980924328753294
84,0.9469877316517874,0.9208612188502995,0.9667571791179161,0.8491121329736643,0.13989843966968468,0.8140057264506761,0.5139007472236603,0.5431704108909217
85,0.8233498135007915,0.9224255584426886,0.8771021539238318,0.8698822725489807,0.1242229813102795,0.8536317014921027,0.5110064541938346,0.6212589321251374
86,0.8413563161741242,0.8703703155988983,0.9096715320034593,0.92021063521304,0.19399365374147393,0.8842130462429083,0.4487488255355708,0.5464457522957765
87,0.9658478821773232,0.9284376241791128,0.8592663996666897,0.902829337605233,0.18745948716086658,0.8142144528236313,0.5491636060717304,0.6308377631519202
88,0.791189630035249,0.9495080565397138,0.9237133599138405,0.8094439562022342,0.19697284289436653,0.817367410546462,0.5889734504637343,0.6444132793481165
89,0.9501620915367939,0.8327224708846217,0.941049401134748,0.818364204606383,0.27354660616296356,0.8001283417445906,0.5642621791710287,0.5602801635076211
90,0.8202454949069246,0.8148843862507477,0.8723602979371111,0.9694618407897172,0.18184713332731417,0.8932622806703099,0.5379631743854013,0.644727514412567
91,0.7944445422691778,0.8782077184270667,0.7913675871584689,0.9642657977227771,0.1336425280093987,0.8979270665424629,0.44625847010442277,0.48735867974452984
92,0.8732415016524246,0.8082799564546863,0.8848874535977753,0.8975435551084335,0.061776368881733754,0.8541279178891183,0.49266009952130496,0.6097121668750749
93,0.527436021775827,0.54420577930071,0.21481978128588097,0.16168157300752004,0.7963228599316164,0.13992131458105936,0.8316312247830604,0.8156940311115747
94,0.5463668525085512,0.5033807653889137,0.23477059583254534,0.09063970328539174,0.8860643090773619,0.10259462461606457,0.952530107786798,0.6974155894752128
95,0.5197773794408532,0.584723645991116,0.06340947432644765,0.12363192639617983,0.7558586840955903,0.19626182047225363,0.8178330360717098,0.8000886832034615
96,0.5817650912011318,0.407009973263289,0.15265582283007362,0.20030574717943075,0.7629679452646276,0.1243099411087739,0.8172556575678938,0.8091112399115776
97,0.567633918507422,0.4826174673363011,0.21777905476825693,0.061194112581289095,0.9360715541378523,0.19913700326757577,0.8857796830626999,0.6968798153817971
98,0.4877275310188137,0.5447585411961022,0.09155424264837153,0.197665699499038,0.9400299743464755,0.06892185730672827,0.7896825952067936,0.697661363149898
99,0.47653382803024547,0.3929462452006836,0.12380680422614479,0.17797779169754321,0.8544428145525007,0.10450019739864107,0.8866548957982238,0.7474745753936365
100,0.5256151018218492,0.49048037597207117,0.1084300378975996,0.17000663733838792,0.9108067282758673,0.2528356293022644,0.8507920652617356,0.7877058882436361
101,0.5603944571090982,0.38432067802473147,0.16240233790141945,0.2404376482188328,0.8081150585775464,0.119586498212183,0.811332481080368,0.6914165213016804
102,0.5422858276458297,0.5613954280551369,0.19846720385275513,0.15466946120941902,0.9630271879791831,0.18343538207514887,0.8496919354490747,0.7930517153578833
103,0.5737362114852841,0.5252904988130204,0.24978089856929944,0.23936852857741125,0.7557850111941486,0.14937651205371527,0.8300714003448074,0.8581248166039324
104,0.5662214285292643,0.5400962514624501,0.22720375532505818,0.24343348303132473,0.7985253829301177,0.24936087613626756,0.8033046315771565,0.8091830898447087
105,0.5818935714065535,0.48624163961759487,0.28817616825253006,0.22500212771574907,0.9339952309359222,0.12540329483232965,0.7645269589801293,0.7420869094054775
106,0.5152581871548298,0.5485469362494675,0.055719476351724674,0.09410360305323288,0.8783532965688452,0.18720080786098314,0.916105174510087,0.7093956721832269
107,0.5763693447639672,0.3806631418432483,0.06586397053873809,0.07879839118866316,0.7897924605573755,0.039119508786854114,0.9072215411661307,0.6977593088980661
108,0.5896914396102771,0.49545925471900626,0.11090557143141593,0.07550789176581581,0.874281873085979,0.09585588212234905,0.8713825469371633,0.8381215127746477
109,0.5190961199608334,0.5532258178946391,0.11336509247811788,0.060781656141090205,0.8383384006816561,0.08060930084033323,0.8497989603950044,0.8193673203820694
110,0.5817627938107149,0.4939392657012772,0.2318622209481453,0.09631084203109214,0.7949775811266007,0.19567019326187046,0.8311279543765429,0.8325340812883109
111,0.5134307734530172,0.5086528778202943,0.2560249261184551,0.13399984584582075,0.8066749154967069,0.07318133651464186,0.8658805863358907,0.7607428817553009
112,0.5133093948075054,0.40493176619043014,0.26877006248489416,0.10305072162821464,0.8468310798684817,0.14507226323712946,0.8166443674976643,0.726271955304472
113,0.552891156187794,0.5717513778406013,0.0714857329948434,0.1355422345632028,0.7921780882448521,0.1999391216332562,0.8772462731370182,0.8501437008656485
114,0.5408407900902299,0.5366737946256526,0.15017442733913866,0.12151637494896553,0.804876135823769,0.2131619689505615,0.7768269566192415,0.6896480853998084
115,0.519464296607279,0.47414789556061643,0.19928084616700364,0.19866060240799052,0.8080058596477093,0.04227805447727878,0.9309634668652511,0.7075121434581961
116,0.4944745135648133,0.37709341099068705,0.28066439967017576,0.10539078740592997,0.8580332032238799,0.18300748693520114,0.8049656622679808,0.7693303020190596
117,0.558891331072993,0.5582022029639928,0.056120983338019084,0.20908517964763942,0.8712904134811704,0.22473974281216194,0.9228630144031367,0.8456683897867998
118,0.5267507403120228,0.4770108232587275,0.1340989212506322,0.22195058659978278,0.7759317675134214,0.16144688790198974,0.8265465663877593,0.8794258094645657
119,0.5446225575327205,0.38066572891976164,0.061560994231115496,0.11978003926799821,0.84183765405786,0.11816632066832368,0.90409010257736,0.7258642169399391
120,0.5342345541238805,0.44745295568296395,0.24489155128471002,0.2112641924418166,0.9360051441318769,0.13822851331626307,0.8402409761514963,0.8557329699693714
121,0.5759316180421907,0.5653384386835931,0.1556809718365409,0.06282521708597637,0.7777569456596412,0.06692170799121498,0.8325801799998233,0.769616465044541
122,0.5507160891281337,0.40834685462987835,0.28021535109767437,0.1411407292314155,0.8978430421138254,0.11119824348199936,0.9194444980970562,0.7008966052383808
123,0.5160259126130908,0.554927371093945,0.15603640454235934,0.18262954895039007,0.9318892154202821,0.10458000859602162,0.845723389654212,0.7855768299704615
124,0.5501686673818549,0.46995520730186086,0.1886820083807694,0.1545803750229096,0.8464146264310969,0.17962980500962167,0.8260628727914455,0.7044494592531566
125,0.5608916970309906,0.587591573818054,0.22405440612909364,0.11448848370346443,0.8408855434957893,0.18191558101685143,0.9684474994704523,0.6944517818161734
126,0.5658135554039679,0.5179490174699921,0.1186312236074644,0.21262421670282483,0.8099687665408695,0.20227698725390186,0.8148022204609834,0.7387443747385065
127,0.5521416818987404,0.4119998389529045,0.28475767446887157,0.12104395973460941,0.8466784648266316,0.05085614361464447,0.9617969888020652,0.8821907541820068
128,0.5720726251653587,0.5845214049569918,0.2277247361365065,0.17468209189879583,0.8653809975433583,0.13835723301959452,0.9523069270960842,0.7206204117388991
129,0.5883790191976154,0.5696206315015441,0.05771950173817862,0.07968611757094103,0.7733751234139833,0.21139422157110196,0.887987904507266,0.7660739365852893
130,0.5561693746024876,0.40131415912026713,0.28652912696941046,0.2017145383076445,0.8024578579482783,0.056025740855678005,0.8076978276230585,0.8506016443953135
131,0.5457175635636198,0.4447778443938708,0.15390721259459678,0.09823698698224535,0.8933091883541228,0.12803724238425546,0.864317727424628,0.8648906758423196
132,0.48745199063806793,0.5744095247419091,0.14932864457556738,0.2357457022014202,0.888960775264061,0.10598252230151892,0.7828426691235405,0.8622287926377481
133,0.5826928556170191,0.5347653211944765,0.25391638263376837,0.09345145120676376,0.9321019909530469,0.19403945311440365,0.8542799429185151,0.7384437277761926
134,0.5079031467714464,0.5400387990532993,0.23615824422614487,0.06796389760115054,0.8860336536070383,0.14346914575100292,0.811518922905985,0.7303143253459332
135,0.4865245299595111,0.5148196340498241,0.24709458069174378,0.216865841824109,0.8189145481309458,0.20864793101944873,0.8234238065038316,0.7541570792847887
136,0.5557635407284978,0.535086840373936,0.07260451033363108,0.2147595311300039,0.8853111661448662,0.228974518312478,0.8507407436154486,0.8022407737163135
137,0.5285199394437726,0.4003593256176475,0.13553621580685027,0.20987444475235958,0.8126160043707409,0.0469787670327057,0.8070928482092161,0.7404651262395304
138,0.5527380251899745,0.3762245922012224,0.240467028225744,0.11163410633994741,0.9403697713337063,0.04079707992311597,0.7931579046524345,0.8515655017249918
139,0.5869154507169373,0.5508494487033831,0.2377341368504007,0.23470756548263388,0.8368460268433225,0.20237730750108732,0.8428184619937439,0.8827862330339664
140,0.5441916714938997,0.47385299810346204,0.18782658636984248,0.2114145624640421,0.862159268339536,0.21996585315963313,0.869330909088897,0.699922565880969
141,0.4842250389846549,0.4840149267869779,0.21606475203145128,0.1218238209249199,0.8446526857564819,0.1599293966917124,0.9197091589155544,0.7190587968341886
142,0.5564689002058241,0.4783559637675497,0.06859417284428464,0.1440249794546323,0.9457204501190486,0.18215359672811623,0.7907608754357097,0.7396654813121423
143,0.41687033544944707,0.19591085413847653,0.4502093021604715,0.0034507533066586715,0.48638693894006035,0.17382652221710126,0.7829058338746512,0.12040234837275021
144,0.47364464929988415,0.26987134804672375,0.5830863599507772,0.530816380425819,0.06559249410875401,0.6220772566536487,0.7016296655983458,0.7252173584539153
145,0.5456879532584692,0.07401298142270996,0.4856927989330323,0.8030821459055235,0.5023719309855275,0.6115830548901549,0.20574381172911593,0.9945138547110836
146,0.714757483022884,0.14316922989747982,0.5726441832560957,0.3186331394111134,0.05329678900801793,0.2784392217046895,0.7125749729708104,0.9551664758238564
147,0.5626417400911174,0.12291828593034215,0.40426557413403286,0.4455990137117688,0.5698822109286618,0.37083291461903733,0.10287910338834272,0.26517930709369353
148,0.547822012398685,0.5044011317834739,0.051970368651920396,0.04968585944151993,0.7858584166807022,0.1544860688126244,0.0084012945832167,0.08417977581594527
149,0.6390324757200557,0.3436307395691923,0.9386336899123412,0.1583230747634452,0.45381856916506524,0.21591810148115598,0.27070835036186236,0.2989959716293351
150,0.049855552388554214,0.5245905852671305,0.6941772861434269,0.12731377026936364,0.7000488703140373,0.9201726665235967,0.8595589789722932,0.6079594792789254
151,0.9444191188764481,0.7942213972388377,0.6555160486165331,0.7628406182974471,0.7743206828248134,0.022230413131873017,0.0034650236226049236,0.8708163762318435
152,0.6819451546342866,0.8715112252697369,0.36252561360360824,0.40073225813476454,0.7142840959970989,0.3707273385382551,0.724211172943218,0.9823599149764742
153,0.8361865651597812,0.920334638428293,0.3606905665729133,0.015759174525042607,0.010701807078918768,0.8557626778875522,0.8018573853349114,0.5315376395063931
154,0.30517262755240915,0.3974286694010877,0.5718403470257978,0.8812486923283257,0.9389637322997525,0.8038314148175764,0.16468645488493716,0.4204922141080769
155,0.2274804349276589,0.6980446042546146,0.20856700537534056,0.2829913103583279,0.13959155949289126,0.3265587724213892,0.3495177471321236,0.9526105260128526
156,0.13938724269283542,0.45895121403435424,0.23274973010943933,0.4019579982832022,0.6454594423241261,0.8055205158111186,0.3251485128367714,0.3668768539076859
157,0.9878112541135368,0.8153146147247962,0.0029612818008699637,0.43111457611633996,0.4164309782454946,0.4040859282959899,0.7280027344692184,0.07169620677258037
158,0.8788325993908602,0.3326861166499584,0.1664149245480282,0.3789361420098253,0.8626927009215396,0.02824923849739336,0.4915259956841117,0.24884571286276091
159,0.2040827212979568,0.14381378540858925,0.8250263634532491,0.5547117354031273,0.0269971773101646,0.06738706068176958,0.9475641367726128,0.07738796119132163
160,0.4322699389826926,0.15123244905457756,0.21007989078916767,0.5540304249205563,0.6959853182427848,0.12591013919069693,0.02299706250917244,0.05499976952056762
161,0.06815781849327884,0.3767955328456378,0.6649936432210236,0.5024107861278347,0.4389708939314587,0.45640731393887835,0.2660237851582309,0.9656672685940353
162,0.4801277558303385,0.6133456170615095,0.6966184125223085,0.865919602420075,0.8541959578219309,0.28707459153269566,0.9255296809991889,0.8039139638124869
163,0.9831910238235452,0.8032144218075458,0.7260667534031259,0.5863445459103913,0.17992662237657353,0.004262794420217708,0.67937653077585,0.5738470439300427
164,0.6367618767254594,0.4872644609049366,0.9391760617970223,0.22847615358079276,0.686864690792015,0.4482768787716299,0.9237360453095885,0.23583105592292286
165,0.6333021782316445,0.3284429170648365,0.7741818483495102,0.09528868630674547,0.630372452005554,0.10268772381293623,0.01337176187563649,0.34936823783849924
166,0.012170296138227732,0.5227069676800925,0.1680017260373502,0.7055189245417364,0.9225871087892208,0.39585934327325656,0.4848377190975931,0.10630965463567266
167,0.44384980030285104,0.5661731993415633,0.5422236926678433,0.531789114360533,0.9370722097247223,0.5018402607663802,0.48407980810102624,0.2942748432737101
168,0.3151364427423291,0.7885497120257201,0.3117735957063318,0.21133740393949163,0.053169513331690954,0.4029348311635348,0.530707598815238,0.38231822784979297
169,0.29230482132025715,0.8457904066841256,0.18061419758697805,0.874758542748163,0.7769469983748211,0.01657757904028534,0.5767455491274799,0.3979471443933137
170,0.9000629870171569,0.9614643898254612,0.579403027006975,0.6800632464829635,0.10594184057078426,0.5757212823325738,0.729231815812703,0.8648589866531818
171,0.9978812462619192,0.4892590785270249,0.9500348437477361,0.6635323334500387,0.9051044885850146,0.4278582857455092,0.9061088858670434,0.7402897584930236
172,0.7946189019742126,0.5856770968293342,0.047830286148013657,0.5178483278479349,0.21021359995509714,0.6823073857437552,0.23872146400998395,0.2927416022234107
173,0.022624885962371777,0.5990647731926964,0.3516064853835412,0.6050783859657548,0.9373326528315765,0.28185225866426233,0.04849356518709036,0.32774823255207763
174,0.3572957995256091,0.5135494966604088,0.2922174095572708,0.8542966201439217,0.6051638204558059,0.3413891454114597,0.5585271630339355,0.6526168091031338
175,0.7241973446370991,0.7048206483390168,0.21344641389965047,0.5364306554446217,0.8986972726901249,0.73052036906025,0.4976211095938019,0.5810830211423866
176,0.7962178991199962,0.4069876419140255,0.48082568583194407,0.5587282158308392,0.4080000679057464,0.19636975227407472,0.9507190641605839,0.14195707250736267
177,0.19334484994722212,0.9847285862130646,0.6316013259643923,0.5085628475291393,0.7323008769604724,0.5838730493524511,0.10420958654462231,0.39571139015730494
178,0.9668635913944024,0.4450236026363229,0.5995006304387627,0.4882919291129627,0.8061647613179401,0.1822591135058368,0.492670272873301,0.2435922951995565
179,0.23486323873761072,0.9062468619514206,0.28248272292044097,0.09056437844344234,0.23802146137203573,0.3919628839815582,0.9665076432596968,0.4647024547741858
180,0.1811496739938493,0.9356684211089024,0.4499527903330215,0.9349774376546399,0.23950115110309,0.502990714878745,0.7152212426656298,0.490056234816332
181,0.9732379920047273,0.21825669597216668,0.3708084983482002,0.5844757516997684,0.09800399173828056,0.008169819560013836,0.48815425833306136,0.41637720726838623
182,0.8686392037923917,0.8908103049927739,0.4899321849539935,0.5741219986536773,0.3720299675350369,0.22216280799543453,0.5080357422320327,0.36888249550724217
183,0.21215147214917984,0.4280580799477346,0.1924959545717534,0.06746313163273021,0.5573022408895848,0.6468799945591741,0.5949361283992061,0.5512419019256921
184,0.888127759510316,0.3901636317980264,0.23807578391792794,0.36560145680228706,0.13336733217798102,0.8810024408924899,0.3306347423595434,0.16973940850656777
185,0.39543783408216127,0.5671075297769987,0.01990685004807502,0.180762175113653,0.5434656746341651,0.7087484437861926,0.177548992413869,0.04811534425888797
186,0.7908257713414307,0.6608177321604329,0.9659213659729066,0.18870158951106053,0.1425043979804408,0.6968657564104405,0.06789217492836286,0.4526688479946791
187,0.4161784145034809,0.9991054189230204,0.2543828375244638,0.5212262991954879,0.12276161625708815,0.45400692251469266,0.1183973892170167,0.3813702881245685
188,0.971705108797027,0.7376744839181402,0.4367096889105212,0.5114766909907237,0.35795192057098957,0.2702716191224618,0.19159447912962513,0.8535789588660639
189,0.7264449557282912,0.7655458944473418,0.7383236794624026,0.7842259065827993,0.06346782777453897,0.13548546933312544,0.5724521316904273,0.9878887734697981
190,0.1408504368996265,0.6800071753913443,0.045647629230267106,0.004627266618930981,0.665048657311856,0.39788723802315595,0.3297335753308639,0.5965401725019728
191,0.10431523202250825,0.9629759190490428,0.9294756489097421,0.3945401907160764,0.2842438882731553,0.21304535350939413,0.9515162856528026,0.5344542050540585
192,0.02001907377440415,0.011652597438472356,0.467910915335049,0.7486116213139127,0.29107597321998746,0.31574142180728104,0.26287038953893516,0.8884844710352893
193,0.9444336653135322,0.5719188371319662,0.6700527043309262,0.9488611053951714,0.24958892299852176,0.3429787106878861,0.6448414926878997,0.2578120882916375
194,0.37985128329973394,0.06622287576314889,0.7555841139993951,0.9815069069626345,0.7998781043718212,0.1970512235329317,0.638149540425411,0.194862863327957
195,0.22641760127180743,0.13177204295754796,0.34238491813630145,0.09931972045401383,0.09204926455430362,0.6307485060715743,0.37442750010329673,0.02759881370806172
196,0.1297047711120124,0.5715740790411775,0.24785036781968706,0.26534530992606764,0.9687477658321328,0.9213579484008594,0.9579688174184826,0.6770624674081528
197,0.07029687188963929,0.5041818570427439,0.8036672988953902,0.5173978358242317,0.8150009665952108,0.1424813804638737,0.09869209244758692,0.9669572418243197
198,0.9449482354975312,0.2451053218802245,0.003061428484356976,0.4721843842481581,0.9908126089490293,0.3882495875568234,0.3191336388814491,0.08442701826396704
199,0.46402024366251415,0.46775390740864753,0.10089208029073626,0.792678463736771,0.29897632835269594,0.45726529885939793,0.0523047829045159,0.5602516624834287
200,0.04640498024943929,0.6169146356271984,0.13797391546490612,0.21056463699531436,0.21608986342054815,0.04499137270589304,0.8724100166743043,0.48419804709845893
201,0.8145947189013961,0.020917964772979136,0.25213054287791703,0.8077227301226468,0.702732663932657,0.5040544759021723,0.24225100867557592,0.2883052460052735
202,0.054777335883383294,0.30316862681079804,0.207686254147733,0.7214286059184475,0.47442832254846223,0.8612184419583024,0.4802064727304721,0.05835533082061006
203,0.16699301033068126,0.47190300817554554,0.4640599414127353,0.5711587060528387,0.9373015037866499,0.5374765852935247,0.05067231131258987,0.5185843983354567
204,0.04122038028885988,0.6471284612562265,0.8970371476634205,0.003810590416729487,0.9850161772630506,0.9469063733729041,0.7757652825403891,0.052066768941589237
205,0.5045486878164132,0.8027870818475643,0.8631994251029619,0.23368792954156048,0.1824590018566865,0.6678304611830151,0.45437599839981413,0.9034379187338238
206,0.8363076131527404,0.9881299357410983,0.9659373235999552,0.009071159963041198,0.9119170194479135,0.056698860340560264,0.9904559984650222,0.9072686964282055
207,0.5077580546569955,0.4992867889747664,0.9280496756244601,0.11962822748176594,0.4113997023833815,0.2519388073029395,0.33041505996337794,0.11968809784533418
208,0.5866066428588277,0.8455669337257018,0.8209349578983737,0.33318310469647183,0.8757401588256815,0.7420322917546347,0.0018883040053115918,0.8179195707012067
209,0.5374496398687011,0.3332891040645446,0.3026654357961909,0.9089225254974994,0.8574787432780292,0.8812887469705944,0.8387185494583269,0.8365092193148423
210,0.3447480540078436,0.37983684371051807,0.8250191524621122,0.4952396743012837,0.671222559836018,0.24317376874719154,0.06557452784944917,0.8899612060411092
211,0.7210179884119067,0.21817330323063677,0.9837032393425472,0.44597857040571276,0.578937025182487,0.9581832762141318,0.5589446711908792,0.1976875393967097
212,0.9196397974149243,0.5576556933711946,0.6371287424198607,0.8132428014706969,0.20298473608617185,0.9002282973650749,0.3933773442882359,0.846365064463611
213,0.6703246987440121,0.6779187702863559,0.1403695226329834,0.14261289315330739,0.30139230176102705,0.5437015747284539,0.9026955950745696,0.4242302568345202
214,0.21339185279987516,0.2756466113481807,0.45006151207354683,0.16224905572957382,0.26143812525557864,0.9024429177165016,0.9151984212251686,0.6813441988819218
215,0.12604740197688158,0.08316586839666329,0.14077008215267472,0.2087347446649056,0.6070432651399517,0.4855024249629174,0.9577660308693615,0.9122008300393569
216,0.13623502112143826,0.1322812246894578,0.006607106581044464,0.7526473975714884,0.3828030155571922,0.288934780603459,0.2541558966899906,0.8115072082204697
217,0.3004346716234332,0.2172362356765002,0.012874277748079588,0.3778192379051707,0.12309496701934086,0.8094163381942289,0.8726087640969742,0.15004840387712604
218,0.86653371322773,0.7608687345752102,0.08301074720543977,0.11587633321902602,0.22711197360767665,0.9146182223728054,0.7233326338781229,0.3971772853547084
219,0.7389509991105072,0.0021978392729100626,0.31072797496750115,0.8019139021501637,0.48459768000265835,0.08498662952919955,0.8217292089395419,0.09414030649069272
220,0.5468179930595333,0.4002215151155809,0.678698522893701,0.9900491166879856,0.8622086426401695,0.4590468805827521,0.34316152665280375,0.4941784308760283
221,0.5171498323662679,0.10207214191322422,0.6368717562723153,0.04574780536525214,0.6190513408685377,0.3783985037995603,0.5619340247527311,0.20839559752090575
222,0.45613547533980836,0.26789039018694627,0.21206661307942176,0.9081589380918256,0.14702345229863545,0.7926919876798324,0.8273695586376764,0.2531121370125582
223,0.6738938474318945,0.34304774218189127,0.2934674882495292,0.7999466624732803,0.9477393197444194,0.4914586996538878,0.2915399147526826,0.034671872049632624
224,0.6421124155488337,0.9745878322795526,0.44268754382957076,0.2968190003370732,0.2913531727146834,0.13754180252943005,0.8024840135968105,0.2956421947334791
225,0.11297897298041204,0.3680316755759515,0.3038507266720125,0.013499332026831401,0.81341854627149,0.285467216792758,0.546718071903533,0.9588261555926839
226,0.941703892594724,0.6668615341145074,0.7972762826504146,0.4745203748506449,0.25015498314034657,0.43265107236257005,0.3371875368003382,0.779832164267842
227,0.20515998635800425,0.04710562694346665,0.4226801629189626,0.5852012660586665,0.23293865452044737,0.9150851923838461,0.9386413958934536,0.27021908037350983
228,0.16712081333952378,0.375627094999466,0.025068791659015766,0.4164527451127481,0.1467770162543286,0.3093366706632159,0.05489503549279395,0.21152014126045937
229,0.9300028946600425,0.9716570450708215,0.4992421510105305,0.7881660611227234,0.6094374849774615,0.988913012938047,0.7701825353280829,0.8800605022316571
230,0.022884163195131313,0.5763252826654661,0.23090472383033145,0.7399414456915477,0.5610002277865584,0.7171800081560491,0.5930410112764285,0.28657972262041
231,0.31599802370230956,0.8964416248451262,0.3906111280364907,0.9816275111526637,0.5104440543958887,0.8478271529269162,0.7303690334092041,0.3197200269633139
232,0.4820402561853574,0.7058679360337922,0.9924054593158398,0.41305196693343693,0.5542997680017298,0.8460489182857245,0.128564268416972,0.5583337305003143
233,0.887689926141967,0.4920534911560359,0.45820745152030373,0.40675134568586313,0.979613037591452,0.9546951231293389,0.5980511421440109,0.24039526659385935
234,0.9555609215895727,0.13393588916517418,0.45045886978990823,0.9420588333457679,0.41701195907110933,0.8393168220672063,0.7994315407407656,0.44211953724183584
235,0.7955633804850559,0.914797959185473,0.8949064317429737,0.5002636921875908,0.0706440608763379,0.5435255005105867,0.9833186919086248,0.38991382717639333
236,0.6007683491992735,0.23147572870807187,0.5371426674007906,0.6350635959731263,0.6314045956006036,0.3707769648312367,0.5708568792014805,0.499931260907859
237,0.789048131582917,0.8794789458342865,0.7954289100326928,0.9892371061619579,0.6075552064843162,0.23417410872545918,0.7767780520972208,0.4636370007867727
238,0.6347983515155213,0.925415087971191,0.2677504880694649,0.2434876047008091,0.662908058323564,0.3969951542101666,0.8918744122450207,0.4251956238272435
239,0.4618684925747234,0.4739462043884495,0.028606377263575733,0.36582683977042496,0.33686153129352014,0.910298678273511,0.9841580554539954,0.780255225312782
240,0.04081933755032552,0.7618148399285447,0.7473579166667546,0.26549937691835557,0.2715104133154922,0.9357135903379925,0.09846032126039406,0.0822054524997855
241,0.5342948293522053,0.4263428866854614,0.8277073209142801,0.2612262014857972,0.1609552570801599,0.24134241936455691,0.7087714551822287,0.08866075933006023
242,0.7117398215934527,0.6341554604298382,0.02914057314755203,0.2613273298328197,0.8197174470329299,0.15022699573424203,0.1944531224110213,0.08579601126870617
243,0.8865040707389772,0.9239217893939564,0.26890613104325034,0.8383323811284521,0.560323607365395,0.3400639104984301,0.05965028093581004,0.09112523897645164
244,0.8928836595417026,0.16159931452927934,0.5913143011191228,0.1261466814994171,0.9263148909770303,0.13335022635862703,0.3976889906373787,0.05188852096308205
245,0.68470112224172,0.08625545589137129,0.8458671519752742,0.9629383652571465,0.42302244152058677,0.04977415599999169,0.9518683521809231,0.2958909099766227
246,0.9266261007650668,0.24438678298614946,0.18011577180696858,0.7287265194130322,0.050862191209643526,0.8297505449950163,0.7082799229888204,0.9540480936537254
247,0.07599581678148126,0.46896763573047295,0.5111253002909327,0.4696667849615387,0.6165272605829075,0.6923749857475694,0.011447500088135554,0.367326347280555
248,0.32392885597847343,0.678645881754055,0.38381494354687595,0.13082028884246732,0.6074299784968613,0.46222552080202306,0.03666731207188034,0.20884506588731422
249,0.4139952226532688,0.3732127652961915,0.38641451269141125,0.9529397376379442,0.8388079501101658,0.050022810081459035,0.8747326195731349,0.20544660084845234
250,0.2863810503973959,0.30757965567179624,0.17160568026904477,0.6215434363560116,0.8032360430471964,0.5392877275557518,0.9344573592188917,0.7353247284363985
251,0.9250125377365028,0.570590064396001,0.8413984067202138,0.8422624139569534,0.666946954213527,0.24840375356463473,0.9962511436225993,0.9934211202323144
252,0.06465351154284926,0.025125916873940835,0.943739163664313,0.5414945402422187,0.024821097021194283,0.12461677744628485,0.280193191759355,0.42116587760186475
253,0.7606854698897715,0.3356999511654759,0.5035892131952917,0.987837620973461,0.6431949992240744,0.7349532570786925,0.9555109591545597,0.5393895730439526
254,0.1927521198464387,0.8647680828243595,0.4159567553779764,0.7325558662771687,0.588153575228517,0.10312666641287227,0.979862434619342,0.1381493852335992
255,0.8982437353129635,0.37494955427010346,0.6449184356021069,0.02550101957801476,0.5760075276605168,0.9557739123268538,0.12822516660533012,0.4982936131183605
256,0.30027013224293975,0.3113460428059711,7.752289269247203E-4,0.9711940485848163,0.5071001328321516,0.9462684573023463,0.708435492865247,0.718498113021169
257,0.7518899200833259,0.5194390211786419,0.14889681116645626,0.6132739476196526,0.628934970815637,0.7135028519920563,0.29799633357783095,0.7844573768493737
258,0.13578219806099667,0.10673099448421253,0.6772373075604993,0.8563361688681729,0.48520828039452746,0.1765646011202382,0.32005168372421866,0.4957460517326241
259,0.3206152387493162,0.5338794790772651,0.20613622731513248,0.45519869295646953,0.880471992095152,0.6960894366759907,0.308087201988429,0.42338270296743385
260,0.7830068515335897,0.9984696432671457,0.6642453431336558,0.8988099074328709,0.10751098867077669,0.7771968602620972,0.9322205464864748,0.07143088526083752
261,0.4077364330104627,0.40770313635902833,0.02790200725473957,0.33690195445003923,0.785961399164484,0.7926232748940849,0.5577119685973673,0.6918603744251773
262,0.10742881426428985,0.7494799150132002,0.36355525300220937,0.4598220558732874,0.6014920601548499,0.0588165127481326,8.112798697876844E-4,0.6625879779973124
263,0.8596141106576064,0.3171467107517594,0.17313855302316872,0.19250155667240687,0.7968704968845179,0.6243824641420871,0.042091578344911174,0.06235721000241634
264,0.9153817554365494,0.010224470232726657,0.9280533977339155,0.31354800969024976,0.08948626386678649,0.5578055587255869,0.3705143900915123,0.5633872488588905
265,0.8551233469219813,0.5595653892221482,0.7230107053806372,0.2706327961806577,0.4973149543461425,0.11266371000277409,0.6197435538500707,0.807166237041964
266,0.4614349500696774,0.4042582806517734,0.6783284402607968,0.9567779913526037,0.8992925486838738,0.9263161020168963,0.24835404547222273,0.09405651245710145
267,0.26884492359044476,0.09813752390518649,0.1304979176822626,0.5507480001912067,0.2223230757538247,0.8533383308302395,0.3041576341923108,0.18957303762289068
268,0.015218049760715169,0.023524272530145995,0.25316719671737653,0.9905048179503085,0.8069420865181358,0.21599178744213732,0.009809189092174542,0.6663571651780803
269,0.7806078361851757,0.5541440997733493,0.4461623116989145,0.727289691287739,0.7123643676565182,0.8732126462609453,0.05081092958874356,0.7359909408077553
270,0.548095729293869,0.9292655216412528,0.4829549720645667,0.47875553034398977,0.5172987501128241,0.6389049161900661,0.4278904864211085,0.8503296362436119
271,0.2285413813766669,0.1359732362777044,0.053208013616844685,0.8923302141746897,0.9350857443144008,0.8850380746190593,0.8156854888196005,0.8604727245863244