"cluster","id","d1","d4","d5","d2","d3"
1,1,0.550561797752809,0.216494845360825,0.353535353535354,0.154761904761905,0.636363636363636
1,2,0.0786516853932584,0.329896907216495,0.444444444444444,0.285714285714286,0.613636363636364
1,3,0.629213483146068,0.350515463917526,0.464646464646465,0.285714285714286,0.556818181818182
1,4,0.662921348314607,0.43298969072165,0.363636363636364,0.392857142857143,0.590909090909091
1,5,0.258426966292135,0.22680412371134,0.353535353535354,0.19047619047619,0.625
1,6,0.752808988764045,0.360824742268041,0.464646464646465,0.273809523809524,0.409090909090909
1,7,0.325842696629214,0.206185567010309,0.343434343434343,0.142857142857143,0.5
1,8,0.235955056179775,0.257731958762887,0.393939393939394,0.214285714285714,0.579545454545455
1,9,0.224719101123596,0.494845360824742,0.575757575757576,0.333333333333333,0.522727272727273
1,10,0.471910112359551,0.154639175257732,0.303030303030303,0.285714285714286,0.636363636363636
1,11,0.471910112359551,0.247422680412371,0.373737373737374,0.0952380952380952,0.647727272727273
1,12,0.280898876404494,0.144329896907217,0.292929292929293,0.380952380952381,0.5
1,13,0.438202247191011,0.216494845360825,0.353535353535354,0.19047619047619,0.522727272727273
1,14,0.573033707865169,0.298969072164949,0.353535353535354,0.404761904761905,0.522727272727273
1,15,0.247191011235955,0.134020618556701,0.282828282828283,0.321428571428571,0.545454545454546
1,16,0.280898876404494,0.422680412371134,0.525252525252525,0.285714285714286,0.522727272727273
1,17,0.382022471910112,0.216494845360825,0.353535353535354,0.345238095238095,0.431818181818182
1,18,0.49438202247191,0.505154639175258,0.585858585858586,0.130952380952381,0.625
1,19,0.258426966292135,0.257731958762887,0.383838383838384,0.285714285714286,0.443181818181818
1,20,0.460674157303371,0.185567010309278,0.323232323232323,0.488095238095238,0.443181818181818
1,21,0.449438202247191,0.195876288659794,0,0.345238095238095,0.431818181818182
1,22,0.348314606741573,0.0206185567010309,0.141414141414141,0.0833333333333334,0.829545454545455
1,23,0.573033707865169,0.319587628865979,0.434343434343434,0.452380952380952,0.465909090909091
1,24,0.337078651685393,0.0824742268041237,0.232323232323232,0,0.636363636363636
1,25,0.404494382022472,0.195876288659794,0.232323232323232,0.273809523809524,0.545454545454546
1,26,0.325842696629214,0.422680412371134,0.525252525252525,0.25,0.545454545454546
1,27,0.280898876404494,0.309278350515464,0.424242424242424,0.285714285714286,0.534090909090909
1,28,0.235955056179775,0.298969072164949,0.414141414141414,0.416666666666667,0.568181818181818
1,29,0.48314606741573,0.329896907216495,0.444444444444444,0.25,0.602272727272727
1,30,0.48314606741573,0.288659793814433,0.414141414141414,0.273809523809524,0.534090909090909
1,31,0.595505617977528,0.237113402061856,0.363636363636364,0.261904761904762,0.5
1,32,0.382022471910112,0.329896907216495,0.444444444444444,0.202380952380952,0.431818181818182
1,33,0.629213483146068,0.350515463917526,0.464646464646465,0.416666666666667,0.386363636363636
1,34,0.449438202247191,0.329896907216495,0.444444444444444,0.154761904761905,0.477272727272727
1,35,0.269662921348315,0.164948453608247,0.313131313131313,0.226190476190476,0.352272727272727
1,36,0.404494382022472,0.360824742268041,0.464646464646465,0.452380952380952,0.465909090909091
1,37,0.325842696629214,0.268041237113402,0.393939393939394,0.428571428571429,0.477272727272727
1,38,0.730337078651686,0.278350515463918,0.404040404040404,0.369047619047619,0.670454545454546
1,39,0.359550561797753,0.257731958762887,0.383838383838384,0.30952380952381,0.397727272727273
1,40,0.426966292134832,0.195876288659794,0.292929292929293,0.357142857142857,0.545454545454546
1,41,0.370786516853933,0.298969072164949,0.414141414141414,0.345238095238095,0.590909090909091
1,42,0.337078651685393,0.391752577319588,0.494949494949495,0.25,0.670454545454546
1,43,0.449438202247191,0.371134020618557,0.474747474747475,0.404761904761905,0.511363636363636
1,44,0.314606741573034,0.309278350515464,0.424242424242424,0.261904761904762,0.568181818181818
1,45,0.685393258426966,0.329896907216495,0.414141414141414,0.345238095238095,0.545454545454546
1,46,0.191011235955056,0.402061855670103,0.505050505050505,0.261904761904762,0.511363636363636
1,47,0.49438202247191,0.536082474226804,0.616161616161616,0.226190476190476,0.625
1,48,0.48314606741573,0.257731958762887,0.393939393939394,0.285714285714286,0.443181818181818
1,49,0.471910112359551,0.123711340206186,0.272727272727273,0.226190476190476,0.659090909090909
1,50,0.258426966292135,0.309278350515464,0.434343434343434,0.202380952380952,0.488636363636364
1,51,0.415730337078652,0.402061855670103,0.363636363636364,0.428571428571429,0.477272727272727
1,52,0.325842696629214,0,0.171717171717172,0.166666666666667,0.511363636363636
1,53,0.247191011235955,0.371134020618557,0.474747474747475,0.238095238095238,0.397727272727273
1,54,0.258426966292135,0.515463917525773,0.595959595959596,0.5,0.420454545454545
1,55,0.528089887640449,0.134020618556701,0.262626262626263,0.369047619047619,0.25
1,56,0.606741573033708,0.309278350515464,0.424242424242424,0.369047619047619,0.318181818181818
1,57,0.573033707865169,0.34020618556701,0.454545454545455,0.25,0.397727272727273
1,58,0.449438202247191,0.309278350515464,0.424242424242424,0.226190476190476,0.511363636363636
1,59,0.49438202247191,0.309278350515464,0.434343434343434,0.214285714285714,0.340909090909091
1,60,0.471910112359551,0.319587628865979,0.434343434343434,0.261904761904762,0.613636363636364
1,61,0.49438202247191,0.443298969072165,0.545454545454546,0.476190476190476,0.568181818181818
1,62,0.584269662921348,0.257731958762887,0.383838383838384,0.238095238095238,0.465909090909091
1,63,0.404494382022472,0.45360824742268,0.545454545454546,0.297619047619048,0.545454545454546
1,64,0.202247191011236,0.216494845360825,0.353535353535354,0.166666666666667,0.522727272727273
1,65,0.528089887640449,0.309278350515464,0.434343434343434,0.154761904761905,0.579545454545455
1,66,0.269662921348315,0.505154639175258,0.595959595959596,0.321428571428571,0.613636363636364
1,67,0.280898876404494,0.309278350515464,0.424242424242424,0.25,0.465909090909091
1,68,0.584269662921348,0.45360824742268,0.545454545454546,0.488095238095238,0.477272727272727
1,69,0.280898876404494,0.237113402061856,0.363636363636364,0.25,0.488636363636364
1,70,0.393258426966292,0.381443298969072,0.484848484848485,0.380952380952381,0.636363636363636
1,71,0.292134831460674,0.22680412371134,0.353535353535354,0.119047619047619,0.386363636363636
1,72,0.49438202247191,0.237113402061856,0.363636363636364,0.416666666666667,0.534090909090909
1,73,0.415730337078652,0.34020618556701,0.454545454545455,0.404761904761905,0.477272727272727
1,74,0.49438202247191,0.22680412371134,0.202020202020202,0.30952380952381,0.477272727272727
1,75,0.269662921348315,0.257731958762887,0.383838383838384,0.321428571428571,0.420454545454545
1,76,0.471910112359551,0.237113402061856,0.363636363636364,0.166666666666667,0.545454545454546
1,77,0.539325842696629,0.22680412371134,0.353535353535354,0.30952380952381,0.511363636363636
1,78,0.460674157303371,0.422680412371134,0.515151515151515,0.380952380952381,0.579545454545455
1,79,0.49438202247191,0.247422680412371,0.373737373737374,0.142857142857143,0.488636363636364
1,80,0.325842696629214,0.360824742268041,0.464646464646465,0.297619047619048,0.545454545454546
1,81,0.382022471910112,0.329896907216495,0.444444444444444,0.142857142857143,0.465909090909091
1,82,0.460674157303371,0.288659793814433,0.414141414141414,0.321428571428571,0.511363636363636
1,83,0.325842696629214,0.206185567010309,0.343434343434343,0.369047619047619,0.465909090909091
1,84,0.382022471910112,0.288659793814433,0.414141414141414,0.464285714285714,0.659090909090909
1,85,0.404494382022472,0.43298969072165,0.535353535353535,0.476190476190476,0.488636363636364
1,86,0.449438202247191,0.474226804123711,0.565656565656566,0.357142857142857,0.590909090909091
1,87,0.561797752808989,0.443298969072165,0.535353535353535,0.392857142857143,0.556818181818182
1,88,0.584269662921348,0.34020618556701,0.424242424242424,0.333333333333333,0.420454545454545
1,89,0.561797752808989,0.206185567010309,0.343434343434343,0.416666666666667,0.306818181818182
1,90,0.595505617977528,0.268041237113402,0.393939393939394,0.30952380952381,0.181818181818182
1,91,0.382022471910112,0.329896907216495,0.444444444444444,0.357142857142857,0.590909090909091
1,92,0.449438202247191,0.247422680412371,0.272727272727273,0.30952380952381,0.420454545454545
1,93,0.460674157303371,0.216494845360825,0.252525252525253,0.321428571428571,0.568181818181818
1,94,0.337078651685393,0.185567010309278,0.323232323232323,0.345238095238095,0.409090909090909
1,95,0.348314606741573,0.257731958762887,0.393939393939394,0.369047619047619,0.329545454545455
1,96,0.719101123595506,0.329896907216495,0.383838383838384,0.714285714285714,0.511363636363636
1,97,0.393258426966292,0.319587628865979,0.434343434343434,0.25,0.340909090909091
1,98,0.640449438202247,0.257731958762887,0.333333333333333,0.452380952380952,0.420454545454545
1,99,0.730337078651686,0.350515463917526,0.282828282828283,0.464285714285714,0.386363636363636
1,100,0.573033707865169,0.288659793814433,0.414141414141414,0.357142857142857,0.659090909090909
1,101,0.426966292134832,0.22680412371134,0.353535353535354,0.285714285714286,0.715909090909091
1,102,0.269662921348315,0.319587628865979,0.434343434343434,0.488095238095238,0.715909090909091
1,103,0.426966292134832,0.134020618556701,0.282828282828283,0.119047619047619,0.613636363636364
1,104,0.370786516853933,0.154639175257732,0.292929292929293,0.369047619047619,0.602272727272727
1,105,0.269662921348315,0.278350515463918,0.404040404040404,0.214285714285714,0.431818181818182
1,106,0.292134831460674,0.298969072164949,0.414141414141414,0.404761904761905,0.5
1,107,0.49438202247191,0.360824742268041,0.404040404040404,0.392857142857143,0.443181818181818
1,108,0.48314606741573,0.43298969072165,0.525252525252525,0.19047619047619,0.375
1,109,0.550561797752809,0.278350515463918,0.404040404040404,0.321428571428571,0.556818181818182
1,110,0.528089887640449,0.175257731958763,0.252525252525253,0.142857142857143,0.636363636363636
1,111,0.359550561797753,0.0309278350515464,0.202020202020202,0.202380952380952,0.681818181818182
1,112,0.382022471910112,0.474226804123711,0.565656565656566,0.226190476190476,0.579545454545455
1,113,0.393258426966292,0.278350515463918,0.272727272727273,0.214285714285714,0.522727272727273
1,114,0.426966292134832,0.268041237113402,0.393939393939394,0.166666666666667,0.488636363636364
1,115,0.426966292134832,0.175257731958763,0.313131313131313,0.333333333333333,0.488636363636364
1,116,0.460674157303371,0.175257731958763,0.313131313131313,0.416666666666667,0.659090909090909
1,117,0.382022471910112,0.319587628865979,0.434343434343434,0.30952380952381,0.465909090909091
1,118,0.573033707865169,0.11340206185567,0.262626262626263,0.392857142857143,0.602272727272727
1,119,0.280898876404494,0.402061855670103,0.505050505050505,0.416666666666667,0.420454545454545
1,120,0.325842696629214,0.402061855670103,0.505050505050505,0.142857142857143,0.568181818181818
1,121,0.280898876404494,0.298969072164949,0.424242424242424,0.119047619047619,0.443181818181818
1,122,0.269662921348315,0.206185567010309,0.343434343434343,0.297619047619048,0.556818181818182
1,123,0.191011235955056,0.278350515463918,0.393939393939394,0.273809523809524,0.602272727272727
1,124,0.0449438202247191,0.268041237113402,0.393939393939394,0.178571428571429,0.465909090909091
1,125,0.685393258426966,0.329896907216495,0.444444444444444,0.238095238095238,0.556818181818182
1,126,0.382022471910112,0.350515463917526,0.464646464646465,0.416666666666667,0.5
1,127,0.314606741573034,0.195876288659794,0.333333333333333,0.202380952380952,0.511363636363636
1,128,0.449438202247191,0.329896907216495,0.444444444444444,0.357142857142857,0.477272727272727
1,129,0.258426966292135,0.237113402061856,0.373737373737374,0.214285714285714,0.488636363636364
1,130,0.415730337078652,0.371134020618557,0.474747474747475,0.333333333333333,0.477272727272727
1,131,0,0.463917525773196,0.555555555555556,0.261904761904762,0.477272727272727
1,132,0.438202247191011,0.319587628865979,0.434343434343434,0.178571428571429,0.431818181818182
1,133,0.337078651685393,0.195876288659794,0.333333333333333,0.333333333333333,0.556818181818182
1,134,0.303370786516854,0.257731958762887,0.393939393939394,0.166666666666667,0.806818181818182
1,135,0.191011235955056,0.350515463917526,0.464646464646465,0.428571428571429,0.556818181818182
1,136,0.404494382022472,0.298969072164949,0.414141414141414,0.30952380952381,0.602272727272727
1,137,0.337078651685393,0.154639175257732,0.303030303030303,0.25,0.488636363636364
1,138,0.292134831460674,0.237113402061856,0.373737373737374,0.285714285714286,0.409090909090909
1,139,0.449438202247191,0.195876288659794,0.333333333333333,0.297619047619048,0.625
1,140,0.247191011235955,0.268041237113402,0.393939393939394,0.214285714285714,0.477272727272727
2,141,0.49438202247191,0.505154639175258,0.595959595959596,0.226190476190476,0.5
2,142,0.303370786516854,0.360824742268041,0.434343434343434,0.30952380952381,0.420454545454545
2,143,0.179775280898876,0.247422680412371,0.373737373737374,0.321428571428571,0.613636363636364
2,144,0.0674157303370786,0.917525773195876,0.373737373737374,0.535714285714286,0.556818181818182
2,145,0.49438202247191,0.45360824742268,0.545454545454546,0.428571428571429,0.488636363636364
2,146,0.707865168539326,0.814432989690722,0.848484848484849,0.369047619047619,0.579545454545455
2,147,0.258426966292135,0.876288659793815,0.898989898989899,0.380952380952381,0.670454545454546
2,148,0.382022471910112,0.845360824742268,0.808080808080808,0.392857142857143,0.659090909090909
2,149,0.48314606741573,0.742268041237114,0.787878787878788,0.285714285714286,0.659090909090909
2,150,0.51685393258427,0.855670103092784,0.878787878787879,0.535714285714286,0.545454545454546
2,151,0.303370786516854,0.762886597938144,0.797979797979798,0.226190476190476,0.579545454545455
2,152,0.584269662921348,0.701030927835052,0.737373737373737,0.273809523809524,0.738636363636364
2,153,0.325842696629214,0.639175257731959,0.696969696969697,0.369047619047619,0.806818181818182
2,154,0.617977528089888,0.77319587628866,0.808080808080808,0.369047619047619,0.647727272727273
2,155,0.134831460674157,0.56701030927835,0.636363636363636,0.607142857142857,0.840909090909091
2,156,0.449438202247191,0.814432989690722,0.848484848484849,0.404761904761905,0.738636363636364
2,157,0.820224719101124,0.907216494845361,0.929292929292929,0.238095238095238,0.602272727272727
2,158,0.943820224719101,0.701030927835052,0.747474747474748,0.333333333333333,0.545454545454546
2,159,0.539325842696629,0.77319587628866,0.808080808080808,0.345238095238095,0.681818181818182
2,160,0.606741573033708,0.865979381443299,0.888888888888889,0.392857142857143,0.454545454545455
2,161,0.539325842696629,0.896907216494846,0.888888888888889,0.297619047619048,0.579545454545455
2,162,0.561797752808989,0.917525773195876,0.929292929292929,0.595238095238095,0.352272727272727
2,163,0.808988764044944,0.649484536082474,0.707070707070707,0.357142857142857,0.579545454545455
2,164,0.528089887640449,0.701030927835052,0.757575757575758,0.464285714285714,0.659090909090909
2,165,0.370786516853933,0.77319587628866,0.808080808080808,0.476190476190476,0.375
2,166,0.719101123595506,0.77319587628866,0.737373737373737,0.5,0.545454545454546
2,167,0.606741573033708,0.804123711340206,0.838383838383838,0.488095238095238,0.636363636363636
2,168,0.528089887640449,0.752577319587629,0.797979797979798,0.511904761904762,0.590909090909091
2,169,0.707865168539326,0.845360824742268,0.868686868686869,0.404761904761905,0.670454545454546
2,170,0.550561797752809,0.783505154639175,0.818181818181818,0.30952380952381,0.602272727272727
2,171,0.348314606741573,0.835051546391753,0.858585858585859,0.404761904761905,0.647727272727273
2,172,0.831460674157303,0.876288659793815,0.898989898989899,0.333333333333333,0.625
2,173,0.370786516853933,0.876288659793815,0.898989898989899,0.345238095238095,0.511363636363636
2,174,0.50561797752809,0.731958762886598,0.777777777777778,0.285714285714286,0.693181818181818
2,175,0.797752808988764,0.690721649484536,0.747474747474748,0.285714285714286,0.806818181818182
2,176,0.561797752808989,0.628865979381443,0.696969696969697,0.25,0.75
2,177,0.741573033707865,0.649484536082474,0.666666666666667,0.44047619047619,0.670454545454546
2,178,0.674157303370786,0.65979381443299,0.717171717171717,0.535714285714286,0.613636363636364
2,179,0.932584269662921,0.701030927835052,0.747474747474748,0.25,0.693181818181818
2,180,0.382022471910112,0.896907216494846,0.909090909090909,0.416666666666667,0.761363636363636
2,181,0.707865168539326,0.783505154639175,0.818181818181818,0.452380952380952,0.738636363636364
2,182,0.786516853932584,0.855670103092784,0.838383838383838,0.285714285714286,0.636363636363636
2,183,0.674157303370786,0.762886597938144,0.808080808080808,0.404761904761905,0.613636363636364
2,184,0.179775280898876,0.371134020618557,0.484848484848485,0.416666666666667,0.375
2,185,0.831460674157303,0.639175257731959,0.696969696969697,0.642857142857143,0.75
2,186,0.224719101123596,0.77319587628866,0.818181818181818,0.357142857142857,0.647727272727273
2,187,1,0.711340206185567,0.767676767676768,0.464285714285714,0.579545454545455
2,188,0.786516853932584,0.77319587628866,0.737373737373737,0.357142857142857,0.636363636363636
2,189,0.134831460674157,0.690721649484536,0.747474747474748,0.321428571428571,0.715909090909091
2,190,0.685393258426966,0.65979381443299,0.525252525252525,0.428571428571429,0.613636363636364
2,191,0.370786516853933,0.639175257731959,0.696969696969697,0.25,0.522727272727273
2,192,0.707865168539326,0.65979381443299,0.717171717171717,0.583333333333333,0.75
2,193,0.460674157303371,0.742268041237114,0.787878787878788,0.416666666666667,0.602272727272727
2,194,0.382022471910112,0.752577319587629,0.797979797979798,0.607142857142857,0.590909090909091
2,195,0.651685393258427,0.865979381443299,0.818181818181818,0.214285714285714,0.636363636363636
2,196,0.662921348314607,0.793814432989691,0.828282828282828,0.476190476190476,0.625
2,197,0.573033707865169,0.608247422680412,0.676767676767677,0.285714285714286,0.647727272727273
2,198,0.561797752808989,0.597938144329897,0.666666666666667,0.488095238095238,0.806818181818182
2,199,0.674157303370786,0.804123711340206,0.838383838383838,0.357142857142857,0.511363636363636
2,200,0.415730337078652,0.752577319587629,0.797979797979798,0.369047619047619,0.443181818181818
2,201,0.651685393258427,0.690721649484536,0.747474747474748,0.464285714285714,0.647727272727273
2,202,0.404494382022472,0.680412371134021,0.727272727272727,0.369047619047619,0.579545454545455
2,203,0.438202247191011,0.711340206185567,0.757575757575758,0.297619047619048,0.590909090909091
2,204,0.393258426966292,0.701030927835052,0.747474747474748,0.416666666666667,0.693181818181818
2,205,0.348314606741573,0.783505154639175,0.828282828282828,0.333333333333333,0.568181818181818
2,206,0.685393258426966,0.865979381443299,0.888888888888889,0.595238095238095,0.522727272727273
2,207,0.539325842696629,0.762886597938144,0.717171717171717,0.392857142857143,0.590909090909091
2,208,0.123595505617978,0.711340206185567,0.686868686868687,0.404761904761905,0.659090909090909
2,209,0.348314606741573,0.938144329896907,0.94949494949495,0.238095238095238,0.659090909090909
2,210,0.764044943820225,0.742268041237114,0.787878787878788,0.416666666666667,0.806818181818182
2,211,0.775280898876405,0.752577319587629,0.797979797979798,0.273809523809524,0.647727272727273
2,212,0.584269662921348,0.752577319587629,0.797979797979798,0.452380952380952,0.704545454545455
2,213,0.51685393258427,0.752577319587629,0.232323232323232,0.511904761904762,0.409090909090909
2,214,0.404494382022472,0.783505154639175,0.171717171717172,0.345238095238095,0.431818181818182
2,215,0,0.65979381443299,0.444444444444444,0.416666666666667,0.397727272727273
2,216,0.112359550561798,0.65979381443299,0.212121212121212,0.392857142857143,0.465909090909091
2,217,0.337078651685393,0.597938144329897,0.343434343434343,0.416666666666667,0.477272727272727
2,218,0.685393258426966,0.793814432989691,0.323232323232323,0.369047619047619,0
2,219,0.707865168539326,0.721649484536083,0.666666666666667,0.702380952380952,0.727272727272727
2,220,0.797752808988764,1,1,0.428571428571429,0.727272727272727
2,221,0.955056179775281,0.505154639175258,0.353535353535354,0.44047619047619,0.602272727272727
2,222,0.707865168539326,0.752577319587629,0.797979797979798,0.392857142857143,0.613636363636364
2,223,0.842696629213483,0.45360824742268,0.303030303030303,0.464285714285714,0.454545454545455
2,224,0.786516853932584,0.814432989690722,0.848484848484849,0.273809523809524,0.579545454545455
2,225,0.808988764044944,0.762886597938144,0.797979797979798,0.30952380952381,0.738636363636364
2,226,0.887640449438202,0.804123711340206,0.838383838383838,0.297619047619048,0.75
2,227,0.932584269662921,0.752577319587629,0.797979797979798,0.380952380952381,0.738636363636364
2,228,0.775280898876405,0.731958762886598,0.777777777777778,0.321428571428571,0.670454545454546
2,229,0.887640449438202,0.814432989690722,0.707070707070707,0.238095238095238,0.522727272727273
2,230,0.876404494382023,0.762886597938144,0.797979797979798,0.202380952380952,0.647727272727273
2,231,0.842696629213483,0.690721649484536,0.747474747474748,0.25,0.727272727272727
2,232,0.662921348314607,0.742268041237114,0.777777777777778,0.154761904761905,0.727272727272727
2,233,0.752808988764045,0.628865979381443,0.686868686868687,0.25,0.613636363636364
2,234,0.741573033707865,0.690721649484536,0.747474747474748,0.380952380952381,0.613636363636364
2,235,0.719101123595506,0.721649484536083,0.767676767676768,0.357142857142857,0.545454545454546
2,236,0.853932584269663,0.701030927835052,0.757575757575758,0.654761904761905,0.568181818181818
2,237,0.943820224719101,0.77319587628866,0.747474747474748,0.392857142857143,0.625
2,238,0.865168539325843,0.77319587628866,0.747474747474748,0.464285714285714,0.579545454545455
2,239,0.910112359550562,0.65979381443299,0.686868686868687,0.333333333333333,0.477272727272727
2,240,0.651685393258427,0.721649484536083,0.767676767676768,0.523809523809524,0.670454545454546
2,241,0.707865168539326,0.762886597938144,0.808080808080808,0.30952380952381,0.545454545454546
2,242,0.696629213483146,0.783505154639175,0.818181818181818,0.30952380952381,0.659090909090909
2,243,0.966292134831461,0.88659793814433,0.909090909090909,0.273809523809524,0.670454545454546
2,244,0.910112359550562,0.865979381443299,0.888888888888889,0.44047619047619,0.647727272727273
2,245,0.977528089887641,0.752577319587629,0.797979797979798,0.392857142857143,0.693181818181818
2,246,0.528089887640449,0.731958762886598,0.777777777777778,0.357142857142857,0.704545454545455
2,247,0.853932584269663,0.577319587628866,0.626262626262626,0.297619047619048,0.568181818181818
2,248,0.786516853932584,0.855670103092784,0.878787878787879,0.44047619047619,0.795454545454546
2,249,0.719101123595506,0.597938144329897,0.666666666666667,0.345238095238095,0.761363636363636
2,250,0.910112359550562,0.77319587628866,0.808080808080808,0.428571428571429,0.647727272727273
2,251,0.820224719101124,0.742268041237114,0.787878787878788,0.119047619047619,0.647727272727273
2,252,0.550561797752809,0.701030927835052,0.747474747474748,0.535714285714286,0.636363636363636
2,253,0.98876404494382,0.721649484536083,0.757575757575758,0.30952380952381,0.590909090909091
2,254,0.943820224719101,0.917525773195876,0.707070707070707,0.452380952380952,0.852272727272727
2,255,0.707865168539326,0.711340206185567,0.767676767676768,0.416666666666667,0.727272727272727
2,256,0.966292134831461,0.804123711340206,0.838383838383838,0.464285714285714,0.715909090909091
2,257,0.887640449438202,0.649484536082474,0.686868686868687,0.452380952380952,0.568181818181818
2,258,0.640449438202247,0.474226804123711,0.333333333333333,0.261904761904762,0.0681818181818182
2,259,0.876404494382023,0.721649484536083,0.686868686868687,0.333333333333333,0.511363636363636
2,260,0.876404494382023,0.381443298969072,0.292929292929293,0.619047619047619,0.943181818181818
2,261,0.707865168539326,0.391752577319588,0.282828282828283,0.630952380952381,0.738636363636364
2,262,0.752808988764045,0.484536082474227,0.252525252525253,0.857142857142857,0.829545454545455
2,263,0.685393258426966,0.309278350515464,0.333333333333333,0.702380952380952,0.579545454545455
2,264,0.752808988764045,0.525773195876289,0.373737373737374,0.80952380952381,0.840909090909091
2,265,0.831460674157303,0.515463917525773,0.292929292929293,0.880952380952381,0.647727272727273
2,266,0.820224719101124,0.56701030927835,0.292929292929293,0.80952380952381,0.977272727272727
2,267,0.842696629213483,0.556701030927835,0.303030303030303,0.714285714285714,0.943181818181818
2,268,0.865168539325843,0.515463917525773,0.202020202020202,0.488095238095238,1
2,269,0.831460674157303,0.525773195876289,0.151515151515152,0.738095238095238,0.852272727272727
2,270,0.764044943820225,0.43298969072165,0.272727272727273,0.714285714285714,0.954545454545455
2,271,0.629213483146068,0.34020618556701,0.454545454545455,0.619047619047619,0.875
2,272,0.730337078651686,0.525773195876289,0.333333333333333,0.416666666666667,0.75
2,273,0.584269662921348,0.360824742268041,0.383838383838384,0.773809523809524,0.818181818181818
2,274,0.719101123595506,0.309278350515464,0.262626262626263,0.488095238095238,0.795454545454546
2,275,0.674157303370786,0.577319587628866,0.525252525252525,0.714285714285714,0.875
2,276,0.775280898876405,0.371134020618557,0.212121212121212,0.511904761904762,0.875
2,277,0.707865168539326,0.43298969072165,0.282828282828283,0.392857142857143,0.897727272727273
2,278,0.797752808988764,0.412371134020619,0.363636363636364,0.654761904761905,0.772727272727273
2,279,0.764044943820225,0.381443298969072,0.303030303030303,0.55952380952381,0.829545454545455
2,280,0.865168539325843,0.525773195876289,0.0101010101010101,0.488095238095238,0.420454545454545
2,281,0.741573033707865,0.54639175257732,0.363636363636364,0.392857142857143,0.613636363636364
2,282,0.797752808988764,0.577319587628866,0.303030303030303,0.357142857142857,0.590909090909091
2,283,0.752808988764045,0.56701030927835,0.161616161616162,0.464285714285714,0.75
2,284,0.764044943820225,0.536082474226804,0.282828282828283,0.392857142857143,0.704545454545455
2,285,0.831460674157303,0.525773195876289,0.363636363636364,0.392857142857143,0.477272727272727
2,286,0.786516853932584,0.505154639175258,0.434343434343434,0.535714285714286,0.636363636363636
2,287,0.741573033707865,0.391752577319588,0.363636363636364,0.833333333333333,0.386363636363636
2,288,0.820224719101124,0.494845360824742,0.313131313131313,0.738095238095238,0.659090909090909
2,289,0.730337078651686,0.45360824742268,0.515151515151515,0.488095238095238,0.534090909090909
2,290,0.808988764044944,0.536082474226804,0.212121212121212,0.833333333333333,0.193181818181818
2,291,0.752808988764045,0.43298969072165,0.333333333333333,0.642857142857143,0.522727272727273
2,292,0.752808988764045,0.474226804123711,0.232323232323232,0.773809523809524,0.613636363636364
2,293,0.752808988764045,0.350515463917526,0.383838383838384,0.535714285714286,0.579545454545455
2,294,0.707865168539326,0.494845360824742,0.494949494949495,1,0.397727272727273
2,295,0.640449438202247,0.45360824742268,0.333333333333333,0.511904761904762,0.443181818181818
2,296,0.797752808988764,0.525773195876289,0.393939393939394,0.654761904761905,0.454545454545455
2,297,0.741573033707865,0.360824742268041,0.434343434343434,0.69047619047619,0.352272727272727
2,298,0.752808988764045,0.402061855670103,0.252525252525253,0.773809523809524,0.284090909090909
2,299,0.719101123595506,0.402061855670103,0.191919191919192,0.666666666666667,0.556818181818182
2,300,0.764044943820225,0.639175257731959,0.565656565656566,0.785714285714286,0.431818181818182
2,301,0.359550561797753,0.257731958762887,0.383838383838384,0.273809523809524,0.602272727272727
2,302,0.786516853932584,0.494845360824742,0.474747474747475,0.571428571428571,0.534090909090909
2,303,0.707865168539326,0.690721649484536,0.202020202020202,0.488095238095238,0.556818181818182
2,304,0.831460674157303,0.474226804123711,0.414141414141414,0.785714285714286,0.556818181818182
2,305,0.707865168539326,0.45360824742268,0.343434343434343,0.833333333333333,0.443181818181818
2,306,0.707865168539326,0.371134020618557,0.191919191919192,0.797619047619048,0.454545454545455
2,307,0.707865168539326,0.381443298969072,0.393939393939394,0.654761904761905,0.681818181818182
2,308,0.797752808988764,0.525773195876289,0.323232323232323,0.833333333333333,0.454545454545455
2,309,0.764044943820225,0.422680412371134,0.424242424242424,0.738095238095238,0.488636363636364
2,310,0.719101123595506,0.43298969072165,0.404040404040404,0.80952380952381,0.420454545454545
2,311,0.831460674157303,0.556701030927835,0.424242424242424,0.369047619047619,0.568181818181818
2,312,0.842696629213483,0.505154639175258,0.333333333333333,0.80952380952381,0.397727272727273
2,313,0.707865168539326,0.422680412371134,0.353535353535354,0.583333333333333,0.443181818181818
2,314,0.775280898876405,0.371134020618557,0.242424242424242,0.607142857142857,0.340909090909091
2,315,0.786516853932584,0.835051546391753,0.858585858585859,0.654761904761905,0.477272727272727
2,316,0.775280898876405,0.556701030927835,0.262626262626263,0.761904761904762,0.522727272727273
2,317,0.719101123595506,0.371134020618557,0.202020202020202,0.595238095238095,0.465909090909091
2,318,0.707865168539326,0.288659793814433,0.292929292929293,0.761904761904762,0.522727272727273
2,319,0.741573033707865,0.484536082474227,0.353535353535354,0.654761904761905,0.465909090909091
2,320,0.775280898876405,0.422680412371134,0.525252525252525,0.511904761904762,0.522727272727273
2,321,0.764044943820225,0.381443298969072,0.343434343434343,0.607142857142857,0.556818181818182
2,322,0.719101123595506,0.34020618556701,0.383838383838384,0.738095238095238,0.568181818181818
2,323,0.696629213483146,0.474226804123711,0.545454545454546,0.738095238095238,0.534090909090909
2,324,0.853932584269663,0.371134020618557,0.393939393939394,0.678571428571429,0.5
2,325,0.719101123595506,0.371134020618557,0.444444444444444,0.773809523809524,0.420454545454545
2,326,0.325842696629214,0.381443298969072,0.484848484848485,0.273809523809524,0.590909090909091
2,327,0.696629213483146,0.34020618556701,0.404040404040404,0.797619047619048,0.522727272727273
2,328,0.629213483146068,0.350515463917526,0.303030303030303,0.452380952380952,0.488636363636364
2,329,0.775280898876405,0.484536082474227,0.252525252525253,0.595238095238095,0.465909090909091
2,330,0.775280898876405,0.463917525773196,0.414141414141414,0.583333333333333,0.715909090909091
2,331,0.48314606741573,0.474226804123711,0.565656565656566,0.511904761904762,0.590909090909091
2,332,0.831460674157303,0.670103092783505,0.303030303030303,0.476190476190476,0.534090909090909
2,333,0.797752808988764,0.329896907216495,0.323232323232323,0.488095238095238,0.545454545454546
2,334,0.685393258426966,0.371134020618557,0.383838383838384,0.523809523809524,0.5
2,335,0.662921348314607,0.402061855670103,0.373737373737374,0.535714285714286,0.477272727272727
2,336,0.831460674157303,0.515463917525773,0.525252525252525,0.69047619047619,0.352272727272727
