"d1","d2","d3","d4","d5","d6","d7","d8","d9","d10","d11","d12","d13"
0.957919621749409,0.7218880148079593,0.3264925373134328,0.8496391339214113,0.577386468952734,0.2349165596919127,0.5932923948984412,0.6413934426229508,0.6603839441535777,0.5843949044585988,0.8914858096828047,0.868760907504363,0.9937402981055565
0.9607565011820332,0.7621471540953263,0.33582089552238803,0.8536487570168404,0.5936051899907322,0.2888318356867779,0.504959848842702,0.6680327868852459,0.6516579406631763,0.6628184713375797,0.8864774624373957,0.8767888307155323,0.9936200144142431
0.9839243498817967,1.0,0.7630597014925373,0.9490777866880513,0.8809082483781279,0.43517329910141206,0.3481341521020312,0.7151639344262295,1.0,0.9490445859872612,0.8964941569282137,0.8876090750436301,0.9944818000380156
0.9593380614657211,0.7482646922720964,0.3796641791044776,0.8616680032076984,0.623725671918443,0.23812580231065467,0.48653755314123764,0.653688524590164,0.7089005235602095,0.6385350318471338,0.9319699499165275,0.8104712041884817,0.9944916999303047
0.9494089834515367,0.5404905136510875,0.21361940298507462,0.8131515637530072,0.38924930491195553,0.15596919127086006,0.7179971658006613,0.5348360655737705,0.5535776614310646,0.4247611464968153,0.8964941569282137,0.9047120418848168,0.9948792807134258
0.0,0.5279962980101804,0.20988805970149252,0.8123496391339214,0.3827618164967562,0.1662387676508344,0.7161076995748702,0.5307377049180328,0.5490401396160558,0.4140127388535032,0.8860601001669449,0.9291448516579407,0.9946669280238231
0.9479905437352246,0.5048588616381305,0.20335820895522386,0.8095429029671211,0.35959221501390176,0.15789473684210525,0.7638167217760983,0.5184426229508197,0.5197207678883071,0.37141719745222934,0.8843906510851419,0.8984293193717278,0.99393829595134
0.956501182033097,0.7269782508098104,0.3348880597014925,0.8540497193263833,0.5945319740500463,0.22721437740693196,0.47047709022201234,0.6475409836065574,0.6523560209424084,0.6970541401273885,0.8964941569282137,0.8862129144851658,0.9944560603180637
0.950354609929078,0.5849143914854235,0.22761194029850745,0.8239775461106655,0.45736793327154773,0.16752246469833118,0.593764761454889,0.5901639344262295,0.5609075043630019,0.5234872611464968,0.8964941569282137,0.8799301919720768,0.9942887521383766
0.9536643026004729,0.6765386395187414,0.0,0.8352044907778668,0.5148285449490269,0.18934531450577663,0.5422768068020785,0.6127049180327869,0.6090750436300175,0.5023885350318472,0.8893989983305509,0.9221640488656195,0.9947441471836785
0.9749408983451537,0.9342896807033781,0.0,0.9274258219727345,0.8257645968489342,0.3575096277278562,0.3660840812470477,0.75,0.9270506108202444,0.7627388535031847,0.8914858096828047,0.9033158813263525,0.9945035798010518
0.9673758865248228,0.7968533086534012,0.0,0.8857257417802726,0.7043558850787767,0.30166880616174585,0.42040623523854515,0.7336065573770492,0.7696335078534032,0.650875796178344,0.9015025041736227,0.875043630017452,0.9945144696825698
0.9494089834515367,0.5395650161962054,0.0,0.8119486768243785,0.38090824837812787,0.16880616174582797,0.716580066131318,0.5471311475409837,0.5382198952879582,0.3069267515923567,0.8914858096828047,0.9040139616055847,0.9945080347525819
0.9555555555555556,0.6941230911614994,0.0,0.8376102646351243,0.525949953660797,0.2374839537869063,0.5205479452054794,0.6413934426229508,0.6363001745200698,0.5354299363057325,0.8923205342237062,0.9005235602094241,0.9944852650003168
0.9508274231678487,0.5839888940305414,0.0,0.8179631114675221,0.4221501390176089,0.16367137355584083,0.6310817194142655,0.5450819672131147,0.5797556719022687,0.35828025477707004,0.8969115191986644,0.9095986038394416,0.9950361940062091
0.9470449172576832,0.4784821841739936,0.2042910447761194,0.8043303929430633,0.30537534754402224,0.1367137355584082,0.9957487009919699,0.45491803278688525,0.4928446771378709,0.22332802547770703,0.8714524207011686,0.9790575916230366,0.9945169446556421
0.9513002364066194,0.5432670060157335,0.24347014925373134,0.8163592622293504,0.41241890639481,0.17137355584082156,0.6650921114785073,0.5799180327868853,0.5280977312390925,0.37141719745222934,0.8739565943238731,0.9165794066317626,0.993651199074954
0.9517730496453901,0.5377140212864415,0.2621268656716418,0.8231756214915797,0.4522706209453197,0.18549422336328625,0.6386395843174304,0.5635245901639344,0.5162303664921466,0.29856687898089174,0.8939899833055092,0.8265270506108202,0.9929205870240131
0.9583924349881797,0.6330402591392874,0.4356343283582089,0.8516439454691259,0.5852641334569045,0.2053915275994865,0.5082664147378366,0.610655737704918,0.6073298429319371,0.4554140127388535,0.8781302170283807,0.8656195462478184,0.992981966356206
0.9555555555555556,0.6325775104118464,0.3582089552238806,0.8408179631114675,0.5403151065801668,0.21116816431322205,0.5394426074633916,0.6004098360655739,0.6003490401396161,0.4840764331210191,0.8994156928213689,0.8240837696335078,0.9931141299182664
0.9546099290780142,0.6307265155020824,0.3050373134328358,0.8319967923015237,0.5004633920296571,0.21373555840821565,0.5474728389230042,0.5799180327868853,0.5884816753926702,0.506767515923567,0.8868948247078464,0.8729493891797557,0.9935739799150984
0.956501182033097,0.6524757056918093,0.3619402985074627,0.8400160384923817,0.5366079703429101,0.2092426187419769,0.5351913084553613,0.6065573770491803,0.5982547993019197,0.4920382165605096,0.9148580968280468,0.8073298429319372,0.9933982568269657
0.9650118203309693,0.7061545580749653,0.8796641791044776,0.8809141940657578,0.6899907321594069,0.29460847240051347,0.43174303259329244,0.6844262295081968,0.7001745200698081,0.6492834394904459,0.8802170283806344,0.8520069808027924,0.9928344579610974
0.9508274231678487,0.5802869042110135,0.26679104477611937,0.8231756214915797,0.453660797034291,0.19961489088575096,0.6046291922531886,0.610655737704918,0.5116928446771378,0.48288216560509556,0.8818864774624374,0.8387434554973822,0.9926503199645187
0.9645390070921986,0.8255437297547432,0.8059701492537313,0.8973536487570168,0.7409638554216867,0.28498074454428757,0.39773264052905055,0.6762295081967213,0.749389179755672,0.7464171974522293,0.8902337228714524,0.8223385689354276,0.992670119749097
0.0,0.6182322998611754,0.0,0.8243785084202084,0.45968489341983315,0.0,0.593764761454889,0.0,0.5849912739965096,0.29299363057324845,0.9424040066777963,0.8066317626527051,0.9950099592916428
0.0,0.6746876446089773,0.0,0.8420208500400962,0.5454124189063948,0.0,0.49031648559282004,0.0,0.6408376963350786,0.41321656050955413,0.9269616026711185,0.8352530541012216,0.9951054932522334
0.0,0.5409532623785285,0.0,0.8115477145148355,0.3758109360518999,0.0,0.6797354747283892,0.0,0.5340314136125655,0.25079617834394907,0.8964941569282137,0.919022687609075,0.9952282519166191
0.9541371158392435,0.0,0.3348880597014925,0.0,0.0,0.20410783055198972,0.0,0.6086065573770492,0.0,0.0,0.0,0.0,0.0
0.9569739952718677,0.0,0.3973880597014925,0.0,0.0,0.2503209242618742,0.0,0.653688524590164,0.0,0.0,0.0,0.0,0.0
0.948936170212766,0.48866265617769555,0.21828358208955223,0.809943865276664,0.3619091751621872,0.1514762516046213,0.7784600850259802,0.5204918032786885,0.45759162303664924,0.21735668789808918,0.8956594323873122,0.8167539267015707,0.9927636737312298
0.9513002364066194,0.5386395187413234,0.25,0.8167602245388933,0.41334569045412417,0.18485237483953787,0.6499763816721776,0.5778688524590164,0.5207678883071554,0.3077229299363058,0.8789649415692822,0.8994764397905759,0.9936333792688335
0.9494089834515367,0.5150393336418325,0.23227611940298507,0.8123496391339214,0.3827618164967562,0.16752246469833118,0.6948512045347189,0.5491803278688525,0.5005235602094241,0.26831210191082805,0.8777128547579299,0.9005235602094241,0.9935724949312551
0.9583924349881797,0.6640444238778344,0.3348880597014925,0.8404170008019246,0.5389249304911956,0.2349165596919127,0.47378365611714696,0.6209016393442623,0.656195462478185,0.5155254777070064,0.8893989983305509,0.9776614310645724,0.9959370842045238
0.0,0.5705691809347524,0.0,0.8259823576583801,0.46802594995366076,0.0,0.5521965044874823,0.0,0.6024432809773124,0.42356687898089174,0.9048414023372287,0.9109947643979057,0.9957306714502946
0.0,0.5483572420175845,0.0,0.8231756214915797,0.4541241890639481,0.0,0.5748700991969768,0.0,0.5738219895287958,0.39450636942675166,0.8768781302170283,0.968586387434555,0.9947307823290882
0.0,0.7163350300786673,0.0,0.8704891740176424,0.6552363299351252,0.0,0.4147378365611715,0.0,0.7239092495636998,0.6803343949044586,0.9015025041736227,0.8945898778359511,0.9950307490654501
0.0,0.5798241554835725,0.0,0.8392141138732959,0.5342910101946247,0.0,0.5611714690599906,0.0,0.587434554973822,0.38136942675159236,0.9474123539232053,0.7755671902268761,0.9938526618830387
0.9683215130023641,0.8130495141138362,1.0,0.9105854049719326,0.7798887859128822,0.2888318356867779,0.38497874350495986,0.7459016393442623,0.7982547993019198,0.7790605095541402,0.9386477462437396,0.8055846422338568,0.9947114775391244
0.957919621749409,0.7167977788061083,0.4207089552238806,0.8556535685645549,0.6010194624652456,0.22336328626444157,0.4284364666981578,0.6147540983606558,0.6851657940663176,0.6536624203821656,0.9019198664440735,0.8984293193717278,0.9951624176328961
0.9550827423167849,0.6335030078667284,0.375,0.8291900561347233,0.4865616311399444,0.18485237483953787,0.5224374114312706,0.5717213114754098,0.6226876090750436,0.4271496815286624,0.8998330550918197,0.9546247818499127,0.9964008941582715
0.948936170212766,0.4803331790837575,0.22854477611940296,0.8107457898957497,0.371177015755329,0.1495507060333761,0.7373641946150213,0.4979508196721312,0.49563699825479934,0.25238853503184716,0.8939899833055092,0.8568935427574171,0.9936190244250142
0.9617021276595745,0.7723276260990283,0.5335820895522387,0.8757016840417,0.6728452270620945,0.29204107830551984,0.42135096835144076,0.7274590163934427,0.7340314136125655,0.7989649681528662,0.9357262103505843,0.8160558464223385,0.9949871895393777
0.9583924349881797,0.7135585377140213,0.375,0.8568564554931837,0.6051899907321594,0.22849807445442874,0.42229570146433637,0.6188524590163935,0.7176265270506108,0.6540605095541402,0.9090150250417363,0.9109947643979057,0.9961034023949819
0.9645390070921986,0.7080055529847293,0.0,0.8608660785886126,0.6209453197405005,0.25353016688061614,0.4529995276334436,0.6782786885245902,0.6910994764397906,0.5023885350318472,0.921118530884808,0.8474694589877836,0.9950866834568839
0.9541371158392435,0.5886163813049514,0.0,0.8336006415396953,0.5069508804448564,0.1771501925545571,0.5162966461974492,0.5614754098360656,0.6443280977312391,0.5246815286624205,0.906093489148581,0.9089005235602095,0.9957475012671861
0.957919621749409,0.6214715409532624,0.0,0.8540497193263833,0.5945319740500463,0.2503209242618742,0.4416627302786963,0.6557377049180328,0.7284467713787086,0.5107484076433121,0.9065108514190316,0.9176265270506108,0.996042023062789
0.9475177304964539,0.43637204997686263,0.0,0.805934242181235,0.3253012048192771,0.0,0.8667926310817194,0.0,0.5207678883071554,0.2209394904458599,0.8877295492487479,0.9479930191972077,0.9951797424444021
0.9593380614657211,0.6496992133271634,0.0,0.8692862870890137,0.6510658016682113,0.2522464698331194,0.43882853094000945,0.6168032786885246,0.762303664921466,0.5330414012738853,0.8960767946577629,0.9022687609075044,0.9947847367420641
0.9602836879432625,0.6436834798704304,0.0,0.8528468323977546,0.5903614457831325,0.28177150192554556,0.44449692961738313,0.6721311475409837,0.7036649214659686,0.4928343949044587,0.8860601001669449,0.9713787085514833,0.9955103988468604
0.956501182033097,0.5826006478482184,0.0,0.834803528468324,0.5129749768303985,0.22143774069319638,0.50968351440718,0.6188524590163935,0.6209424083769634,0.4657643312101911,0.8923205342237062,0.9239092495636998,0.9950223341570044
0.9664302600472814,0.7302174919018973,0.0,0.8829190056134724,0.6964782205746061,0.2933247753530167,0.3934813415210203,0.6495901639344263,0.7856893542757417,0.6743630573248408,0.9090150250417363,0.8764397905759163,0.9951183631122092
0.9555555555555556,0.6006478482184174,0.0,0.8588612670408982,0.6135310472659871,0.2053915275994865,0.4770902220122816,0.6086065573770492,0.668760907504363,0.42635350318471343,0.9398998330550918,0.8017452006980803,0.9946278234492808
0.9522458628841608,0.5247570569180935,0.0,0.8243785084202084,0.46107506950880445,0.18485237483953787,0.613131790269249,0.6004098360655739,0.5333333333333334,0.34753184713375795,0.919449081803005,0.7975567190226877,0.9932987629094595
0.9498817966903074,0.4789449329014346,0.0,0.8167602245388933,0.4128822984244671,0.16174582798459564,0.6920170051960322,0.5471311475409837,0.4823734729493892,0.28542993630573255,0.914440734557596,0.7884816753926701,0.992797333365013
0.9479905437352246,0.5229060620083295,0.0,0.8159582999198075,0.40963855421686746,0.17008985879332478,0.5947094945677847,0.5635245901639344,0.49563699825479934,0.38972929936305734,0.9006677796327212,0.8254799301919721,0.9932240187226763
0.9560283687943263,0.6626561776955114,0.0,0.8516439454691259,0.5848007414272475,0.22785622593068033,0.4662257912139821,0.6495901639344263,0.6656195462478185,0.5143312101910829,0.9436560934891486,0.8027923211169284,0.9949253152125704
0.9550827423167849,0.6876446089773254,0.0,0.8548516439454691,0.597775718257646,0.1925545571245186,0.44874822862541336,0.610655737704918,0.6698080279232111,0.4868630573248408,0.9670283806343907,0.7738219895287958,0.9949223452448837
0.9583924349881797,0.6635816751503933,0.0,0.842822774659182,0.5491195551436515,0.22978177150192552,0.4794520547945206,0.6598360655737705,0.618499127399651,0.3960987261146497,0.9607679465776293,0.7769633507853403,0.994703557625293
0.9522458628841608,0.6265617769551134,0.0,0.8352044907778668,0.515291936978684,0.17843388960205392,0.5063769485120454,0.5655737704918034,0.6300174520069808,0.40804140127388533,0.9528380634390651,0.7951134380453753,0.9952059771589684
0.9626477541371159,0.7427117075428044,0.0,0.8656776263031275,0.6380908248378128,0.24326059050064183,0.406235238545111,0.6311475409836066,0.7438045375218151,0.6664012738853503,0.916110183639399,0.8942408376963351,0.9962380409301146
0.9475177304964539,0.5025451180009255,0.0,0.8107457898957497,0.3697868396663577,0.15468549422336328,0.6882380727444497,0.5184426229508197,0.5493891797556719,0.28105095541401276,0.909432387312187,0.8809773123909249,0.9952633965342457
0.9479905437352246,0.4854234150856085,0.0,0.8115477145148355,0.37766450417052827,0.14826700898587933,0.7014643363249883,0.5,0.5151832460732985,0.26313694267515925,0.9065108514190316,0.8485165794066318,0.9941442137109547
0.9508274231678487,0.4974548819990745,0.0,0.8295910184442662,0.48841519925857274,0.19961489088575096,0.6424185167690128,0.584016393442623,0.4886561954624782,0.31648089171974525,0.9394824707846411,0.743804537521815,0.9920330616802888
0.0,0.6154558074965294,0.0,0.8929430633520449,0.726598702502317,0.0,0.5351913084553613,0.0,0.6663176265270506,0.5847929936305732,0.9461602671118531,0.7661431064572426,0.9933324225432427
0.0,0.6122165664044424,0.0,0.8833199679230153,0.6969416126042632,0.0,0.5380255077940482,0.0,0.6701570680628273,0.5931528662420382,0.9390651085141903,0.7832460732984293,0.9937591079009059
0.0,0.6682091624248033,0.0,0.8829190056134724,0.6955514365152919,0.0,0.49220595181861126,0.0,0.6984293193717278,0.5453821656050956,0.9574290484140233,0.7713787085514834,0.9941729233985933
0.0,0.5728829245719574,0.0,0.8404170008019246,0.5379981464318814,0.0,0.5791213982050071,0.0,0.6038394415357766,0.45740445859872614,0.9156928213689483,0.831064572425829,0.9942021280808464
0.948936170212766,0.48310967144840355,0.0,0.8211708099438653,0.4425393883225208,0.17137355584082156,0.7009919697685404,0.5409836065573771,0.5410122164048865,0.2870222929936306,0.9298831385642737,0.8076788830715532,0.9942536075207501
0.9574468085106383,0.6839426191577974,0.0,0.8704891740176424,0.654772937905468,0.24582798459563543,0.4407179971658007,0.6045081967213115,0.7821989528795812,0.5943471337579618,0.9382303839732888,0.8635253054101222,0.9972300101374897
0.9560283687943263,0.6344285053216104,0.0,0.8544506816359262,0.5968489341983317,0.23620025673940948,0.4827586206896552,0.5758196721311476,0.7291448516579407,0.5302547770700637,0.9190317195325542,0.9256544502617801,0.9975383917822973
0.0,0.6635816751503933,0.0,0.8853247794707297,0.7034291010194624,0.28433889602053913,0.43174303259329244,0.6311475409836066,0.805584642233857,0.9562101910828026,0.9290484140233722,0.8582897033158813,0.9961360720395361
0.0,0.4872744099953725,0.0,0.8199679230152366,0.4355885078776645,0.0,0.6358053849787435,0.0,0.6024432809773124,0.3642515923566879,0.9223706176961602,0.8729493891797557,0.9960964724703795
0.9527186761229315,0.5261453031004165,0.0,0.8331996792301524,0.505097312326228,0.0,0.5526688710439301,0.0,0.6369982547993019,0.42874203821656054,0.921118530884808,0.8726003490401396,0.9959440141291263
0.9536643026004729,0.5590004627487275,0.0,0.8340016038492382,0.509731232622799,0.16367137355584083,0.5229097779877184,0.5471311475409837,0.6565445026178011,0.41799363057324845,0.9248747913188647,0.8851657940663176,0.9967577852752961
0.9522458628841608,0.4983803794539565,0.0,0.8299919807538091,0.4902687673772011,0.20410783055198972,0.6046291922531886,0.5922131147540983,0.6055846422338569,0.3678343949044586,0.9257095158597662,0.8349040139616056,0.994996099442438
0.957919621749409,0.5835261453031004,0.0,0.863672814755413,0.6311399443929564,0.26957637997432604,0.46150212564950405,0.5942622950819673,0.7322862129144851,0.5302547770700637,0.917779632721202,0.8705061082024432,0.9956093977697522
0.9621749408983452,0.6617306802406294,0.0,0.8781074578989575,0.6802594995366079,0.3267008985879332,0.4241851676901276,0.7602459016393444,0.7849912739965096,0.6803343949044586,0.9520033388981636,0.8209424083769634,0.9964835582588861
0.9588652482269504,0.6589541878759834,0.0,0.8724939855653568,0.6617238183503243,0.24967907573812578,0.430325932923949,0.735655737704918,0.7581151832460733,0.6289808917197452,0.9795492487479132,0.7884816753926701,0.9969533081480073
0.9517730496453901,0.5747339194817215,0.0,0.8336006415396953,0.5083410565338277,0.16880616174582797,0.5200755786490316,0.5655737704918034,0.6300174520069808,0.35071656050955413,0.9816360601001669,0.7769633507853403,0.9962608106823797
0.0,0.42757982415548357,0.0,0.8039294306335204,0.3002780352177942,0.1360718870346598,1.0,0.44672131147540983,0.5082024432809773,0.21735668789808918,0.914440734557596,0.875043630017452,0.9954787191915352
0.9513002364066194,0.5159648310967145,0.0,0.8231756214915797,0.4522706209453197,0.18356867779204106,0.5805384978743505,0.5573770491803278,0.6087260034904014,0.32484076433121023,0.9411519198664441,0.8317626527050611,0.9960915225242348
0.9479905437352246,0.4414622859787136,0.0,0.8075380914194066,0.3405931417979611,0.14184852374839538,0.798299480396788,0.4774590163934426,0.5357766143106457,0.2527866242038217,0.921118530884808,0.8666666666666667,0.9957707660140657
0.9475177304964539,0.44886626561776954,0.0,0.809943865276664,0.36422613531047265,0.14377406931964057,0.7208313651393482,0.4877049180327869,0.555671902268761,0.28941082802547774,0.9215358931552587,0.8673647469458987,0.9958301653678008
0.9546099290780142,0.5849143914854235,0.0,0.8396150761828388,0.535681186283596,0.19768934531450577,0.4780349551251772,0.6229508196721312,0.68760907504363,0.4506369426751593,0.9273789649415692,0.8862129144851658,0.9970364672432364
0.9602836879432625,0.6339657565941694,0.0,0.8765036086607859,0.67516218721038,0.24711168164313219,0.42182333490788854,0.778688524590164,0.7525305410122164,0.5051751592356688,0.9833055091819699,0.7797556719022688,0.9966271066970791
0.9536643026004729,0.5839888940305414,0.0,0.842822774659182,0.5486561631139945,0.18228498074454427,0.4799244213509684,0.610655737704918,0.6966841186736475,0.4148089171974523,0.9398998330550918,0.8607329842931937,0.9972819845720078
0.9513002364066194,0.0,0.0,0.0,0.0,0.1662387676508344,0.0,0.5471311475409837,0.0,0.0,0.0,0.0,0.0
0.9470449172576832,0.44285053216103654,0.0,0.8107457898957497,0.36886005560704355,0.14762516046213092,0.6783183750590459,0.48565573770491804,0.5518324607329843,0.302547770700637,0.9140233722871453,0.8823734729493892,0.9956762220427041
0.9475177304964539,0.4479407681628875,0.0,0.8107457898957497,0.3693234476367006,0.14762516046213092,0.6400566839867737,0.4918032786885246,0.5570680628272251,0.320859872611465,0.9252921535893155,0.8614310645724258,0.9959445091237407
0.948936170212766,0.5057843590930126,0.0,0.8167602245388933,0.4151992585727525,0.15917843388960204,0.5706188001889466,0.5204918032786885,0.6101221640488657,0.3984872611464968,0.9269616026711185,0.8942408376963351,0.9973151492111765
0.9484633569739953,0.4645997223507635,0.0,0.8115477145148355,0.37812789620018533,0.15725288831835685,0.634860651865848,0.5409836065573771,0.5678883071553229,0.3431528662420382,0.9252921535893155,0.8732984293193717,0.996383074352151
0.950354609929078,0.5196668209162425,0.0,0.8219727345629511,0.4471733086190917,0.15853658536585366,0.5441662730278697,0.5389344262295082,0.5961605584642234,0.39251592356687903,0.9461602671118531,0.837696335078534,0.9967973848444528
0.9475177304964539,0.4803331790837575,0.0,0.8127506014434643,0.38554216867469876,0.14377406931964057,0.6041568256967407,0.48975409836065575,0.5717277486910995,0.33200636942675166,0.9348914858096828,0.8607329842931937,0.9967706551352721
0.9725768321513003,0.7875983341045812,0.0,0.9362469927826784,0.8484708063021316,0.35301668806161746,0.3112895606991025,0.6967213114754098,0.9849912739965097,0.819267515923567,0.9478297161936561,0.8485165794066318,0.997525026927707
0.9560283687943263,0.6450717260527534,0.0,0.8568564554931837,0.6051899907321594,0.1925545571245186,0.4095418044402457,0.6086065573770492,0.7626527050610821,0.5549363057324841,0.9524207011686143,0.8659685863874346,0.9989704112019261
0.9498817966903074,0.5312355391022675,0.0,0.8275862068965517,0.4763670064874884,0.17073170731707316,0.4997638167217761,0.5327868852459017,0.6670157068062827,0.47531847133757965,0.9365609348914858,0.8907504363001746,0.9982081194956598
0.9470449172576832,0.4692272096251735,0.0,0.8119486768243785,0.3790546802594995,0.0,0.6126594237128011,0.0,0.5584642233856894,0.356687898089172,0.9248747913188647,0.8589877835951134,0.9958108605778369
0.9574468085106383,0.6006478482184174,0.0,0.8564554931836408,0.6047265987025023,0.217586649550706,0.4402456306093529,0.6659836065573771,0.686910994764398,0.5019904458598726,0.9628547579298832,0.7989528795811518,0.9961771565925363
0.9569739952718677,0.6191577973160575,0.0,0.859262229350441,0.6153846153846154,0.21373555840821565,0.4161549362305149,0.6352459016393442,0.6760907504363002,0.6727707006369427,0.9507512520868113,0.8024432809773123,0.9954430795792941
0.9560283687943263,0.5414160111059695,0.0,0.8580593424218124,0.6102873030583874,0.24390243902439024,0.4657534246575343,0.7418032786885247,0.6209424083769634,0.41560509554140135,0.9641068447412353,0.7577661431064573,0.9937145583856047
0.9569739952718677,0.6260990282276724,0.0,0.8492381716118684,0.5755329008341057,0.2464698331193838,0.4407179971658007,0.6885245901639345,0.6631762652705061,0.4864649681528662,0.9315525876460767,0.8488656195462478,0.9959806437305961
0.0,0.4534937528921795,0.0,0.8091419406575782,0.35588507877664505,0.14377406931964057,0.661313179026925,0.4795081967213115,0.5343804537521815,0.27906050955414013,0.917779632721202,0.8771378708551483,0.9958316503516441
0.9531914893617022,0.5816751503933364,0.0,0.8356054530874097,0.5162187210379982,0.22913992297817715,0.47047709022201234,0.6475409836065574,0.6509598603839442,0.45939490445859876,0.9499165275459098,0.830715532286213,0.9968290644997782
0.9475177304964539,0.44932901434521055,0.0,0.8103448275862069,0.36746987951807225,0.14762516046213092,0.6400566839867737,0.5020491803278688,0.5204188481675394,0.2965764331210191,0.9248747913188647,0.8453752181500873,0.9953163609579927
0.9550827423167849,0.5788986580286904,0.0,0.8392141138732959,0.5329008341056534,0.2541720154043645,0.4733112895606991,0.6926229508196722,0.6258289703315881,0.49363057324840764,0.9549248747913188,0.8132635253054101,0.9963375348476208
0.9513002364066194,0.5316982878297085,0.0,0.8352044907778668,0.5143651529193698,0.17394094993581513,0.4799244213509684,0.5676229508196722,0.6115183246073299,0.48367834394904463,0.9273789649415692,0.8481675392670157,0.9956138527212823
0.948936170212766,0.4928273947246645,0.0,0.8219727345629511,0.44670991658943465,0.16110397946084723,0.5276334435521965,0.5389344262295082,0.568935427574171,0.4084394904458599,0.9236227045075125,0.8603839441535777,0.9957351264018247
0.9513002364066194,0.5863026376677465,0.0,0.8380112269446672,0.5273401297497683,0.1938382541720154,0.48417572035899864,0.6127049180327869,0.6003490401396161,0.4426751592356688,0.9586811352253756,0.7846422338568936,0.9950183742000887
0.9531914893617022,0.6233225358630264,0.0,0.8488372093023255,0.5746061167747915,0.2073170731707317,0.44638639584317436,0.6188524590163935,0.6404886561954625,0.5394108280254778,0.9557595993322203,0.7923211169284468,0.9952510216688842
0.0,0.6464599722350765,0.0,0.8700882117080995,0.6529193697868396,0.2612323491655969,0.40434577231931984,0.7418032786885247,0.68760907504363,0.5995222929936306,0.993322203672788,0.7581151832460733,0.995546533453716
0.9508274231678487,0.5701064322073115,0.0,0.8271852445870088,0.47544022242817424,0.165596919127086,0.4633915918752953,0.5327868852459017,0.6376963350785341,0.5075636942675159,0.9390651085141903,0.8698080279232112,0.997621055882912
0.9470449172576832,0.4784821841739936,0.0,0.8071371291098637,0.33688600556070436,0.13478818998716302,0.6811525743977327,0.444672131147541,0.5787085514834206,0.2496019108280255,0.9286310517529215,0.9392670157068063,0.9991852388646011
0.9475177304964539,0.48264692272096255,0.0,0.8079390537289495,0.34476367006487485,0.14120667522464697,0.6811525743977327,0.4692622950819672,0.5731239092495637,0.2575636942675159,0.9365609348914858,0.900174520069808,0.9986397547994678
0.9527186761229315,0.5654789449329014,0.0,0.8271852445870088,0.47544022242817424,0.1810012836970475,0.49929145016532833,0.5963114754098361,0.6376963350785341,0.38893312101910826,0.9469949916527546,0.8568935427574171,0.9978725131470569
0.0,0.5566867191115225,0.0,0.8496391339214113,0.576923076923077,0.21566110397946084,0.4633915918752953,0.6721311475409837,0.6289703315881326,0.4239649681528662,0.9657762938230383,0.7773123909249564,0.9950728236076791
0.0,0.4803331790837575,0.0,0.8167602245388933,0.4138090824837813,0.1681643132220796,0.5644780349551252,0.5327868852459017,0.5483420593368238,0.3598726114649682,0.9240400667779632,0.8387434554973822,0.9950168892162453
0.0,0.5807496529384545,0.0,0.8424218123496391,0.5468025949953661,0.1797175866495507,0.4449692961738309,0.6168032786885246,0.6317626527050612,0.35350318471337583,0.9920701168614358,0.7741710296684119,0.9969077686434771
0.0,0.6094400740397964,0.0,0.8504410585404972,0.5801668211306765,0.22336328626444157,0.41143127066603685,0.6905737704918034,0.6910994764397906,0.40764331210191085,0.9912353923205341,0.7832460732984293,0.9976690703605144
0.0,0.5548357242017584,0.0,0.830793905372895,0.49443929564411493,0.0,0.4652810581010865,0.0,0.643630017452007,0.42356687898089174,0.9482470784641068,0.8586387434554974,0.9980952607235632
0.0,0.5145765849143915,0.0,0.818364073777065,0.4244670991658943,0.0,0.5077940481813887,0.0,0.6233856893542757,0.4371019108280255,0.9252921535893155,0.9535776614310646,0.999276812868276
0.9513002364066194,0.5205923183711245,0.0,0.8275862068965517,0.47775718257645966,0.1649550706033376,0.46717052432687767,0.5266393442622951,0.649912739965096,0.46775477707006374,0.9323873121869782,0.9246073298429319,0.9991119796616612
0.9494089834515367,0.5131883387320685,0.0,0.8163592622293504,0.41241890639481,0.14698331193838254,0.5852621634388285,0.48565573770491804,0.5891797556719023,0.26831210191082805,0.9812186978297162,0.8101221640488656,0.9988204278337451
0.9593380614657211,0.6793151318833873,0.0,0.8769045709703288,0.6760889712696941,0.2355584082156611,0.33963155408597073,0.5368852459016393,0.8076788830715532,0.6409235668789809,0.9432387312186978,0.8928446771378709,0.9991644490907938
0.9541371158392435,0.5932438685793614,0.0,0.8408179631114675,0.5398517145505097,0.19576379974326058,0.45347189418989137,0.6680327868852459,0.6453752181500872,0.41560509554140135,1.0,0.7794066317626527,0.9981739648672622
0.9498817966903074,0.5386395187413234,0.0,0.822373696872494,0.4490268767377201,0.15404364569961487,0.5068493150684932,0.5245901639344263,0.6094240837696335,0.3073248407643312,0.9816360601001669,0.8101221640488656,0.9988486425267693
0.9508274231678487,0.5344747801943545,0.0,0.8259823576583801,0.4684893419833179,0.16752246469833118,0.4917335852621635,0.5307377049180328,0.6150087260034904,0.38176751592356695,0.9444908180300501,0.8729493891797557,0.9983491929607805
0.9517730496453901,0.5293845441925035,0.0,0.8299919807538091,0.48980537534754404,0.17137355584082156,0.5101558809636277,0.5676229508196722,0.5804537521815009,0.330812101910828,0.9816360601001669,0.7759162303664922,0.9961603267756446
0.0,0.5543729754743174,0.0,0.8231756214915797,0.4522706209453197,0.0,0.4770902220122816,0.0,0.631064572425829,0.3443471337579618,0.9536727879799666,0.8799301919720768,0.9999069410124817
0.0,0.5432670060157335,0.0,0.8199679230152366,0.4355885078776645,0.0,0.5068493150684932,0.0,0.6265270506108203,0.3594745222929937,0.9436560934891486,0.9040139616055847,0.9997252779889754
0.0,0.4919018972697825,0.0,0.8175621491579791,0.42029657089898054,0.0,0.5323571091166746,0.0,0.5609075043630019,0.29339171974522293,0.9390651085141903,0.8631762652705061,0.9973007943673572
0.0,0.48264692272096255,0.0,0.8179631114675221,0.4230769230769231,0.0,0.5276334435521965,0.0,0.5675392670157069,0.41242038216560517,0.9165275459098498,0.9204188481675393,0.9971151713869353
0.0,0.44840351689032854,0.0,0.809943865276664,0.3623725671918443,0.0,0.6164383561643836,0.0,0.5256544502617801,0.32484076433121023,0.9207011686143572,0.8904013961605585,0.9965414726287778
0.950354609929078,0.4905136510874595,0.0,0.8207698476343224,0.4392956441149212,0.1534017971758665,0.545583372697213,0.5122950819672132,0.5389179755671902,0.2914012738853503,0.9778797996661102,0.7766143106457243,0.9959162944307165
0.9527186761229315,0.5192040721888015,0.0,0.8319967923015237,0.4995366079703429,0.16688061617458277,0.5101558809636277,0.5532786885245902,0.5455497382198953,0.3244426751592357,0.9883138564273789,0.7546247818499128,0.9949005654818475
0.9531914893617022,0.5391022674687644,0.0,0.8420208500400962,0.5454124189063948,0.22400513478818998,0.4369390647142183,0.6024590163934427,0.5986038394415358,0.48328025477707004,0.9207011686143572,0.8568935427574171,0.9953970450801495
0.9541371158392435,0.5983341045812125,0.0,0.8331996792301524,0.5064874884151993,0.18613607188703465,0.4142654700047237,0.5799180327868853,0.6554973821989529,0.4486464968152867,0.9469949916527546,0.8712041884816754,0.9985521407527086
0.9522458628841608,0.0,0.0,0.0,0.0,0.18549422336328625,0.0,0.5655737704918034,0.0,0.0,0.0,0.0,0.0
0.9546099290780142,0.0,0.0,0.0,0.0,0.1951219512195122,0.0,0.6331967213114754,0.0,0.0,0.0,0.0,0.0
0.0,0.5349375289217955,0.0,0.8199679230152366,0.4355885078776645,0.0,0.4870099196976854,0.0,0.5842931937172775,0.365047770700637,0.9340567612687813,0.8998254799301919,0.9982902886016599
0.0,0.4696899583526145,0.0,0.8087409783480353,0.35449490268767375,0.0,0.6268304204062353,0.0,0.5410122164048865,0.2949840764331211,0.9303005008347245,0.9054101221640489,0.9980838758474307
0.0,0.5793614067561315,0.0,0.8396150761828388,0.535681186283596,0.0,0.4133207368918281,0.0,0.6216404886561955,0.47253184713375795,0.9390651085141903,0.8642233856893543,0.9973507888234175
0.9626477541371159,0.6719111522443314,0.0,0.8857257417802726,0.7043558850787767,0.41784338896020534,0.33018422295701466,0.6127049180327869,0.768237347294939,0.6265923566878981,0.9207011686143572,0.9155322862129145,0.9973720735918392
0.9550827423167849,0.5830633965756594,0.0,0.8476343223736968,0.5695088044485636,0.2836970474967907,0.3882853094000945,0.6680327868852459,0.650261780104712,0.5613057324840764,0.9361435726210351,0.8541012216404886,0.9966379965785972
0.9498817966903074,0.4923646459972235,0.0,0.813953488372093,0.3943466172381835,0.0,0.6121870571563534,0.0,0.4862129144851658,0.2559713375796179,0.9787145242070117,0.7654450261780105,0.9951218280745104
0.9484633569739953,0.48773715872281354,0.0,0.8087409783480353,0.3531047265987025,0.0,0.6169107227208314,0.0,0.49703315881326354,0.2388535031847134,0.9361435726210351,0.8478184991273996,0.996377629411392
0.9617021276595745,0.6992133271633504,0.0,0.8901363271852446,0.7182576459684893,0.2772785622593068,0.34435521965044874,0.5594262295081968,0.7528795811518325,0.6711783439490446,0.9424040066777963,0.8443280977312391,0.9967647151998986
0.9560283687943263,0.5488199907450255,0.0,0.8448275862068966,0.5583873957367933,0.0,0.44969296173830897,0.0,0.5720767888307156,0.4406847133757962,0.9670283806343907,0.7696335078534031,0.994656038142305
0.9650118203309693,0.7482646922720964,0.0,0.9153969526864475,0.7928637627432809,0.5173299101412067,0.3717524799244214,0.7110655737704918,0.7591623036649215,0.7468152866242038,0.9303005008347245,0.8422338568935428,0.9956237526135715
0.0,0.6233225358630264,0.0,0.8400160384923817,0.5370713623725673,0.0,0.5063769485120454,0.0,0.5539267015706806,0.3964968152866243,0.9845575959933222,0.768935427574171,0.9958524401254514
0.0,0.6108283202221194,0.0,0.8340016038492382,0.509731232622799,0.0,0.47756258856872935,0.0,0.5801047120418849,0.5218949044585988,0.9332220367278798,0.8739965095986039,0.9971518009884052
0.9546099290780142,0.5395650161962054,0.0,0.8404170008019246,0.5393883225208527,0.0,0.4997638167217761,0.0,0.6143106457242583,0.5696656050955414,0.9240400667779632,0.8893542757417103,0.9968265895267059
0.9531914893617022,0.5469689958352615,0.0,0.8336006415396953,0.5074142724745134,0.2779204107830552,0.5158242796410014,0.5922131147540983,0.5630017452006981,0.4215764331210191,0.9361435726210351,0.8359511343804538,0.995850955141608
0.9494089834515367,0.5048588616381305,0.0,0.818364073777065,0.42354031510658013,0.1810012836970475,0.5465281058101087,0.5491803278688525,0.5218150087260035,0.38734076433121023,0.92779632721202,0.8645724258289703,0.9962474458277893
0.9484633569739953,0.4683017121702916,0.0,0.8115477145148355,0.3767377201112141,0.16302952503209242,0.629664619744922,0.5061475409836066,0.5242582897033159,0.3288216560509554,0.9307178631051752,0.8865619546247818,0.9974190980802128
0.9560283687943263,0.6163813049514114,0.0,0.8504410585404972,0.5801668211306765,0.2779204107830552,0.4156825696740671,0.6495901639344263,0.631413612565445,0.4554140127388535,0.9536727879799666,0.8282722513089005,0.9970631969524171
0.9560283687943263,0.6062008329477094,0.0,0.8496391339214113,0.576923076923077,0.2650834403080873,0.41946150212564953,0.6454918032786885,0.6415357766143107,0.5007961783439491,0.9323873121869782,0.9071553228621292,0.9984001774060698
0.948936170212766,0.5196668209162425,0.0,0.8203688853247795,0.43744207599629287,0.1797175866495507,0.5233821445441663,0.5409836065573771,0.5563699825479931,0.4040605095541402,0.92779632721202,0.8928446771378709,0.9973290090603814
0.9484633569739953,0.45441925034706154,0.0,0.8103448275862069,0.3665430954587581,0.14634146341463414,0.7024090694378838,0.42827868852459017,0.4642233856893543,0.26313694267515925,0.8989983305509182,0.8820244328097732,0.9945322894886903
0.950354609929078,0.4789449329014346,0.0,0.8235765838011226,0.45644114921223355,0.22336328626444157,0.5616438356164384,0.5245901639344263,0.49703315881326354,0.3901273885350319,0.8856427378964942,0.918673647469459,0.9944263606411962
0.9602836879432625,0.6048125867653864,0.0,0.8712910986367282,0.6575532900834106,0.35044929396662383,0.41709966934341053,0.680327868852459,0.6219895287958116,0.5298566878980892,0.9394824707846411,0.7881326352530541,0.9939813604827978
0.9763593380614658,0.8921795465062472,0.0,0.9458700882117081,0.8725671918443003,0.5282413350449293,0.2923948984411904,0.7950819672131149,0.8952879581151832,0.8204617834394905,0.9407345575959933,0.8652705061082024,0.9975854162706709
0.9664302600472814,0.7718648773715873,0.0,0.8821170809943866,0.6932344763670065,0.39409499358151473,0.34435521965044874,0.7008196721311475,0.7169284467713788,0.7125796178343949,0.9290484140233722,0.9057591623036649,0.9979858669137679
0.0,0.5404905136510875,0.0,0.8275862068965517,0.47775718257645966,0.0,0.4770902220122816,0.0,0.5671902268760908,0.46218152866242046,0.9181969949916527,0.918324607329843,0.9972121903313691
0.0,0.7112447940768163,0.0,0.8885324779470729,0.7131603336422614,0.0,0.34246575342465757,0.0,0.7225130890052356,0.7253184713375797,0.9207011686143572,0.9022687609075044,0.9969458832287904
0.0,0.9440074039796391,0.0,0.9783480352846832,0.9508804448563485,0.0,0.26452527161076994,0.0,0.9609075043630018,0.9327229299363058,0.9369782971619366,0.8708551483420593,0.9974250380155864
0.9787234042553192,0.9055992596020361,0.0,0.9450681635926224,0.871177015755329,0.5577663671373556,0.2815304676428909,0.6495901639344263,0.8656195462478186,0.8594745222929937,0.9315525876460767,0.8890052356020942,0.997560666539948
0.9659574468085107,0.7820453493752892,0.0,0.9013632718524458,0.752548656163114,0.508344030808729,0.31412376003778936,0.5635245901639344,0.7794066317626528,0.7181528662420382,0.916110183639399,0.9315881326352531,0.9974136531394537
0.9602836879432625,0.7737158722813513,0.0,0.8865276663993584,0.7075996292863763,0.3356867779204108,0.32923948984411905,0.6168032786885246,0.731239092495637,0.6831210191082803,0.9398998330550918,0.8708551483420593,0.9977433195526832
0.9635933806146573,0.8204534937528922,0.0,0.8889334402566158,0.7150139017608897,0.37612323491655963,0.31648559282002836,0.6331967213114754,0.7643979057591623,0.6978503184713376,0.9474123539232053,0.8767888307155323,0.998863492365203
0.9513002364066194,0.5932438685793614,0.0,0.8271852445870088,0.4749768303985171,0.23299101412066753,0.45016532829475675,0.5307377049180328,0.6024432809773124,0.44984076433121023,0.9236227045075125,0.9392670157068063,0.9985402608819616
0.0,0.5455807496529385,0.0,0.8356054530874097,0.5176088971269694,0.0,0.4700047236655645,0.0,0.5577661431064573,0.43909235668789814,0.9102671118530885,0.8949389179755671,0.9957534412025597
0.0,0.5043961129106895,0.0,0.8259823576583801,0.46941612604263205,0.0,0.5186584789796882,0.0,0.5144851657940663,0.38694267515923575,0.8989983305509182,0.8994764397905759,0.9949431350186909
0.0,0.4419250347061545,0.0,0.8067361668003208,0.33225208526413347,0.0,0.7203589985829004,0.0,0.45061082024432814,0.2734872611464968,0.8969115191986644,0.8963350785340314,0.9947119725337388
0.0,0.5918556223970384,0.0,0.842822774659182,0.5491195551436515,0.0,0.4525271610769958,0.0,0.581151832460733,0.4812898089171975,0.8985809682804674,0.8945898778359511,0.9947827567636064
0.0,0.5793614067561315,0.0,0.8408179631114675,0.5403151065801668,0.0,0.43741143127066606,0.0,0.5745200698080279,0.47054140127388533,0.9273789649415692,0.8425828970331588,0.9954193198378001
0.0,0.6936603424340584,0.0,0.8736968724939855,0.6658943466172381,0.0,0.35569201700519604,0.0,0.6994764397905759,0.6170382165605096,0.9081803005008348,0.9396160558464224,0.9968216395805614
0.0,0.6126793151318835,0.0,0.8508420208500401,0.582483781278962,0.0,0.4095418044402457,0.0,0.6174520069808028,0.5139331210191083,0.9010851419031719,0.943804537521815,0.9962548707470062
0.0,0.5293845441925035,0.0,0.8352044907778668,0.5143651529193698,0.0,0.48559282002834203,0.0,0.5382198952879582,0.38893312101910826,0.9265442404006677,0.8338568935427574,0.9950154042324019
0.0,0.5409532623785285,0.0,0.8291900561347233,0.4865616311399444,0.0,0.4940954180444025,0.0,0.5413612565445026,0.3877388535031847,0.9148580968280468,0.8792321116928447,0.9956341475004752
0.0,0.5529847292919945,0.0,0.8340016038492382,0.5088044485634847,0.0,0.4539442607463392,0.0,0.5616055846422339,0.4868630573248408,0.907762938230384,0.9197207678883071,0.9962370509408857
0.0,0.6094400740397964,0.0,0.8480352846832397,0.5704355885078777,0.0,0.4104865375531413,0.0,0.6031413612565445,0.5203025477707006,0.8981636060100167,0.9542757417102967,0.9962390309193435
0.0,0.7968533086534012,0.0,0.9065757818765036,0.767840593141798,0.0,0.3108171941426547,0.0,0.7828970331588133,0.7209394904458599,0.9131886477462438,0.9528795811518325,0.9977789591649242
0.9711583924349882,0.8579361406756132,0.0,0.921411387329591,0.809082483781279,0.4454428754813864,0.2999527633443552,0.7213114754098361,0.8293193717277487,0.8785828025477708,0.9440734557595993,0.868760907504363,0.9980774409174428
0.9536643026004729,0.6228597871355854,0.0,0.8424218123496391,0.5481927710843374,0.2573812580231065,0.41237600377893247,0.555327868852459,0.599650959860384,0.5318471337579618,0.9198664440734557,0.930890052356021,0.9978249936640688
0.9612293144208038,0.7223507635354003,0.0,0.8672814755412991,0.6436515291936978,0.3979460847240051,0.35380255077940487,0.6557377049180328,0.6897033158813264,0.6174363057324841,0.9415692821368948,0.8666666666666667,0.9977314396819362
0.9607565011820332,0.6839426191577974,0.0,0.8664795509222133,0.6404077849860982,0.48844672657252886,0.3708077468115258,0.680327868852459,0.675043630017452,0.6186305732484076,0.9169449081803005,0.9263525305410123,0.9973418789203573
0.96548463356974,0.7973160573808422,0.0,0.9017642341619887,0.7544022242817423,0.5154043645699615,0.3108171941426547,0.6475409836065574,0.8076788830715532,0.6222133757961783,0.9190317195325542,1.0,0.9999999999999999
0.9517730496453901,0.5539102267468765,0.0,0.8247794707297514,0.4620018535681186,0.23684210526315788,0.4780349551251772,0.5409836065573771,0.5828970331588132,0.40764331210191085,0.9152754590984975,0.956719022687609,0.9981026856427802
0.9735224586288417,0.8139750115687182,0.0,0.9282277465918204,0.8276181649675626,0.47753530166880614,0.293339631554086,0.6700819672131149,0.8366492146596859,0.8069267515923567,0.9407345575959933,0.875043630017452,0.9980017067414306
0.9626477541371159,0.7329939842665433,0.0,0.8953488372093024,0.7349397590361446,0.40757381258023107,0.33254605573925367,0.5901639344262295,0.7095986038394416,0.6385350318471338,0.9090150250417363,0.9263525305410123,0.9965295927580308
0.9513002364066194,0.5705691809347524,0.0,0.8287890938251804,0.48285449490268767,0.2349165596919127,0.4515824279641002,0.5450819672131147,0.5452006980802793,0.45421974522292996,0.9081803005008348,0.9301919720767888,0.9965474125641512
0.9574468085106383,0.6506247107820454,0.0,0.8500400962309542,0.5787766450417053,0.34980744544287545,0.39395370807746816,0.5942622950819673,0.587783595113438,0.5286624203821656,0.916110183639399,0.9036649214659686,0.9965206828549705
0.9475177304964539,0.4405367885238316,0.0,0.8067361668003208,0.33178869323447635,0.16238767650834401,0.7416154936230516,0.48155737704918034,0.4178010471204189,0.2547770700636943,0.8977462437395659,0.8795811518324608,0.9943837911043527
0.948936170212766,0.44285053216103654,0.0,0.8087409783480353,0.3526413345690454,0.17137355584082156,0.6575342465753425,0.4959016393442623,0.41815008726003494,0.26154458598726116,0.8810517529215359,0.8921465968586387,0.9936244693657732
0.0,0.5159648310967145,0.0,0.8315958299919808,0.49721964782205746,0.0,0.5068493150684932,0.0,0.46596858638743455,0.44386942675159236,0.8501669449081803,0.9640488656195463,0.9930270108661218
0.964066193853428,0.6483109671448404,0.0,0.8680834001603849,0.6468952734012975,0.4961489088575096,0.3764761454888994,0.7930327868852459,0.6094240837696335,0.5557324840764332,0.8831385642737897,0.9633507853403142,0.9951144031552936
0.9569739952718677,0.6149930587690884,0.0,0.8476343223736968,0.5690454124189064,0.3543003851091142,0.40670760510155884,0.6680327868852459,0.5863874345549739,0.4976114649681529,0.9085976627712855,0.8917975567190227,0.9954970339922701
0.9536643026004729,0.4914391485423415,0.0,0.8287890938251804,0.48331788693234473,0.29845956354300385,0.533774208786018,0.6434426229508197,0.4300174520069808,0.3753980891719746,0.8914858096828047,0.8101221640488656,0.9924528171133498
0.9475177304964539,0.43128181397501153,0.0,0.8047313552526062,0.3113994439295644,0.15211810012836968,0.7846008502598016,0.4754098360655738,0.37207678883071554,0.2352707006369427,0.8810517529215359,0.8404886561954625,0.9926597248621934
0.9711583924349882,0.7505784359093013,0.0,0.9025661587810746,0.7562557924003707,0.5263157894736842,0.3183750590458196,0.8442622950819673,0.7162303664921467,0.7308917197452229,0.9040066777963272,0.8952879581151832,0.995211917094342
0.9498817966903074,0.4919018972697825,0.0,0.8071371291098637,0.3387395736793327,0.15725288831835685,0.6126594237128011,0.48360655737704916,0.45200698080279234,0.320859872611465,0.8960767946577629,0.9068062827225131,0.9949233352341126
0.9692671394799055,0.6695974086071264,0.0,0.8612670408981555,0.6218721037998146,0.4293966623876765,0.36561171469059994,0.8647540983606558,0.6097731239092495,0.5569267515923567,0.91110183639399,0.8806282722513089,0.9953955600963061
0.9531914893617022,0.4868116612679315,0.0,0.8360064153969526,0.5185356811862836,0.3613607188703466,0.5512517713745867,0.7151639344262295,0.3598603839441536,0.4199840764331211,0.8964941569282137,0.7479930191972077,0.9911757310080466
0.9498817966903074,0.5636279500231375,0.0,0.834803528468324,0.5129749768303985,0.3157894736842105,0.514407179971658,0.6700819672131149,0.41221640488656197,0.5374203821656052,0.8969115191986644,0.7738219895287958,0.9917939792815054
0.0,0.47200370198981956,0.0,0.8111467522052926,0.37256719184430026,0.2028241335044929,0.6268304204062353,0.5737704918032787,0.374869109947644,0.4167993630573249,0.845575959933222,0.9102966841186737,0.9922384844452892
0.9460992907801419,0.5076353540027765,0.0,0.8187650360866079,0.42724745134383685,0.2573812580231065,0.5606991025035427,0.6311475409836066,0.4024432809773124,0.4613853503184714,0.8501669449081803,0.900174520069808,0.9922914488690362
1.0,0.980101804720037,0.0,1.0,1.0,1.0,0.25271610769957487,0.7991803278688525,0.9343804537521816,0.9701433121019108,0.8827212020033389,0.9640488656195463,0.9950995533168598
0.9560283687943263,0.5816751503933364,0.0,0.8448275862068966,0.5579240037071362,0.5038510911424903,0.42607463391591877,0.6147540983606558,0.49005235602094244,0.5095541401273885,0.8514190317195326,0.9881326352530541,0.9933650921877969
0.9650118203309693,0.7862100879222582,0.0,0.8696872493985566,0.6519925857275255,0.5481386392811296,0.44780349551251775,0.7028688524590164,0.6038394415357766,0.8284235668789809,0.8889816360601002,0.9553228621291449,0.9954128849078121
0.9536643026004729,0.6464599722350765,0.0,0.8323977546110666,0.5009267840593142,0.33376123234916555,0.4818138875767596,0.6127049180327869,0.5218150087260035,0.5465764331210191,0.8860601001669449,0.9839441535776614,0.995767796046379
0.9650118203309693,0.6904211013419713,0.0,0.8540497193263833,0.5954587581093606,0.4987163029525032,0.3873405762871989,0.680327868852459,0.5717277486910995,0.6329617834394905,0.8777128547579299,0.9602094240837696,0.9946416832984857
0.9546099290780142,0.6321147616844054,0.0,0.8452285485164395,0.5593141797961075,0.3138639281129653,0.46055739253660843,0.6495901639344263,0.5553228621291448,0.5680732484076434,0.9115191986644408,0.8722513089005235,0.995163407622125
0.9678486997635934,0.7718648773715873,0.0,0.8901363271852446,0.7187210379981465,0.60397946084724,0.317430325932924,0.6700819672131149,0.6921465968586388,0.7209394904458599,0.8977462437395659,0.9574171029668412,0.9962375459355002
0.9673758865248228,0.7834335955576123,0.0,0.8973536487570168,0.7409638554216867,0.5250320924261873,0.31459612659423714,0.7172131147540983,0.7305410122164049,0.7595541401273885,0.9140233722871453,0.9130890052356021,0.9966256217132357
0.9527186761229315,0.5275335492827395,0.0,0.8167602245388933,0.41334569045412417,0.2618741976893453,0.5356636750118092,0.5799180327868853,0.48062827225130894,0.3777866242038217,0.8827212020033389,0.9808027923211169,0.9954391196223784
0.956501182033097,0.6024988431281815,0.0,0.8295910184442662,0.48887859128822986,0.2939666238767651,0.4548889938592348,0.610655737704918,0.5162303664921466,0.49323248407643316,0.9069282136894825,0.8841186736474694,0.99514063786986
0.9531914893617022,0.5039333641832485,0.0,0.8199679230152366,0.43466172381835033,0.25481386392811295,0.7458667926310818,0.6147540983606558,0.44013961605584645,0.3753980891719746,0.8906510851419032,0.8659685863874346,0.993639319204207
0.9517730496453901,0.4636742248958815,0.0,0.8203688853247795,0.43697868396663575,0.2580231065468549,0.5909305621162022,0.6352459016393442,0.35811518324607333,0.37858280254777077,0.8881469115191987,0.7766143106457243,0.9916271660964329
0.9536643026004729,0.0,0.0,0.0,0.0,0.0,0.0,0.0,0.0,0.0,0.0,0.0,0.0
0.9702127659574469,0.0,0.0,0.0,0.0,0.8273427471116817,0.0,0.8545081967213115,0.0,0.0,0.0,0.0,0.0
0.9607565011820332,0.6427579824155484,0.0,0.8444266238973537,0.5556070435588508,0.39216944801026954,0.4156825696740671,0.6741803278688525,0.518673647469459,0.5234872611464968,0.8606010016694491,0.9916230366492147,0.9939580957359183
0.9626477541371159,0.5927811198519205,0.0,0.8640737770649559,0.6320667284522706,0.4216944801026957,0.4274917335852622,0.7479508196721312,0.47853403141361256,0.5903662420382165,0.8635225375626043,0.8387434554973822,0.9919815822403851
0.9607565011820332,0.6186950485886165,0.0,0.8520449077786688,0.5866543095458758,0.5378690629011553,0.4161549362305149,0.7663934426229508,0.47155322862129145,0.5804140127388535,0.8547579298831386,0.8834205933682373,0.9922686791167712
0.9555555555555556,0.5423415085608515,0.0,0.834803528468324,0.5139017608897127,0.362002567394095,0.48512045347189425,0.6372950819672132,0.4230366492146597,0.4355095541401274,0.8764607679465777,0.8174520069808028,0.9920741462332889
0.9546099290780142,0.5404905136510875,0.0,0.8360064153969526,0.5189990732159407,0.32028241335044927,0.4870099196976854,0.6721311475409837,0.41570680628272255,0.43073248407643316,0.8777128547579299,0.8118673647469459,0.9920157368687829
0.9687943262411348,0.7107820453493754,0.0,0.8765036086607859,0.6746987951807228,0.6270860077021823,0.3623051487954653,0.8688524590163935,0.5305410122164049,0.8073248407643312,0.8764607679465777,0.819197207678883,0.9920974109801685
0.9470449172576832,0.4849606663581675,0.0,0.8047313552526062,0.3076923076923077,0.16302952503209242,0.7675956542276807,0.5040983606557378,0.4404886561954625,0.25398089171974525,0.8802170283806344,0.9783595113438046,0.9951589526705948
0.9475177304964539,0.4965293845441925,0.0,0.8055332798716921,0.31742354031510656,0.17843388960205392,0.7109116674539443,0.5471311475409837,0.4478184991273997,0.2834394904458599,0.8793823038397329,0.9797556719022688,0.9951257880314262
0.950354609929078,0.5719574271170754,0.0,0.8159582999198075,0.4101019462465246,0.24582798459563543,0.5394426074633916,0.639344262295082,0.4774869109947644,0.3885350318471338,0.8827212020033389,0.9514834205933682,0.9948629458911487
0.9550827423167849,0.6191577973160575,0.0,0.8331996792301524,0.5055607043558851,0.2644415917843389,0.43504959848842706,0.6352459016393442,0.5218150087260035,0.4450636942675159,0.8906510851419032,0.9305410122164048,0.995031739054679
0.0,0.6372049976862564,0.0,0.8612670408981555,0.6223354958294717,0.0,0.36561171469059994,0.0,0.5734729493891798,0.5593152866242038,0.8927378964941569,0.8691099476439791,0.9938140523031109
0.0,0.5215178158260065,0.0,0.8227746591820368,0.45134383688600554,0.0,0.5115729806329712,0.0,0.4104712041884817,0.3801751592356688,0.8706176961602671,0.8554973821989529,0.9924830117848317
0.0,0.5229060620083295,0.0,0.8211708099438653,0.4411492122335496,0.0,0.514407179971658,0.0,0.41221640488656197,0.4060509554140128,0.8635225375626043,0.8736474694589877,0.9924785568333016
0.0,0.4567329939842666,0.0,0.8043303929430633,0.30213160333642264,0.0,0.7557864903164856,0.0,0.35706806282722514,0.2269108280254777,0.8672787979966611,0.8659685863874346,0.9925112264778558
0.0,0.5765849143914854,0.0,0.8187650360866079,0.428174235403151,0.0,0.4950401511572981,0.0,0.38324607329842936,0.5577229299363058,0.8689482470784641,0.83804537521815,0.9921548303554457
0.9560283687943263,0.5946321147616844,0.0,0.8336006415396953,0.5078776645041705,0.32028241335044927,0.45347189418989137,0.7110655737704918,0.4359511343804538,0.5326433121019108,0.8868948247078464,0.8108202443280977,0.992300853766711
0.9536643026004729,0.5974086071263305,0.0,0.8227746591820368,0.4508804448563485,0.2708600770218228,0.4818138875767596,0.6454918032786885,0.4198952879581152,0.5700636942675159,0.8580968280467446,0.9064572425828971,0.9926933844959767
0.9513002364066194,0.5340120314669135,0.0,0.8155573376102646,0.40500463392029656,0.24390243902439024,0.538497874350496,0.5901639344262295,0.41221640488656197,0.4343152866242038,0.8434891485809682,0.9532286212914485,0.9926072554330608
0.9588652482269504,0.6626561776955114,0.0,0.8372093023255813,0.5240963855421686,0.41784338896020534,0.4128483703353803,0.75,0.47853403141361256,0.7273089171974523,0.8718697829716193,0.8886561954624782,0.9930710653868086
0.9612293144208038,0.0,0.0,0.0,0.0,0.4409499358151476,0.0,0.7418032786885247,0.0,0.0,0.0,0.0,0.0
0.9626477541371159,0.0,0.0,0.0,0.0,0.4749679075738126,0.0,0.7581967213114754,0.0,0.0,0.0,0.0,0.0
0.9631205673758866,0.7815826006478482,0.0,0.867682437850842,0.6455050973123262,0.5584082156611039,0.32923948984411905,0.7131147540983607,0.5846422338568936,0.7866242038216561,0.8706176961602671,0.9389179755671903,0.9938165272761832
0.9612293144208038,0.7089310504396114,0.0,0.8616680032076984,0.623725671918443,0.3709884467265725,0.3490788852149268,0.7110655737704918,0.6013961605584642,0.6277866242038217,0.8910684474123539,0.9239092495636998,0.9949248202179559
0.9635933806146573,0.7260527533549284,0.0,0.8744987971130713,0.6682113067655236,0.32734274711168165,0.3193197921587152,0.7069672131147542,0.6523560209424084,0.5995222929936306,0.9031719532554257,0.8837696335078534,0.9948530459988595
0.0,0.5502082369273484,0.0,0.813953488372093,0.3938832252085264,0.19576379974326058,0.5196032120925839,0.5450819672131147,0.47853403141361256,0.3853503184713376,0.8889816360601002,0.9434554973821989,0.9951876623582335
0.9569739952718677,0.7538176770013882,0.0,0.8793103448275862,0.6844300278035218,0.44801026957637996,0.3098724610297591,0.7213114754098361,0.6705061082024433,0.7006369426751593,0.8935726210350584,0.9280977312390926,0.9952020172020528
0.9513002364066194,0.6515502082369274,0.0,0.8404170008019246,0.5393883225208527,0.38446726572528883,0.3788379782711384,0.6700819672131149,0.5253054101221641,0.6170382165605096,0.8848080133555927,0.9305410122164048,0.9945892138693531
0.9541371158392435,0.6395187413234614,0.0,0.8392141138732959,0.5333642261353105,0.43581514762516044,0.39395370807746816,0.6331967213114754,0.5329842931937173,0.5346337579617835,0.8714524207011686,0.9752181500872601,0.9944605152695938
0.9659574468085107,0.7001388246182324,0.0,0.8696872493985566,0.6515291936978684,0.5712451861360719,0.3367973547472839,0.7049180327868853,0.5825479930191972,0.6950636942675159,0.8635225375626043,0.9605584642233858,0.993704163498701
0.9602836879432625,0.6459972235076354,0.0,0.8608660785886126,0.6204819277108433,0.46854942233632857,0.3859234766178555,0.7909836065573771,0.5134380453752182,0.6755573248407644,0.8539232053422371,0.8799301919720768,0.9922028448330482
0.9867612293144208,0.8398889403054142,0.0,0.9510825982357658,0.8860055607043559,0.9178433889602053,0.27586206896551724,0.8709016393442623,0.7019197207678883,1.0,0.8672787979966611,0.8659685863874346,0.992521126370145
0.9725768321513003,0.8227672373900973,0.0,0.9182036888532478,0.8002780352177943,0.6899871630295249,0.2923948984411904,0.7766393442622952,0.6844677137870856,0.910031847133758,0.8676961602671118,0.9075043630017452,0.9931601644174111
0.9522458628841608,0.7602961591855623,0.0,0.8696872493985566,0.6519925857275255,0.5423620025673941,0.33160132262635805,0.8360655737704918,0.5692844677137872,0.7456210191082803,0.8635225375626043,0.9664921465968587,0.9937917775454602
0.950354609929078,0.7552059231837113,0.0,0.8620689655172413,0.6255792400370713,0.47946084724005134,0.34341048653755313,0.8278688524590164,0.556020942408377,0.8033439490445861,0.8931552587646077,0.8795811518324608,0.9940917442818221
0.9460992907801419,0.5492827394724664,0.0,0.8364073777064955,0.5213160333642262,0.32734274711168165,0.46102975909305627,0.7131147540983607,0.4244328097731239,0.5039808917197452,0.8906510851419032,0.7930191972076789,0.9920469215294937
0.948936170212766,0.5849143914854235,0.0,0.8524458700882117,0.5894346617238184,0.4133504492939666,0.4270193670288144,0.7684426229508197,0.4547993019197208,0.5652866242038217,0.8818864774624374,0.787783595113438,0.9916831004878667
0.9460992907801419,0.6140675613142065,0.0,0.8323977546110666,0.5023169601482854,0.2875481386392811,0.4270193670288144,0.6885245901639345,0.4792321116928447,0.4709394904458599,0.8514190317195326,0.9787085514834206,0.9932710432110498
0.9527186761229315,0.5636279500231375,0.0,0.8376102646351243,0.5254865616311399,0.29460847240051347,0.4440245630609353,0.7561475409836066,0.4237347294938918,0.46457006369426757,0.8651919866444073,0.8453752181500873,0.992138000538554
0.9508274231678487,0.5205923183711245,0.0,0.8135525260625501,0.3934198331788693,0.24775353016688062,0.5682569674067076,0.7008196721311475,0.35567190226876094,0.3065286624203822,0.8635225375626043,0.825130890052356,0.9917885343407463
0.9522458628841608,0.5266080518278575,0.0,0.8167602245388933,0.41334569045412417,0.2522464698331194,0.5370807746811526,0.7151639344262295,0.35078534031413616,0.3730095541401274,0.8589315525876461,0.8216404886561954,0.9916157812203003
0.9626477541371159,0.7232762609902823,0.0,0.8664795509222133,0.6408711770157554,0.6765083440308086,0.3401039206424185,1.0,0.5141361256544503,0.7336783439490446,0.8564273789649416,0.8666666666666667,0.9921196857378192
0.9588652482269504,0.6834798704303564,0.0,0.8436246992782679,0.5518999073215941,0.42297817715019254,0.3821445441662731,0.848360655737705,0.46806282722513093,0.7066082802547771,0.8727045075125208,0.8443280977312391,0.9923934177596148
0.9508274231678487,0.5724201758445164,0.0,0.8131515637530072,0.3873957367933271,0.22528883183568676,0.5153519130845536,0.639344262295082,0.4272251308900524,0.31130573248407645,0.8676961602671118,0.9301919720767888,0.9935155705505924
0.9560283687943263,0.6441462285978714,0.0,0.8420208500400962,0.5449490268767377,0.3433889602053915,0.3863958431743033,0.8073770491803278,0.5200698080279232,0.5214968152866243,0.8651919866444073,0.9424083769633508,0.9935507151682189
0.956501182033097,0.6237852845904674,0.0,0.8416198877305533,0.5444856348470807,0.3523748395378691,0.3958431743032594,0.8668032786885247,0.5036649214659685,0.5031847133757962,0.8580968280467446,0.9584642233856893,0.9933680621554837
0.9541371158392435,0.5983341045812125,0.0,0.8279871692060946,0.48007414272474513,0.39409499358151473,0.4383561643835617,0.8852459016393444,0.468411867364747,0.4876592356687899,0.8539232053422371,0.9842931937172774,0.9934527062345561
0.9588652482269504,0.6237852845904674,0.0,0.8504410585404972,0.5810936051899908,0.3549422336328626,0.3925366084081247,0.7725409836065574,0.500174520069808,0.5402070063694268,0.8772954924874792,0.8485165794066318,0.9926453700183742
0.9645390070921986,0.6464599722350765,0.0,0.8564554931836408,0.603336422613531,0.41976893453145053,0.3821445441662731,0.8094262295081968,0.5267015706806283,0.5784235668789809,0.8672787979966611,0.875392670157068,0.9926542799214344
0.957919621749409,0.5224433132808884,0.0,0.8135525260625501,0.39156626506024095,0.22336328626444157,0.5488899385923477,0.6311475409836066,0.38603839441535776,0.28821656050955413,0.8752086811352253,0.8554973821989529,0.9926706147437115
0.9522458628841608,0.5344747801943545,0.0,0.8175621491579791,0.4198331788693234,0.23620025673940948,0.5139348134152102,0.6557377049180328,0.3783595113438046,0.32484076433121023,0.8873121869782972,0.8048865619546248,0.9921969048976746
0.9508274231678487,0.4812586765386395,0.0,0.8143544506816359,0.3989805375347544,0.24711168164313219,0.5743977326405291,0.6659836065573771,0.33403141361256544,0.2527866242038217,0.8514190317195326,0.8265270506108202,0.9914821326743964
0.9465721040189126,0.43267006015733456,0.0,0.8031275060144346,0.2812789620018536,0.15211810012836968,0.8866320264525273,0.4774590163934426,0.2719022687609075,0.17197452229299365,0.832220367278798,0.83804537521815,0.9911791959703478
0.9546099290780142,0.5113373438223046,0.0,0.826383319967923,0.4717330861909175,0.355584082156611,0.4974019839395371,0.7028688524590164,0.3630017452006981,0.39410828025477707,0.837228714524207,0.8265270506108202,0.9911712760565164
0.948936170212766,0.5002313743637206,0.0,0.8159582999198075,0.4077849860982391,0.23042362002567393,0.5777042985356637,0.6352459016393442,0.35357766143106456,0.4243630573248408,0.8292988313856428,0.8638743455497382,0.9913267043654564
0.9550827423167849,0.5418787598334105,0.0,0.8356054530874097,0.5176088971269694,0.383183568677792,0.4733112895606991,0.7745901639344263,0.3787085514834206,0.4585987261146497,0.8831385642737897,0.7514834205933683,0.9910217876829499
0.9536643026004729,0.5964831096714485,0.0,0.8207698476343224,0.4402224281742354,0.2830551989730423,0.4558337269721304,0.6926229508196722,0.45654450261780105,0.5242834394904459,0.8510016694490818,0.9804537521815009,0.993262628302604
0.9498817966903074,0.5455807496529385,0.0,0.8107457898957497,0.3716404077849861,0.2227214377406932,0.531412376003779,0.6209016393442623,0.4164048865619546,0.44904458598726116,0.8514190317195326,0.9605584642233858,0.9930388907368687
0.9494089834515367,0.4960666358167515,0.0,0.809943865276664,0.3646895273401297,0.23620025673940948,0.6055739253660841,0.680327868852459,0.37207678883071554,0.34036624203821664,0.8539232053422371,0.8886561954624782,0.9923067937020844
0.9522458628841608,0.5252198056455345,0.0,0.8147554129911788,0.40129749768303985,0.24390243902439024,0.5380255077940482,0.6987704918032787,0.36160558464223386,0.33957006369426757,0.8580968280467446,0.8568935427574171,0.9920617713679275
0.9588652482269504,0.6816288755205924,0.0,0.8556535685645549,0.6005560704355885,0.5019255455712451,0.35569201700519604,0.8647540983606558,0.5410122164048865,0.6285828025477707,0.8881469115191987,0.8701570680628272,0.9935913047266045
0.9460992907801419,0.5682554372975475,0.0,0.8175621491579791,0.4184430027803522,0.2349165596919127,0.4643363249881909,0.6434426229508197,0.44328097731239097,0.33678343949044587,0.8848080133555927,0.8841186736474694,0.9936878286764239
0.9555555555555556,0.6561776955113374,0.0,0.8356054530874097,0.5162187210379982,0.32605905006418484,0.3764761454888994,0.7336065573770492,0.5204188481675394,0.6301751592356688,0.8919031719532554,0.9022687609075044,0.9945164496610276
0.957919621749409,0.7265155020823694,0.0,0.8580593424218124,0.6107506950880445,0.4531450577663671,0.32829475673122344,0.7192622950819673,0.5790575916230367,0.6393312101910829,0.8781302170283807,0.9169284467713787,0.9939041413229424
0.9527186761229315,0.6145303100416475,0.0,0.826383319967923,0.4717330861909175,0.28498074454428757,0.4128483703353803,0.7151639344262295,0.47329842931937177,0.598328025477707,0.8898163606010017,0.8781849912739965,0.9938328620984603
0.9626477541371159,0.6876446089773254,0.0,0.871692060946271,0.6594068582020389,0.4961489088575096,0.34435521965044874,0.8401639344262295,0.5410122164048865,0.6162420382165605,0.9511686143572621,0.7525305410122164,0.9928512877779889
0.9550827423167849,0.6487737158722814,0.0,0.830793905372895,0.49304911955514363,0.30937098844672656,0.3873405762871989,0.735655737704918,0.5078534031413613,0.5234872611464968,0.8902337228714524,0.9092495636998255,0.9945273395425457
0.9536643026004729,0.6372049976862564,0.0,0.8251804330392943,0.46339202965708987,0.2708600770218228,0.423240434577232,0.694672131147541,0.4855148342059337,0.3773885350318471,0.9202838063439065,0.8321116928446771,0.9945238745802445
0.0,0.5520592318371125,0.0,0.8131515637530072,0.38924930491195553,0.18292682926829268,0.4950401511572981,0.5450819672131147,0.4572425828970332,0.29777070063694266,0.8889816360601002,0.9260034904013962,0.9947926566558956
0.9498817966903074,0.6011105969458584,0.0,0.818364073777065,0.4253938832252085,0.220795892169448,0.43174303259329244,0.6065573770491803,0.5235602094240838,0.4398885350318472,0.8914858096828047,0.9870855148342059,0.9963335748907052
0.9607565011820332,0.7945395650161963,0.0,0.871692060946271,0.6589434661723819,0.5006418485237484,0.30089749645725083,0.709016393442623,0.680628272251309,0.6648089171974523,0.8964941569282137,0.9549738219895287,0.9960930075080783
0.9517730496453901,0.5932438685793614,0.0,0.8171611868484362,0.4170528266913809,0.23106546854942234,0.4529995276334436,0.5963114754098361,0.518673647469459,0.4148089171974523,0.9102671118530885,0.9172774869109948,0.9963825793575365
0.950354609929078,0.5566867191115225,0.0,0.8127506014434643,0.38693234476367006,0.20346598202824134,0.4860651865847898,0.569672131147541,0.5008726003490402,0.3626592356687899,0.8919031719532554,0.9794066317626526,0.9961905214471266
0.950354609929078,0.5599259602036094,0.0,0.8143544506816359,0.39666357738646896,0.2349165596919127,0.4794520547945206,0.5819672131147541,0.5095986038394416,0.401671974522293,0.8935726210350584,0.9696335078534031,0.9961494368941265
0.9697399527186762,0.7954650624710783,0.0,0.9073777064955895,0.7696941612604263,0.5282413350449293,0.269248937175248,0.6967213114754098,0.7696335078534032,0.7356687898089173,0.8948247078464107,0.9277486910994764,0.9952990361464866
0.9607565011820332,0.6788523831559463,0.0,0.8560545308740978,0.603336422613531,0.38639281129653397,0.3297118564005668,0.735655737704918,0.6090750436300175,0.6281847133757962,0.9031719532554257,0.9162303664921466,0.9956970118165114
0.9602836879432625,0.7029153169828783,0.0,0.8640737770649559,0.6320667284522706,0.41976893453145053,0.3254605573925366,0.7049180327868853,0.6083769633507854,0.6441082802547771,0.8977462437395659,0.9026178010471204,0.994930265158715
0.9617021276595745,0.6959740860712633,0.0,0.8704891740176424,0.6543095458758109,0.4133504492939666,0.3193197921587152,0.7848360655737705,0.6230366492146597,0.6301751592356688,0.924457429048414,0.8345549738219895,0.9948966055249319
0.9494089834515367,0.4983803794539565,0.0,0.8127506014434643,0.38554216867469876,0.21694480102695762,0.5635333018422296,0.6045081967213115,0.3609075043630018,0.24721337579617836,0.9056761268781301,0.7891797556719022,0.9924820217956029
0.9560283687943263,0.5881536325775104,0.0,0.8496391339214113,0.5778498609823911,0.29845956354300385,0.40340103920642423,0.7540983606557377,0.4638743455497382,0.40445859872611467,0.9536727879799666,0.743804537521815,0.9924780618386871
