ObjectID,d3,d5,d2,d4,d1,d6,d7
1,0.10132520229858098,0.19292604501607719,0.0864920744314266,0.09090909090909091,0.870967741935484,0.4235294117647059,0.7000000000000001
2,0.7754192564794183,0.5080385852090032,0.11819434872501723,0.11942959001782533,0.927741935483871,0.21176470588235297,0.055555555555555546
3,0.7962941245455611,0.39871382636655955,0.14679531357684358,0.11942959001782533,0.927741935483871,0.21176470588235297,0.09999999999999998
4,0.08162307962941247,0.1961414790996785,0.11095796002756719,0.16042780748663102,0.9419354838709679,0.9647058823529411,0.39999999999999997
5,0.1105898909346781,0.29581993569131837,0.1729841488628532,0.1711229946524064,0.9109677419354838,0.9882352941176471,0.15555555555555553
6,0.5630350650873696,0.6430868167202572,0.290144727773949,0.2620320855614973,0.9496774193548387,0.1647058823529412,0.5555555555555556
7,0.5719479301043744,0.7041800643086817,0.3025499655410062,0.15151515151515152,0.9496774193548387,0.1411764705882353,0.3
8,0.7039990618036825,0.18649517684887462,0.4972432804962095,0.19073083778966132,0.9393548387096775,0.8352941176470587,0.2
9,0.8029787733083148,0.35048231511254024,0.44245348035837356,0.12477718360071302,0.9329032258064516,0.5647058823529412,0.5555555555555556
10,0.8100152456901607,0.662379421221865,0.2994486560992419,0.1265597147950089,0.9522580645161292,0.29411764705882354,0.39999999999999997
11,0.8100152456901607,0.5016077170418007,0.2994486560992419,0.1265597147950089,0.9522580645161292,0.4235294117647059,0.7555555555555555
12,0.8269027794065908,0.54983922829582,0.24844934527911788,0.4028520499108735,0.9561290322580644,0.27058823529411763,0.39999999999999997
13,0.7709628239709159,0.47588424437299043,0.24017918676774638,0.014260249554367202,0.5780645161290323,0.6705882352941177,0.7000000000000001
14,0.7958250263867714,0.6141479099678457,0.4321157822191592,0.12477718360071302,0.9316129032258067,0.31764705882352945,0.2
15,0.811187991087135,0.7781350482315113,0.4555478980013784,0.1639928698752228,0.9574193548387098,0.07058823529411767,0.45555555555555555
16,0.8279582502638677,0.6655948553054662,0.4827705031013094,0.24777183600713015,0.9625806451612904,0.34117647058823525,0.5555555555555556
17,0.0854931394394277,0.414790996784566,0.11957270847691247,0.13903743315508021,0.9419354838709679,0.1411764705882353,0.5555555555555556
18,0.7696728040342442,0.46623794212218655,0.10923501033769814,0.05347593582887701,0.8541935483870968,0.37647058823529417,0.5000000000000001
19,0.07376568546968454,0.4405144694533763,0.0923501033769814,0.11229946524064172,0.9096774193548389,0.23529411764705882,0.39999999999999997
20,0.10460888941010907,0.22829581993569137,0.09062715368711234,0.09090909090909091,0.8722580645161291,0.34117647058823525,0.45555555555555555
21,0.8029787733083148,0.5176848874598072,0.44245348035837356,0.12477718360071302,0.9329032258064516,0.29411764705882354,0.25555555555555554
22,0.8401548023924006,0.5434083601286175,0.26671261199172985,0.1639928698752228,0.943225806451613,0.27058823529411763,0.25555555555555554
23,0.22528439075876627,0.604501607717042,0.3280496209510682,1.0,0.975483870967742,0.34117647058823525,0.45555555555555555
24,0.6209686876979008,0.5562700964630225,0.3783597518952447,0.11051693404634581,0.9225806451612903,0.32941176470588235,0.6
25,0.6875806262460421,0.6913183279742765,0.47656788421778085,0.36185383244206776,0.9651612903225808,0.2,0.6
26,0.6960243931042571,0.45337620578778143,0.4869055823569952,0.1889483065953654,0.9380645161290324,0.5294117647058822,0.5555555555555556
27,0.7741292365427466,0.5401929260450162,0.40248104755341146,0.21746880570409982,0.9509677419354841,0.22352941176470592,0.6
28,0.7958250263867714,0.5530546623794212,0.4321157822191592,0.12477718360071302,0.9316129032258067,0.38823529411764707,0.09999999999999998
29,0.8367538407411751,0.9003215434083602,0.4972432804962095,0.1443850267379679,0.9638709677419357,0.10588235294117648,0.25555555555555554
30,0.8451976075993902,0.662379421221865,0.5106822880771882,0.1443850267379679,0.9651612903225808,0.2823529411764706,0.3555555555555555
31,0.8026269496892224,0.7459807073954985,0.2894555478980014,0.28342245989304815,0.975483870967742,0.10588235294117648,0.3555555555555555
32,0.8232672686759704,0.28938906752411575,0.3125430737422467,0.1265597147950089,0.9019354838709677,0.7411764705882353,0.7999999999999999
33,0.81963175794535,0.5916398713826367,0.23638869745003446,0.10338680926916222,0.9019354838709677,0.25882352941176473,0.15555555555555553
34,0.8331183300105547,0.49839228295819943,0.2567195037904893,0.13903743315508021,0.9419354838709679,0.2823529411764706,0.3555555555555555
35,0.8401548023924006,0.6109324758842445,0.26671261199172985,0.1639928698752228,0.943225806451613,0.2,0.25555555555555554
36,0.8470740002345492,0.5144694533762058,0.2742935906271537,0.11229946524064172,0.9238709677419354,0.5529411764705883,0.45555555555555555
37,0.7754192564794183,0.627009646302251,0.11819434872501723,0.11942959001782533,0.927741935483871,0.10588235294117648,0.45555555555555555
38,0.7912513193385716,0.2926045016077171,0.13921433494141972,0.1550802139037433,0.9200000000000002,0.5294117647058822,0.5555555555555556
39,0.7962941245455611,0.5016077170418007,0.14679531357684358,0.11942959001782533,0.927741935483871,0.1411764705882353,0.39999999999999997
40,0.07001290019936672,0.3826366559485531,0.08476912474155755,0.0677361853832442,0.895483870967742,0.32941176470588235,0.25555555555555554
41,0.4207810484343849,0.6784565916398715,0.20503101309441765,0.026737967914438505,0.7845161290322582,0.25882352941176473,0.3
42,0.7227629881552716,0.5209003215434085,0.3301171605789111,0.15864527629233513,0.9225806451612903,0.31764705882352945,0.7000000000000001
43,0.7496188577459835,0.4630225080385853,0.3694004135079256,0.30303030303030304,0.9819354838709677,0.4588235294117647,0.5555555555555556
44,0.8100152456901607,0.559485530546624,0.2994486560992419,0.1265597147950089,0.9522580645161292,0.38823529411764707,0.25555555555555554
45,0.8535240999179079,0.3440514469453377,0.28187456926257753,0.11051693404634581,0.9212903225806452,0.6941176470588235,0.5000000000000001
46,0.8026269496892224,0.762057877813505,0.2894555478980014,0.28342245989304815,0.975483870967742,0.10588235294117648,0.39999999999999997
47,0.7958250263867714,0.4019292604501608,0.4321157822191592,0.12477718360071302,0.9316129032258067,0.6470588235294117,0.3555555555555555
48,0.5101442476838278,0.6688102893890677,0.21088904203997244,0.19607843137254902,0.9741935483870969,0.24705882352941178,0.3
49,0.06661193854814121,0.30868167202572355,0.07856650585802895,0.0730837789661319,0.8838709677419356,0.23529411764705882,0.15555555555555553
50,0.112466283569837,0.28295819935691324,0.17608545830461753,0.08912655971479501,0.889032258064516,0.36470588235294116,0.6
51,0.8191626597865603,0.5980707395498392,0.4682977257064094,0.1639928698752228,0.9574193548387098,0.02352941176470591,0.09999999999999998
52,0.7309722059340918,0.6205787781350482,0.33942108890420397,0.11229946524064172,0.9225806451612903,0.22352941176470592,0.2
53,0.7578280755248036,0.5852090032154342,0.3793935217091661,0.1711229946524064,0.9470967741935483,0.31764705882352945,0.5000000000000001
54,0.7578280755248036,0.5852090032154342,0.3793935217091661,0.1711229946524064,0.9470967741935483,0.31764705882352945,0.5000000000000001
55,0.7662718423830186,0.4951768488745982,0.39007580978635426,0.11229946524064172,0.9419354838709679,0.35294117647058826,0.3555555555555555
56,0.8191626597865603,0.819935691318328,0.4682977257064094,0.1639928698752228,0.9574193548387098,0.10588235294117648,0.2
57,0.8470740002345492,0.5016077170418007,0.2742935906271537,0.11229946524064172,0.9238709677419354,0.5647058823529412,0.5000000000000001
58,0.8020405769907353,0.37299035369774924,0.15644383184011026,0.15686274509803924,0.9535483870967743,0.411764705882353,0.25555555555555554
59,0.03060865486102967,0.37620578778135055,0.02825637491385252,0.03743315508021391,0.8425806451612905,0.29411764705882354,0.5555555555555556
60,0.04116336343379852,0.32475884244373,0.04169538249483115,0.0944741532976827,0.8761290322580646,0.4235294117647059,0.055555555555555546
61,0.1105898909346781,0.2990353697749197,0.1729841488628532,0.1711229946524064,0.9109677419354838,0.2823529411764706,0.6
62,0.1105898909346781,0.10610932475884247,0.1729841488628532,0.1711229946524064,0.9109677419354838,0.5176470588235293,0.6555555555555556
63,0.5379383135921192,0.5337620578778135,0.2556857339765679,0.13725490196078433,0.9587096774193549,0.23529411764705882,0.5000000000000001
64,0.7309722059340918,0.5980707395498392,0.33942108890420397,0.11229946524064172,0.9225806451612903,0.21176470588235297,0.25555555555555554
65,0.7398850709510965,0.672025723472669,0.35182632667126124,0.10338680926916222,0.9341935483870967,0.18823529411764706,0.3
66,0.7662718423830186,0.527331189710611,0.39007580978635426,0.11229946524064172,0.9419354838709679,0.34117647058823525,0.45555555555555555
67,0.7741292365427466,0.6688102893890677,0.40248104755341146,0.21746880570409982,0.9509677419354841,0.25882352941176473,0.45555555555555555
68,0.7741292365427466,0.559485530546624,0.40248104755341146,0.21746880570409982,0.9509677419354841,0.21176470588235297,0.5555555555555556
69,0.7741292365427466,0.559485530546624,0.40248104755341146,0.21746880570409982,0.9509677419354841,0.21176470588235297,0.6555555555555556
70,0.08162307962941247,0.48231511254019294,0.11095796002756719,0.16042780748663102,0.9419354838709679,0.1294117647058824,0.45555555555555555
71,0.1054298111879911,0.43729903536977505,0.16264645072363887,0.22281639928698754,0.935483870967742,0.1411764705882353,0.7999999999999999
72,0.8026269496892224,0.49839228295819943,0.2894555478980014,0.28342245989304815,0.975483870967742,0.25882352941176473,0.3555555555555555
73,0.08162307962941247,0.4308681672025724,0.11095796002756719,0.16042780748663102,0.9419354838709679,0.11764705882352944,0.6555555555555556
74,0.7113873578046207,0.4855305466237943,0.5037904893177119,0.16042780748663102,0.9045161290322581,0.32941176470588235,0.45555555555555555
75,0.8279582502638677,0.8167202572347267,0.4827705031013094,0.24777183600713015,0.9625806451612904,0.1764705882352941,0.09999999999999998
76,0.02193033892341973,0.1446945337620579,0.019641626464507234,0.13725490196078433,0.8451612903225807,0.7529411764705882,0.3
77,0.04116336343379852,0.4340836012861737,0.04169538249483115,0.0944741532976827,0.8761290322580646,0.32941176470588235,0.3
78,0.112466283569837,0.1961414790996785,0.17608545830461753,0.08912655971479501,0.889032258064516,0.6705882352941177,0.3
79,0.612055822680896,0.4019292604501608,0.3683666436940041,0.22281639928698754,0.9212903225806452,0.6000000000000001,0.25555555555555554
80,0.6493491263046793,0.6237942122186497,0.4138525155065472,0.12477718360071302,0.9329032258064516,0.047058823529411764,0.7000000000000001
81,0.6960243931042571,0.5562700964630225,0.4869055823569952,0.1889483065953654,0.9380645161290324,0.2823529411764706,0.6555555555555556
82,0.7309722059340918,0.504823151125402,0.33942108890420397,0.11229946524064172,0.9225806451612903,0.34117647058823525,0.2
83,0.7496188577459835,0.527331189710611,0.3694004135079256,0.30303030303030304,0.9819354838709677,0.4235294117647059,0.45555555555555555
84,0.7578280755248036,0.4630225080385853,0.3793935217091661,0.1711229946524064,0.9470967741935483,0.37647058823529417,0.055555555555555546
85,0.7662718423830186,0.5787781350482315,0.39007580978635426,0.11229946524064172,0.9419354838709679,0.35294117647058826,0.3555555555555555
86,0.8191626597865603,0.6205787781350482,0.4682977257064094,0.1639928698752228,0.9574193548387098,0.0,0.055555555555555546
87,0.8191626597865603,0.7459807073954985,0.4682977257064094,0.1639928698752228,0.9574193548387098,0.1411764705882353,0.2
88,0.8191626597865603,0.6495176848874598,0.4682977257064094,0.1639928698752228,0.9574193548387098,0.22352941176470592,0.2
89,0.8451976075993902,0.7427652733118972,0.5106822880771882,0.1443850267379679,0.9651612903225808,0.24705882352941178,0.3555555555555555
90,0.0854931394394277,0.48874598070739556,0.11957270847691247,0.13903743315508021,0.9419354838709679,0.11764705882352944,0.5000000000000001
91,0.7227629881552716,0.4019292604501608,0.3301171605789111,0.15864527629233513,0.9225806451612903,0.5176470588235293,0.6
92,0.0854931394394277,0.48874598070739556,0.11957270847691247,0.13903743315508021,0.9419354838709679,0.10588235294117648,0.5555555555555556
93,0.5630350650873696,0.5980707395498392,0.290144727773949,0.2620320855614973,0.9496774193548387,0.2,0.6555555555555556
94,0.6960243931042571,0.5144694533762058,0.4869055823569952,0.1889483065953654,0.9380645161290324,0.32941176470588235,0.5000000000000001
95,0.7398850709510965,0.6816720257234727,0.35182632667126124,0.10338680926916222,0.9341935483870967,0.08235294117647057,0.25555555555555554
96,0.8168171689926117,0.5016077170418007,0.30634045485871814,0.0855614973262032,0.9161290322580646,0.5764705882352941,0.09999999999999998
97,0.026152222352527267,0.33762057877813506,0.02377670572019297,0.04634581105169341,0.8412903225806454,0.38823529411764707,0.15555555555555553
98,0.008912865017004808,0.48874598070739556,0.004479669193659544,0.012477718360071301,0.6490322580645163,0.10588235294117648,0.5555555555555556
99,0.6960243931042571,0.30225080385852093,0.4869055823569952,0.1889483065953654,0.9380645161290324,0.8470588235294116,0.45555555555555555
100,0.6960243931042571,0.5659163987138265,0.4869055823569952,0.1889483065953654,0.9380645161290324,0.2823529411764706,0.5555555555555556
101,0.6960243931042571,0.5659163987138265,0.4869055823569952,0.1889483065953654,0.9380645161290324,0.2823529411764706,0.5555555555555556
102,0.7113873578046207,0.392282958199357,0.5037904893177119,0.16042780748663102,0.9045161290322581,0.6000000000000001,0.5555555555555556
103,0.7496188577459835,0.5755627009646302,0.3694004135079256,0.30303030303030304,0.9819354838709677,0.29411764705882354,0.39999999999999997
104,0.7816348070833822,0.7041800643086817,0.4135079255685734,0.1532976827094474,0.9522580645161292,0.1647058823529412,0.45555555555555555
105,0.0016418435557640446,0.09967845659163987,0.00895933838731909,0.05169340463458111,0.8180645161290323,0.7411764705882353,0.3
106,0.05793362261053125,0.33762057877813506,0.06340454858718125,0.049910873440285206,0.8670967741935485,0.4352941176470589,0.6555555555555556
107,0.07787029435909465,0.5144694533762058,0.1019986216402481,0.13368983957219252,0.9380645161290324,0.1647058823529412,0.3
108,0.7309722059340918,0.617363344051447,0.33942108890420397,0.11229946524064172,0.9225806451612903,0.21176470588235297,0.3
109,0.8100152456901607,0.581993569131833,0.2994486560992419,0.1265597147950089,0.9522580645161292,0.35294117647058826,0.3
110,0.8232672686759704,0.48874598070739556,0.3125430737422467,0.1265597147950089,0.9019354838709677,0.4823529411764706,0.5555555555555556
111,0.05793362261053125,0.36977491961414793,0.06340454858718125,0.049910873440285206,0.8670967741935485,0.32941176470588235,0.6
112,0.08162307962941247,0.5337620578778135,0.11095796002756719,0.16042780748663102,0.9419354838709679,0.03529411764705884,0.45555555555555555
113,0.8168171689926117,0.662379421221865,0.30634045485871814,0.0855614973262032,0.9161290322580646,0.2823529411764706,0.3555555555555555
114,0.8401548023924006,0.5369774919614148,0.26671261199172985,0.1639928698752228,0.943225806451613,0.23529411764705882,0.25555555555555554
115,0.07001290019936672,0.43729903536977505,0.08476912474155755,0.0677361853832442,0.895483870967742,0.1411764705882353,0.7999999999999999
116,0.07001290019936672,0.4276527331189711,0.08476912474155755,0.0677361853832442,0.895483870967742,0.1411764705882353,0.6555555555555556
117,0.0854931394394277,0.30225080385852093,0.11957270847691247,0.13903743315508021,0.9419354838709679,0.1764705882352941,0.6555555555555556
118,0.0854931394394277,0.41800643086816724,0.11957270847691247,0.13903743315508021,0.9419354838709679,0.1411764705882353,0.5000000000000001
119,0.09229506274187874,0.27009646302250806,0.1330117160578911,0.11051693404634581,0.9212903225806452,0.1764705882352941,0.39999999999999997
120,0.5379383135921192,0.559485530546624,0.2556857339765679,0.13725490196078433,0.9587096774193549,0.24705882352941178,0.3
121,0.7039990618036825,0.26045016077170424,0.4972432804962095,0.19073083778966132,0.9393548387096775,0.6941176470588235,0.2
122,0.7039990618036825,0.4790996784565918,0.4972432804962095,0.19073083778966132,0.9393548387096775,0.32941176470588235,0.5555555555555556
123,0.7890231030843204,0.6527331189710612,0.4238456237077877,0.15151515151515152,0.9509677419354841,0.31764705882352945,0.5555555555555556
124,0.7787029435909464,0.504823151125402,0.24913852515506552,0.05704099821746881,0.8477419354838711,0.35294117647058826,0.3
125,0.8026269496892224,0.5659163987138265,0.2894555478980014,0.28342245989304815,0.975483870967742,0.411764705882353,0.5555555555555556
126,0.8020405769907353,0.5916398713826367,0.15644383184011026,0.15686274509803924,0.9535483870967743,0.10588235294117648,0.5555555555555556
127,0.112466283569837,0.2186495176848875,0.17608545830461753,0.08912655971479501,0.889032258064516,0.39999999999999997,0.2
128,0.8451976075993902,0.48231511254019294,0.5106822880771882,0.1443850267379679,0.9651612903225808,0.32941176470588235,0.3
129,0.7809311598451976,0.4405144694533763,0.1268090971743625,0.09269162210338681,0.9380645161290324,0.36470588235294116,0.3555555555555555
130,0.8020405769907353,0.42443729903536986,0.15644383184011026,0.15686274509803924,0.9535483870967743,0.23529411764705882,0.055555555555555546
131,0.09299870998006333,0.42443729903536986,0.07029634734665748,0.014260249554367202,0.6387096774193548,0.29411764705882354,0.25555555555555554
132,0.06661193854814121,0.3794212218649518,0.07856650585802895,0.0730837789661319,0.8838709677419356,0.2823529411764706,0.3
133,0.1105898909346781,0.27009646302250806,0.1729841488628532,0.1711229946524064,0.9109677419354838,0.36470588235294116,0.5000000000000001
134,0.7943004573707049,0.4951768488745982,0.2749827705031013,0.3190730837789661,0.967741935483871,0.31764705882352945,0.3
135,0.07001290019936672,0.4083601286173634,0.08476912474155755,0.0677361853832442,0.895483870967742,0.27058823529411763,0.25555555555555554
136,0.6875806262460421,0.4951768488745982,0.47656788421778085,0.36185383244206776,0.9651612903225808,0.4352941176470589,0.6
137,0.7890231030843204,0.48231511254019294,0.4238456237077877,0.15151515151515152,0.9509677419354841,0.5058823529411764,0.09999999999999998
138,0.7958250263867714,0.4308681672025724,0.4321157822191592,0.12477718360071302,0.9316129032258067,0.6000000000000001,0.3
139,0.3582737187756538,0.5080385852090032,0.16264645072363887,0.06951871657754011,0.8658064516129031,0.31764705882352945,0.25555555555555554
140,0.8029787733083148,0.627009646302251,0.44245348035837356,0.12477718360071302,0.9329032258064516,0.27058823529411763,0.2
141,0.7958250263867714,0.6334405144694535,0.4321157822191592,0.12477718360071302,0.9316129032258067,0.2823529411764706,0.15555555555555553
142,0.5927055236308197,0.6784565916398715,0.3404548587181255,0.23529411764705882,0.9909677419354839,0.18823529411764706,0.45555555555555555
143,0.612055822680896,0.6109324758842445,0.3683666436940041,0.22281639928698754,0.9212903225806452,0.4235294117647059,0.9444444444444445
144,0.33821977248739304,0.4630225080385853,0.1729841488628532,0.1550802139037433,0.9200000000000002,0.4470588235294118,0.5555555555555556
145,0.5927055236308197,0.694533762057878,0.3404548587181255,0.23529411764705882,0.9909677419354839,0.2,0.5555555555555556
146,0.6695203471326375,0.8102893890675242,0.45003445899379735,0.18538324420677363,0.9870967741935486,0.08235294117647057,0.39999999999999997
147,0.09229506274187874,0.3536977491961415,0.1330117160578911,0.11051693404634581,0.9212903225806452,0.29411764705882354,0.5555555555555556
148,0.7787029435909464,0.707395498392283,0.24913852515506552,0.05704099821746881,0.8477419354838711,0.15294117647058825,0.3555555555555555
149,0.7496188577459835,0.48874598070739556,0.3694004135079256,0.30303030303030304,0.9819354838709677,0.32941176470588235,0.7000000000000001
150,0.7943004573707049,0.6913183279742765,0.2749827705031013,0.3190730837789661,0.967741935483871,0.11764705882352944,0.45555555555555555
151,0.49888589187287447,0.6752411575562702,0.19055823569951758,0.1265597147950089,0.9522580645161292,0.2823529411764706,0.5555555555555556
152,0.40729447636918026,0.7266881028938907,0.23259820813232251,0.12834224598930483,0.9212903225806452,0.1647058823529412,0.2
153,0.48809663422071076,0.7202572347266882,0.17263955892487942,0.11051693404634581,0.9212903225806452,0.32941176470588235,0.15555555555555553
154,0.8026269496892224,0.5755627009646302,0.2894555478980014,0.28342245989304815,0.975483870967742,0.37647058823529417,0.5000000000000001
155,0.8367538407411751,0.8810289389067525,0.4972432804962095,0.1443850267379679,0.9638709677419357,0.1411764705882353,0.25555555555555554
156,0.7496188577459835,0.4565916398713827,0.3694004135079256,0.30303030303030304,0.9819354838709677,0.37647058823529417,0.09999999999999998
157,0.8367538407411751,0.8488745980707397,0.4972432804962095,0.1443850267379679,0.9638709677419357,0.1411764705882353,0.2
158,0.7578280755248036,0.5209003215434085,0.3793935217091661,0.1711229946524064,0.9470967741935483,0.35294117647058826,0.3555555555555555
159,0.7578280755248036,0.5884244372990355,0.3793935217091661,0.1711229946524064,0.9470967741935483,0.23529411764705882,0.39999999999999997
160,0.7741292365427466,0.5401929260450162,0.40248104755341146,0.21746880570409982,0.9509677419354841,0.22352941176470592,0.6
161,0.09229506274187874,0.4469453376205789,0.1330117160578911,0.11051693404634581,0.9212903225806452,0.1647058823529412,0.3
162,0.6695203471326375,0.581993569131833,0.45003445899379735,0.18538324420677363,0.9870967741935486,0.3058823529411765,0.39999999999999997
163,0.10847894922012433,0.41800643086816724,0.16884906960716747,0.13903743315508021,0.927741935483871,0.18823529411764706,0.9
164,0.7816348070833822,0.5016077170418007,0.4135079255685734,0.1532976827094474,0.9522580645161292,0.4823529411764706,0.15555555555555553
165,0.8168171689926117,0.5016077170418007,0.30634045485871814,0.0855614973262032,0.9161290322580646,0.611764705882353,0.2
166,0.05523630819749032,0.09967845659163987,0.058924879393521715,0.05347593582887701,0.8541935483870968,0.6470588235294117,0.45555555555555555
167,0.7578280755248036,0.4630225080385853,0.3793935217091661,0.1711229946524064,0.9470967741935483,0.37647058823529417,0.055555555555555546
168,0.6597865603377507,0.6816720257234727,0.43418332184700204,0.29411764705882354,0.9974193548387098,0.21176470588235297,0.45555555555555555
169,0.1054298111879911,0.39871382636655955,0.16264645072363887,0.22281639928698754,0.935483870967742,0.1294117647058824,1.0
170,0.6695203471326375,0.594855305466238,0.45003445899379735,0.18538324420677363,0.9870967741935486,0.35294117647058826,0.2
171,0.811187991087135,0.6334405144694535,0.4555478980013784,0.1639928698752228,0.9574193548387098,0.23529411764705882,0.15555555555555553
172,0.7056409053594466,0.48874598070739556,0.3077188146106134,0.11764705882352941,0.863225806451613,0.411764705882353,0.39999999999999997
173,0.6960243931042571,0.5755627009646302,0.4869055823569952,0.1889483065953654,0.9380645161290324,0.2823529411764706,0.5555555555555556
174,0.7958250263867714,0.49839228295819943,0.4321157822191592,0.12477718360071302,0.9316129032258067,0.2823529411764706,0.2
175,0.7227629881552716,0.38585209003215437,0.3301171605789111,0.15864527629233513,0.9225806451612903,0.4470588235294118,0.15555555555555553
176,0.7227629881552716,0.581993569131833,0.3301171605789111,0.15864527629233513,0.9225806451612903,0.2823529411764706,0.5000000000000001
177,0.05547085727688519,0.11575562700964631,0.027567195037904894,0.04812834224598931,0.8103225806451613,0.4588235294117647,0.6
178,0.7309722059340918,0.5466237942122187,0.33942108890420397,0.11229946524064172,0.9225806451612903,0.34117647058823525,0.25555555555555554
179,0.8535240999179079,0.5176848874598072,0.28187456926257753,0.11051693404634581,0.9212903225806452,0.35294117647058826,0.2
180,0.7113873578046207,0.392282958199357,0.5037904893177119,0.16042780748663102,0.9045161290322581,0.6000000000000001,0.5555555555555556
181,0.7890231030843204,0.6977491961414792,0.4238456237077877,0.15151515151515152,0.9509677419354841,0.2,0.7000000000000001
182,0.7696728040342442,0.5434083601286175,0.10923501033769814,0.05347593582887701,0.8541935483870968,0.2,0.39999999999999997
183,0.0473789140377624,0.32797427652733124,0.049965541006202624,0.06951871657754011,0.8787096774193548,0.4470588235294118,0.2
184,0.8070833821977249,0.4694533762057879,0.1633356305995865,0.19786096256684493,0.9419354838709679,0.35294117647058826,0.45555555555555555
185,0.6787850357687347,0.5980707395498392,0.4638180565127498,0.26916221033868093,0.9703225806451614,0.22352941176470592,0.5000000000000001
186,0.8029787733083148,0.4951768488745982,0.44245348035837356,0.12477718360071302,0.9329032258064516,0.36470588235294116,0.3
187,0.1105898909346781,0.2990353697749197,0.1729841488628532,0.1711229946524064,0.9109677419354838,0.2823529411764706,0.6
188,0.7958250263867714,0.604501607717042,0.4321157822191592,0.12477718360071302,0.9316129032258067,0.31764705882352945,0.2
189,0.09557874985340684,0.35691318327974286,0.14059269469331495,0.14081996434937613,0.9303225806451614,0.31764705882352945,0.055555555555555546
190,0.09909698604432979,0.2990353697749197,0.147829083390765,0.09803921568627451,0.9290322580645163,0.5294117647058822,0.39999999999999997
191,0.1054298111879911,0.3054662379421222,0.16264645072363887,0.22281639928698754,0.935483870967742,0.21176470588235297,0.39999999999999997
192,0.6695203471326375,0.707395498392283,0.45003445899379735,0.18538324420677363,0.9870967741935486,0.15294117647058825,0.25555555555555554
193,0.7496188577459835,0.7202572347266882,0.3694004135079256,0.30303030303030304,0.9819354838709677,0.08235294117647057,0.45555555555555555
194,0.811187991087135,0.7106109324758845,0.4555478980013784,0.1639928698752228,0.9574193548387098,0.11764705882352944,0.39999999999999997
195,0.7496188577459835,0.7202572347266882,0.3694004135079256,0.30303030303030304,0.9819354838709677,0.08235294117647057,0.45555555555555555
196,0.6787850357687347,0.684887459807074,0.4638180565127498,0.26916221033868093,0.9703225806451614,0.24705882352941178,0.5555555555555556
197,0.05547085727688519,0.11575562700964631,0.027567195037904894,0.04812834224598931,0.8103225806451613,0.4588235294117647,0.6
198,0.8191626597865603,0.6205787781350482,0.4682977257064094,0.1639928698752228,0.9574193548387098,0.0,0.055555555555555546
199,0.8029787733083148,0.37620578778135055,0.44245348035837356,0.12477718360071302,0.9329032258064516,0.5176470588235293,0.6555555555555556
200,0.7709628239709159,0.6559485530546625,0.24017918676774638,0.014260249554367202,0.5780645161290323,0.27058823529411763,0.3555555555555555
201,0.8029787733083148,0.6237942122186497,0.44245348035837356,0.12477718360071302,0.9329032258064516,0.21176470588235297,0.2
202,0.08889410109065322,0.32797427652733124,0.12577532736044109,0.12834224598930483,0.9212903225806452,0.4588235294117647,0.3555555555555555
203,0.02838043860677847,0.21221864951768493,0.026188835286009647,0.03743315508021391,0.8412903225806454,0.6235294117647059,0.2
204,0.7809311598451976,0.5787781350482315,0.1268090971743625,0.09269162210338681,0.9380645161290324,0.25882352941176473,0.25555555555555554
205,0.10847894922012433,0.414790996784566,0.16884906960716747,0.13903743315508021,0.927741935483871,0.5764705882352941,0.39999999999999997
206,0.8191626597865603,0.639871382636656,0.4682977257064094,0.1639928698752228,0.9574193548387098,0.22352941176470592,0.15555555555555553
207,0.6875806262460421,0.6655948553054662,0.47656788421778085,0.36185383244206776,0.9651612903225808,0.18823529411764706,0.7555555555555555
208,0.8029787733083148,0.594855305466238,0.44245348035837356,0.12477718360071302,0.9329032258064516,0.25882352941176473,0.2
209,0.7741292365427466,0.559485530546624,0.40248104755341146,0.21746880570409982,0.9509677419354841,0.21176470588235297,0.6555555555555556
210,0.7943004573707049,0.6752411575562702,0.2749827705031013,0.3190730837789661,0.967741935483871,0.1294117647058824,0.5000000000000001
211,0.7962941245455611,0.5209003215434085,0.14679531357684358,0.11942959001782533,0.927741935483871,0.11764705882352944,0.3
212,0.6875806262460421,0.09324758842443731,0.47656788421778085,0.36185383244206776,0.9651612903225808,0.9529411764705882,0.6
213,0.8026269496892224,0.5755627009646302,0.2894555478980014,0.28342245989304815,0.975483870967742,0.37647058823529417,0.5000000000000001
214,0.112466283569837,0.28295819935691324,0.17608545830461753,0.08912655971479501,0.889032258064516,0.36470588235294116,0.6
215,0.0854931394394277,0.47588424437299043,0.11957270847691247,0.13903743315508021,0.9419354838709679,0.1411764705882353,0.5000000000000001
216,0.0854931394394277,0.47588424437299043,0.11957270847691247,0.13903743315508021,0.9419354838709679,0.1411764705882353,0.5000000000000001
217,0.7890231030843204,0.47266881028938906,0.4238456237077877,0.15151515151515152,0.9509677419354841,0.5294117647058822,0.09999999999999998
218,0.8232672686759704,0.32797427652733124,0.3125430737422467,0.1265597147950089,0.9019354838709677,0.6823529411764706,0.6555555555555556
219,0.811187991087135,0.5530546623794212,0.4555478980013784,0.1639928698752228,0.9574193548387098,0.047058823529411764,0.09999999999999998
220,0.09229506274187874,0.41800643086816724,0.1330117160578911,0.11051693404634581,0.9212903225806452,0.1411764705882353,0.3
221,0.7309722059340918,0.45016077170418006,0.33942108890420397,0.11229946524064172,0.9225806451612903,0.5176470588235293,0.3
222,0.8279582502638677,0.527331189710611,0.4827705031013094,0.24777183600713015,0.9625806451612904,0.39999999999999997,0.3555555555555555
223,0.112466283569837,0.28295819935691324,0.17608545830461753,0.08912655971479501,0.889032258064516,0.36470588235294116,0.6
224,0.35416910988624367,0.3601286173633441,0.5141281874569262,0.12121212121212122,0.8980645161290324,0.7529411764705882,0.3555555555555555
225,0.8535240999179079,0.42443729903536986,0.28187456926257753,0.11051693404634581,0.9212903225806452,0.4941176470588235,0.45555555555555555
226,0.8451976075993902,0.6655948553054662,0.5106822880771882,0.1443850267379679,0.9651612903225808,0.2823529411764706,0.5000000000000001
227,0.8070833821977249,0.4469453376205789,0.1633356305995865,0.19786096256684493,0.9419354838709679,0.34117647058823525,0.39999999999999997
228,0.5545912982291545,0.5755627009646302,0.2780840799448656,0.21212121212121213,0.9483870967741936,0.22352941176470592,0.45555555555555555
229,0.8451976075993902,0.8392282958199357,0.5106822880771882,0.1443850267379679,0.9651612903225808,0.1294117647058824,0.3
230,0.5545912982291545,0.4565916398713827,0.2780840799448656,0.21212121212121213,0.9483870967741936,0.32941176470588235,0.39999999999999997
231,0.811187991087135,0.7781350482315113,0.4555478980013784,0.1639928698752228,0.9574193548387098,0.07058823529411767,0.45555555555555555
232,0.8451976075993902,0.8231511254019295,0.5106822880771882,0.1443850267379679,0.9651612903225808,0.1411764705882353,0.3
233,0.8029787733083148,0.5305466237942122,0.44245348035837356,0.12477718360071302,0.9329032258064516,0.32941176470588235,0.25555555555555554
234,0.7787029435909464,0.7106109324758845,0.24913852515506552,0.05704099821746881,0.8477419354838711,0.24705882352941178,0.3
235,0.7816348070833822,0.49839228295819943,0.4135079255685734,0.1532976827094474,0.9522580645161292,0.11764705882352944,0.3
236,0.6960243931042571,0.559485530546624,0.4869055823569952,0.1889483065953654,0.9380645161290324,0.3058823529411765,0.6
237,0.7816348070833822,0.5144694533762058,0.4135079255685734,0.1532976827094474,0.9522580645161292,0.36470588235294116,0.15555555555555553
238,0.8029787733083148,0.5337620578778135,0.44245348035837356,0.12477718360071302,0.9329032258064516,0.29411764705882354,0.2
239,0.7816348070833822,0.7363344051446947,0.4135079255685734,0.1532976827094474,0.9522580645161292,0.1411764705882353,0.39999999999999997
240,0.0,0.3601286173633441,0.006547208821502412,0.06238859180035651,0.8154838709677421,0.7058823529411764,0.15555555555555553
241,0.04174973613228568,0.41800643086816724,0.055478980013783596,0.0677361853832442,0.8941935483870969,0.4235294117647059,0.25555555555555554
242,0.09077049372581213,0.46623794212218655,0.07649896623018608,0.0409982174688057,0.8296774193548389,0.05882352941176472,0.3
243,0.6825378210390525,0.42443729903536986,0.41764300482425915,0.22994652406417113,0.9741935483870969,0.6000000000000001,0.39999999999999997
244,0.8124780110238068,0.6334405144694535,0.5995864920744314,0.24598930481283424,0.943225806451613,0.6823529411764706,0.7999999999999999
245,0.8124780110238068,0.6495176848874598,0.5995864920744314,0.24598930481283424,0.943225806451613,0.4588235294117647,0.7999999999999999
246,0.8124780110238068,0.7909967845659165,0.5995864920744314,0.24598930481283424,0.943225806451613,0.27058823529411763,0.6555555555555556
247,0.8124780110238068,0.7556270096463023,0.5995864920744314,0.24598930481283424,0.943225806451613,0.2823529411764706,0.5555555555555556
248,0.5813298932801689,0.594855305466238,0.3118538938662991,0.1711229946524064,0.9483870967741936,0.6470588235294117,0.2
249,0.77260466752668,0.852090032154341,0.538249483115093,0.24064171122994654,0.96,0.15294117647058825,0.25555555555555554
250,0.77260466752668,0.627009646302251,0.538249483115093,0.24064171122994654,0.96,0.29411764705882354,0.0
251,0.77260466752668,0.7909967845659165,0.538249483115093,0.24064171122994654,0.96,0.11764705882352944,0.3
252,0.77260466752668,0.7009646302250805,0.538249483115093,0.24064171122994654,0.96,0.24705882352941178,0.3
253,0.77260466752668,0.639871382636656,0.538249483115093,0.24064171122994654,0.96,0.25882352941176473,0.3555555555555555
254,0.6539228333528792,0.617363344051447,0.37250172294968986,0.14260249554367202,0.9445161290322581,0.27058823529411763,0.25555555555555554
255,0.7198311246628358,0.5369774919614148,0.4720882150241213,0.11229946524064172,0.9406451612903226,0.3058823529411765,0.3
256,0.8055588131816582,0.6463022508038587,0.26154376292212267,0.08912655971479501,0.8877419354838711,0.36470588235294116,0.39999999999999997
257,0.6722176615456785,0.6977491961414792,0.4000689179875948,0.19607843137254902,0.9741935483870969,0.3058823529411765,0.2
258,0.6722176615456785,0.617363344051447,0.4000689179875948,0.19607843137254902,0.9741935483870969,0.34117647058823525,0.25555555555555554
259,0.8026269496892224,0.5916398713826367,0.5851137146795313,0.24420677361853832,0.943225806451613,0.5176470588235293,0.055555555555555546
260,0.8026269496892224,0.6913183279742765,0.5851137146795313,0.24420677361853832,0.943225806451613,0.29411764705882354,0.15555555555555553
261,0.6263633165239827,0.8392282958199357,0.3335630599586492,0.25668449197860965,0.9664516129032259,0.2,0.39999999999999997
262,0.6627184238301865,0.28938906752411575,0.38352860096485186,0.15864527629233513,0.9406451612903226,0.8117647058823529,0.7999999999999999
263,0.6627184238301865,0.617363344051447,0.38352860096485186,0.15864527629233513,0.9406451612903226,0.31764705882352945,0.3
264,0.7285094406004458,0.54983922829582,0.4824259131633356,0.1265597147950089,0.9341935483870967,0.2823529411764706,0.3555555555555555
265,0.7933622610531254,0.6302250803858522,0.5737422467263955,0.23172905525846704,0.975483870967742,0.4470588235294118,0.3
266,0.6360971033188695,0.639871382636656,0.34838042729152313,0.26024955436720143,0.967741935483871,0.4588235294117647,0.7999999999999999
267,0.7027090418670108,0.5530546623794212,0.45003445899379735,0.40463458110516937,0.975483870967742,0.4705882352941177,0.39999999999999997
268,0.7626363316523984,0.6913183279742765,0.5220537560303239,0.25490196078431376,0.9470967741935483,0.10588235294117648,0.3
269,0.7626363316523984,0.604501607717042,0.5220537560303239,0.25490196078431376,0.9470967741935483,0.2,0.3
270,0.7626363316523984,0.5434083601286175,0.5220537560303239,0.25490196078431376,0.9470967741935483,0.4470588235294118,0.25555555555555554
271,0.7626363316523984,0.6302250803858522,0.5220537560303239,0.25490196078431376,0.9470967741935483,0.4823529411764706,0.3
272,0.7626363316523984,0.5755627009646302,0.5220537560303239,0.25490196078431376,0.9470967741935483,0.5058823529411764,0.45555555555555555
273,0.7626363316523984,0.5787781350482315,0.5220537560303239,0.25490196078431376,0.9470967741935483,0.37647058823529417,0.39999999999999997
274,0.40530080919432393,0.08360128617363344,0.08993797381116471,0.12121212121212122,0.8477419354838711,0.4941176470588235,0.9
275,0.4065908291309957,0.09324758842443731,0.09200551343900759,0.0944741532976827,0.8425806451612905,0.5411764705882354,0.8444444444444444
276,0.40354169109886245,0.09324758842443731,0.08718125430737422,0.035650623885918005,0.8503225806451613,0.5411764705882354,0.5000000000000001
277,0.4008443766858215,0.07717041800643087,0.08373535492763612,0.04634581105169341,0.8606451612903228,0.07058823529411767,0.9
278,0.4008443766858215,0.07717041800643087,0.08373535492763612,0.04634581105169341,0.8606451612903228,0.07058823529411767,0.9
279,0.4008443766858215,0.07717041800643087,0.08373535492763612,0.04634581105169341,0.8606451612903228,0.07058823529411767,0.9
280,0.4008443766858215,0.07717041800643087,0.08373535492763612,0.04634581105169341,0.8606451612903228,0.07058823529411767,0.9
281,0.40424533833704707,0.0,0.08821502412129566,0.0730837789661319,0.8516129032258066,0.5176470588235293,0.5000000000000001
282,0.4008443766858215,0.09324758842443731,0.08373535492763612,0.04634581105169341,0.8606451612903228,0.10588235294117648,0.9
283,0.40530080919432393,0.06430868167202575,0.09097174362508616,0.06060606060606061,0.8541935483870968,0.4235294117647059,0.39999999999999997
284,0.012665650287322623,0.21221864951768493,0.018952446588559612,0.05704099821746881,0.8800000000000001,0.23529411764705882,0.3
285,0.009264688636097104,0.17041800643086819,0.013094417643004824,0.11229946524064172,0.8580645161290323,0.36470588235294116,0.8444444444444444
286,0.47367186583792664,0.6816720257234727,0.5809786354238455,0.21925133689839574,0.9703225806451614,0.29411764705882354,0.6555555555555556
287,0.5040459716195614,0.3344051446945338,0.6271536871123362,0.22281639928698754,0.935483870967742,0.8823529411764706,0.7999999999999999
288,0.547672100387006,0.639871382636656,0.35527222605099934,0.16042780748663102,0.9406451612903226,0.39999999999999997,0.25555555555555554
289,0.547672100387006,0.707395498392283,0.35527222605099934,0.16042780748663102,0.9406451612903226,0.2,0.15555555555555553
290,0.547672100387006,0.7106109324758845,0.35527222605099934,0.16042780748663102,0.9406451612903226,0.1764705882352941,0.15555555555555553
291,0.547672100387006,0.5305466237942122,0.35527222605099934,0.16042780748663102,0.9406451612903226,0.4470588235294118,0.15555555555555553
292,0.547672100387006,0.7427652733118972,0.35527222605099934,0.16042780748663102,0.9406451612903226,0.2823529411764706,0.055555555555555546
293,0.5375864899730269,0.6655948553054662,0.34148862853204687,0.11229946524064172,0.9406451612903226,0.29411764705882354,0.09999999999999998
294,0.49595402838043867,0.7942122186495177,0.6178497587870434,0.19607843137254902,0.96,0.15294117647058825,0.5555555555555556
295,0.5077987568898792,0.4790996784565918,0.3022053756030324,0.15151515151515152,0.9496774193548387,0.611764705882353,0.3555555555555555
296,0.49595402838043867,0.6430868167202572,0.6178497587870434,0.19607843137254902,0.96,0.38823529411764707,0.09999999999999998
297,0.3317696728040343,0.3890675241157557,0.30461750516884906,0.11408199643493762,0.9251612903225808,0.36470588235294116,0.15555555555555553
298,0.3317696728040343,0.42443729903536986,0.30461750516884906,0.11408199643493762,0.9251612903225808,0.35294117647058826,0.2
299,0.43309487510261524,0.559485530546624,0.505513439007581,0.22638146167557932,0.935483870967742,0.32941176470588235,0.5000000000000001
300,0.2649231851764982,0.27009646302250806,0.24086836664369402,0.007130124777183601,0.4477419354838709,0.8823529411764706,0.25555555555555554
301,0.3403307142019468,0.594855305466238,0.3177119228118539,0.13368983957219252,0.9251612903225808,0.11764705882352944,0.5000000000000001
302,0.3403307142019468,0.5434083601286175,0.3177119228118539,0.13368983957219252,0.9251612903225808,0.2823529411764706,0.5555555555555556
303,0.2629295180016419,0.5466237942122187,0.32046864231564437,0.1265597147950089,0.9341935483870967,0.27058823529411763,0.45555555555555555
304,0.2629295180016419,0.5466237942122187,0.32046864231564437,0.1265597147950089,0.9341935483870967,0.27058823529411763,0.45555555555555555
305,0.12419373753958017,0.2926045016077171,0.09269469331495521,0.06238859180035651,0.856774193548387,0.9294117647058824,0.5000000000000001
306,0.8284273484226574,0.5401929260450162,0.28600964851826327,0.10160427807486631,0.9148387096774193,0.4352941176470589,0.2
307,0.8284273484226574,0.4790996784565918,0.28600964851826327,0.10160427807486631,0.9148387096774193,0.4470588235294118,0.5555555555555556
308,0.8284273484226574,0.694533762057878,0.28600964851826327,0.10160427807486631,0.9148387096774193,0.23529411764705882,0.3555555555555555
309,0.8797935968101326,0.44372990353697755,0.3607856650585803,0.17647058823529413,0.9509677419354841,0.35294117647058826,0.15555555555555553
310,0.8797935968101326,0.729903536977492,0.3607856650585803,0.17647058823529413,0.9509677419354841,0.1411764705882353,0.2
311,0.8797935968101326,0.7427652733118972,0.3607856650585803,0.17647058823529413,0.9509677419354841,0.1411764705882353,0.25555555555555554
312,0.8797935968101326,0.7266881028938907,0.3607856650585803,0.17647058823529413,0.9509677419354841,0.15294117647058825,0.15555555555555553
313,0.8193972088659552,0.3215434083601286,0.15541006202618884,0.007130124777183601,0.4090322580645161,0.7411764705882353,0.6555555555555556
314,0.9020757593526446,0.7106109324758845,0.3938662991040662,0.15686274509803924,0.9535483870967743,0.1411764705882353,0.5000000000000001
315,0.9020757593526446,0.5627009646302252,0.3938662991040662,0.15686274509803924,0.9535483870967743,0.3058823529411765,0.15555555555555553
316,0.949454673390407,0.5241157556270097,0.46037215713301166,0.12834224598930483,0.935483870967742,0.1764705882352941,0.25555555555555554
317,0.8578632578867128,0.527331189710611,0.32770503101309445,0.1532976827094474,0.9509677419354841,0.10588235294117648,0.6
318,0.8578632578867128,0.5466237942122187,0.32770503101309445,0.1532976827094474,0.9509677419354841,0.10588235294117648,0.5000000000000001
319,0.9095813298932802,0.6237942122186497,0.4062715368711234,0.13368983957219252,0.9561290322580644,0.1411764705882353,0.2
320,0.9095813298932802,0.6237942122186497,0.4062715368711234,0.13368983957219252,0.9561290322580644,0.15294117647058825,0.6555555555555556
321,0.9095813298932802,0.5369774919614148,0.4062715368711234,0.13368983957219252,0.9561290322580644,0.22352941176470592,0.7555555555555555
322,0.9095813298932802,0.4694533762057879,0.4062715368711234,0.13368983957219252,0.9561290322580644,0.15294117647058825,0.39999999999999997
323,0.9095813298932802,0.4694533762057879,0.4062715368711234,0.13368983957219252,0.9561290322580644,0.15294117647058825,0.39999999999999997
324,0.9556702239943708,0.3440514469453377,0.4679531357684356,0.12121212121212122,0.9290322580645163,0.2823529411764706,0.25555555555555554
325,0.8432039404245338,0.36977491961414793,0.17987594762232942,0.09625668449197862,0.895483870967742,0.4823529411764706,0.15555555555555553
326,0.8720534771901021,0.707395498392283,0.3487250172294969,0.14973262032085563,0.9483870967741936,0.1411764705882353,0.3
327,0.8720534771901021,0.7041800643086817,0.3487250172294969,0.14973262032085563,0.9483870967741936,0.1411764705882353,0.3
328,0.8720534771901021,0.6109324758842445,0.3487250172294969,0.14973262032085563,0.9483870967741936,0.2,0.2
329,0.8720534771901021,0.5627009646302252,0.3487250172294969,0.14973262032085563,0.9483870967741936,0.23529411764705882,0.15555555555555553
330,0.8720534771901021,0.684887459807074,0.3487250172294969,0.14973262032085563,0.9483870967741936,0.1411764705882353,0.39999999999999997
331,0.8720534771901021,0.707395498392283,0.3487250172294969,0.14973262032085563,0.9483870967741936,0.1411764705882353,0.3
332,0.9234197255775771,0.6205787781350482,0.42487939352170917,0.15151515151515152,0.935483870967742,0.15294117647058825,0.45555555555555555
333,0.9234197255775771,0.4790996784565918,0.42487939352170917,0.15151515151515152,0.935483870967742,0.3058823529411765,0.2
334,0.8364020171220828,0.5112540192926047,0.2984148862853205,0.16934046345811052,0.9470967741935483,0.4588235294117647,0.3
335,0.886712794652281,0.5080385852090032,0.3697450034458994,0.11051693404634581,0.9406451612903226,0.4235294117647059,0.5555555555555556
336,0.886712794652281,0.2443729903536978,0.3697450034458994,0.11051693404634581,0.9406451612903226,0.8352941176470587,0.15555555555555553
337,0.886712794652281,0.54983922829582,0.3697450034458994,0.11051693404634581,0.9406451612903226,0.34117647058823525,0.2
338,0.886712794652281,0.6688102893890677,0.3697450034458994,0.11051693404634581,0.9406451612903226,0.22352941176470592,0.2
339,0.886712794652281,0.6591639871382637,0.3697450034458994,0.11051693404634581,0.9406451612903226,0.23529411764705882,0.2
340,0.886712794652281,0.5852090032154342,0.3697450034458994,0.11051693404634581,0.9406451612903226,0.3058823529411765,0.15555555555555553
341,0.886712794652281,0.54983922829582,0.3697450034458994,0.11051693404634581,0.9406451612903226,0.34117647058823525,0.2
342,0.8941010906532192,0.4340836012861737,0.38111647139903515,0.11586452762923352,0.9445161290322581,0.4235294117647059,0.2
343,0.9372581212618741,0.5916398713826367,0.4445210199862164,0.13368983957219252,0.9393548387096775,0.25882352941176473,0.15555555555555553
344,0.9372581212618741,0.4405144694533763,0.4445210199862164,0.13368983957219252,0.9393548387096775,0.4235294117647059,0.45555555555555555
345,0.9372581212618741,0.3215434083601286,0.4445210199862164,0.13368983957219252,0.9393548387096775,0.6000000000000001,0.5000000000000001
346,0.9372581212618741,0.4694533762057879,0.4445210199862164,0.13368983957219252,0.9393548387096775,0.32941176470588235,0.3
347,0.9372581212618741,0.6141479099678457,0.4445210199862164,0.13368983957219252,0.9393548387096775,0.23529411764705882,0.2
348,0.8647824557288613,0.2540192926045016,0.33735354927636113,0.1711229946524064,0.9470967741935483,0.7058823529411764,0.3555555555555555
349,0.8647824557288613,0.48874598070739556,0.33735354927636113,0.1711229946524064,0.9470967741935483,0.4941176470588235,0.45555555555555555
350,0.8647824557288613,0.3408360128617364,0.33735354927636113,0.1711229946524064,0.9470967741935483,0.5764705882352941,0.3555555555555555
351,0.8647824557288613,0.2540192926045016,0.33735354927636113,0.1711229946524064,0.9470967741935483,0.7058823529411764,0.3555555555555555
352,0.8647824557288613,0.42443729903536986,0.33735354927636113,0.1711229946524064,0.9470967741935483,0.4470588235294118,0.6555555555555556
353,0.8647824557288613,0.5916398713826367,0.33735354927636113,0.1711229946524064,0.9470967741935483,0.32941176470588235,0.3555555555555555
354,0.8647824557288613,0.5659163987138265,0.33735354927636113,0.1711229946524064,0.9470967741935483,0.37647058823529417,0.25555555555555554
355,0.8647824557288613,0.5305466237942122,0.33735354927636113,0.1711229946524064,0.9470967741935483,0.411764705882353,0.2
356,0.8647824557288613,0.5980707395498392,0.33735354927636113,0.1711229946524064,0.9470967741935483,0.23529411764705882,0.5000000000000001
357,0.8647824557288613,0.5980707395498392,0.33735354927636113,0.1711229946524064,0.9470967741935483,0.23529411764705882,0.5000000000000001
358,0.916852351354521,0.4405144694533763,0.4166092350103377,0.18181818181818182,0.9522580645161292,0.4705882352941177,0.3555555555555555
359,0.916852351354521,0.5627009646302252,0.4166092350103377,0.18181818181818182,0.9522580645161292,0.2823529411764706,0.25555555555555554
360,0.916852351354521,0.6077170418006432,0.4166092350103377,0.18181818181818182,0.9522580645161292,0.2823529411764706,0.2
361,0.916852351354521,0.5209003215434085,0.4166092350103377,0.18181818181818182,0.9522580645161292,0.31764705882352945,0.2
362,0.916852351354521,0.4855305466237943,0.4166092350103377,0.18181818181818182,0.9522580645161292,0.35294117647058826,0.39999999999999997
363,0.8495367655681951,0.41800643086816724,0.18642315644383187,0.20677361853832443,0.8967741935483873,0.5764705882352941,0.3
364,0.8941010906532192,0.4405144694533763,0.38111647139903515,0.11586452762923352,0.9445161290322581,0.4470588235294118,0.2
365,0.8941010906532192,0.6077170418006432,0.38111647139903515,0.11586452762923352,0.9445161290322581,0.23529411764705882,0.25555555555555554
366,0.8941010906532192,0.559485530546624,0.38111647139903515,0.11586452762923352,0.9445161290322581,0.35294117647058826,0.3
367,0.9431218482467457,0.4405144694533763,0.4521019986216403,0.22281639928698754,0.9341935483870967,0.27058823529411763,0.5555555555555556
368,0.9431218482467457,0.4565916398713827,0.4521019986216403,0.22281639928698754,0.9341935483870967,0.1411764705882353,0.3555555555555555
369,0.8637269848715844,0.4694533762057879,0.321157822191592,0.14973262032085563,0.935483870967742,0.37647058823529417,0.5000000000000001
370,0.9583675384074118,0.37299035369774924,0.9483115093039284,0.1265597147950089,0.9329032258064516,0.7294117647058824,0.7999999999999999
371,0.9583675384074118,0.37299035369774924,0.9483115093039284,0.1265597147950089,0.9329032258064516,0.7294117647058824,0.7999999999999999
372,0.6011492904890349,0.38585209003215437,0.4565816678152998,0.14260249554367202,0.9445161290322581,0.5058823529411764,0.39999999999999997
373,0.7700246276533365,0.2636655948553055,0.6964162646450723,0.1443850267379679,0.9458064516129032,0.7058823529411764,0.055555555555555546
374,0.8100152456901607,0.581993569131833,0.7625775327360441,0.24777183600713015,0.9819354838709677,0.31764705882352945,0.25555555555555554
375,0.993784449396036,0.26045016077170424,0.9955203308063404,0.13190730837789663,0.9238709677419354,0.7411764705882353,0.39999999999999997
376,0.8637269848715844,0.42443729903536986,0.321157822191592,0.14973262032085563,0.935483870967742,0.4941176470588235,0.5000000000000001
377,0.7795238653688285,0.6077170418006432,0.7095106822880771,0.1461675579322638,0.9470967741935483,0.4588235294117647,0.2
378,0.8293655447402369,0.6334405144694535,0.7925568573397657,0.14973262032085563,0.967741935483871,0.31764705882352945,0.2
379,0.026621320511316993,0.20900321543408362,0.061337008959338385,0.14260249554367202,0.9316129032258067,0.4235294117647059,0.6
380,0.1917438724053008,0.09646302250803859,0.0,0.0,0.0,1.0,0.055555555555555546
381,0.5287908994957196,0.54983922829582,0.3452791178497588,0.21212121212121213,0.967741935483871,0.2823529411764706,0.7555555555555555
382,0.7448106016183886,0.45016077170418006,0.6650585802894555,0.12121212121212122,0.9290322580645163,0.5647058823529412,0.25555555555555554
383,0.7999296352761815,0.8360128617363345,0.7463818056512749,0.32085561497326204,0.9870967741935486,0.1647058823529412,0.15555555555555553
384,0.874750791603143,0.5884244372990355,0.8521709166092349,0.11229946524064172,0.9406451612903226,0.5058823529411764,0.25555555555555554
385,0.9513310660255659,0.6141479099678457,0.9396967608545831,0.13725490196078433,0.9406451612903226,0.34117647058823525,0.45555555555555555
386,0.7096282397091592,0.6012861736334405,0.6209510682288077,0.1354723707664884,0.9406451612903226,0.411764705882353,0.2
387,0.8708807317931277,0.5916398713826367,0.3294279807029635,0.20320855614973263,0.9264516129032259,0.4705882352941177,0.5555555555555556
388,0.026621320511316993,0.30225080385852093,0.061337008959338385,0.14260249554367202,0.9316129032258067,0.38823529411764707,0.5555555555555556
389,0.8195144834056527,0.6784565916398715,0.7784286698828394,0.21390374331550804,0.9819354838709677,0.22352941176470592,0.3
390,0.8195144834056527,0.6784565916398715,0.7784286698828394,0.21390374331550804,0.9819354838709677,0.22352941176470592,0.3
391,0.059106368007505565,0.17041800643086819,0.028945554789800137,0.0730837789661319,0.8516129032258066,0.6588235294117648,0.6555555555555556
392,0.8563386888706462,0.594855305466238,0.3108201240523777,0.12834224598930483,0.9341935483870967,0.36470588235294116,0.25555555555555554
393,0.9583675384074118,0.6334405144694535,0.9483115093039284,0.1265597147950089,0.9329032258064516,0.32941176470588235,0.39999999999999997
394,0.020757593526445413,0.41800643086816724,0.047898001378359756,0.20320855614973263,0.9638709677419357,0.047058823529411764,0.7999999999999999
395,0.045502521402603496,0.09967845659163987,0.01206064782908339,0.03921568627450981,0.8438709677419354,0.6235294117647059,0.15555555555555553
396,0.05746452445174153,0.2540192926045016,0.02722260509993108,0.06238859180035651,0.8554838709677419,0.5529411764705883,0.15555555555555553
397,0.8708807317931277,0.5852090032154342,0.3294279807029635,0.20320855614973263,0.9264516129032259,0.4705882352941177,0.5000000000000001
398,0.7096282397091592,0.7106109324758845,0.6209510682288077,0.1354723707664884,0.9406451612903226,0.21176470588235297,0.3555555555555555
399,0.8293655447402369,0.762057877813505,0.7925568573397657,0.14973262032085563,0.967741935483871,0.2,0.3
400,0.33986161604315707,0.829581993569132,0.1667815299793246,0.24955436720142604,0.9625806451612904,0.22352941176470592,0.45555555555555555
401,0.33986161604315707,0.829581993569132,0.1667815299793246,0.24955436720142604,0.9625806451612904,0.22352941176470592,0.45555555555555555
402,0.8488331183300106,0.662379421221865,0.30013783597518956,0.14795008912655974,0.9341935483870967,0.36470588235294116,0.39999999999999997
403,0.8195144834056527,0.7331189710610932,0.7784286698828394,0.21390374331550804,0.9819354838709677,0.24705882352941178,0.39999999999999997
404,0.7448106016183886,0.6141479099678457,0.6650585802894555,0.12121212121212122,0.9290322580645163,0.3058823529411765,0.3555555555555555
405,0.8410929987099801,0.6302250803858522,0.2884217780840799,0.06595365418894832,0.8929032258064518,0.22352941176470592,0.2
406,0.7892576521637152,0.8263665594855307,0.7270847691247415,0.16934046345811052,0.9793548387096773,0.1411764705882353,0.2
407,1.0,0.47588424437299043,1.0,0.07130124777183601,0.8825806451612903,0.611764705882353,0.5000000000000001
408,0.05523630819749032,0.38585209003215437,0.02446588559614059,0.05169340463458111,0.8516129032258066,0.36470588235294116,0.39999999999999997
409,0.993784449396036,0.5691318327974277,0.9955203308063404,0.13190730837789663,0.9238709677419354,0.34117647058823525,0.3
410,0.5187052890817404,0.6816720257234727,0.32770503101309445,0.21568627450980393,0.9496774193548387,0.18823529411764706,0.5555555555555556
411,0.05265626832414683,0.4019292604501608,0.021364576154376293,0.04812834224598931,0.8438709677419354,0.31764705882352945,0.25555555555555554
412,0.04186701067198311,0.19292604501607719,0.007236388697450035,0.058823529411764705,0.8503225806451613,0.4470588235294118,1.0
413,0.5092060513662484,0.662379421221865,0.31357684355616816,0.17468805704099824,0.9496774193548387,0.1411764705882353,0.45555555555555555
414,0.8293655447402369,0.7781350482315113,0.7925568573397657,0.14973262032085563,0.967741935483871,0.21176470588235297,0.3555555555555555
415,0.8387475079160315,0.7041800643086817,0.8063404548587181,0.1800356506238859,0.9664516129032259,0.411764705882353,0.39999999999999997
416,0.8100152456901607,0.8135048231511255,0.7625775327360441,0.24777183600713015,0.9819354838709677,0.1411764705882353,0.5000000000000001
417,0.6660021109417146,0.77491961414791,0.5616815988973122,0.15864527629233513,0.9548387096774196,0.2823529411764706,0.3
418,0.023924006098276066,0.37299035369774924,0.05582356995175741,0.17647058823529413,0.9638709677419357,0.10588235294117648,0.6
419,0.7700246276533365,0.729903536977492,0.6964162646450723,0.1443850267379679,0.9458064516129032,0.31764705882352945,0.5555555555555556
420,0.7096282397091592,0.7266881028938907,0.6209510682288077,0.1354723707664884,0.9406451612903226,0.24705882352941178,0.39999999999999997
421,0.736484109299871,0.7717041800643087,0.6557546519641626,0.13903743315508021,0.9419354838709679,0.24705882352941178,0.45555555555555555
422,0.7999296352761815,0.919614147909968,0.7463818056512749,0.32085561497326204,0.9870967741935486,0.047058823529411764,0.45555555555555555
423,0.9241233728157617,0.8713826366559487,0.9028256374913853,0.09269162210338681,0.9058064516129034,0.1411764705882353,0.3555555555555555
424,0.8637269848715844,0.6463022508038587,0.321157822191592,0.14973262032085563,0.935483870967742,0.38823529411764707,0.39999999999999997
425,0.8293655447402369,0.7942122186495177,0.7925568573397657,0.14973262032085563,0.967741935483871,0.18823529411764706,0.3555555555555555
426,0.874750791603143,0.5852090032154342,0.8521709166092349,0.11229946524064172,0.9406451612903226,0.4823529411764706,0.2
427,0.874750791603143,0.5852090032154342,0.8521709166092349,0.11229946524064172,0.9406451612903226,0.4823529411764706,0.2
428,0.7795238653688285,0.8263665594855307,0.7095106822880771,0.1461675579322638,0.9470967741935483,0.21176470588235297,0.2
429,0.8100152456901607,0.7717041800643087,0.7625775327360441,0.24777183600713015,0.9819354838709677,0.22352941176470592,0.6
430,0.7096282397091592,0.7202572347266882,0.6209510682288077,0.1354723707664884,0.9406451612903226,0.34117647058823525,0.39999999999999997
431,0.9867479770141903,0.5530546623794212,0.9858718125430737,0.12121212121212122,0.9161290322580646,0.35294117647058826,0.3555555555555555
432,0.7005981001524569,0.6784565916398715,0.6095796002756719,0.1711229946524064,0.9470967741935483,0.29411764705882354,0.39999999999999997
433,0.8100152456901607,0.6977491961414792,0.7625775327360441,0.24777183600713015,0.9819354838709677,0.27058823529411763,0.7000000000000001
434,0.8387475079160315,0.6012861736334405,0.8063404548587181,0.1800356506238859,0.9664516129032259,0.6000000000000001,0.5000000000000001
435,0.9420663773894689,0.6430868167202572,0.9259131633356306,0.09803921568627451,0.927741935483871,0.35294117647058826,0.3555555555555555
436,0.4323912278644307,0.694533762057878,0.28807718814610617,0.09982174688057041,0.9303225806451614,0.4235294117647059,0.15555555555555553
437,0.7795238653688285,0.7909967845659165,0.7095106822880771,0.1461675579322638,0.9470967741935483,0.23529411764705882,0.09999999999999998
438,0.891872874398968,0.38585209003215437,0.8700895933838731,0.17290552584670232,0.9122580645161291,0.6823529411764706,0.25555555555555554
439,0.8293655447402369,0.6881028938906755,0.7925568573397657,0.14973262032085563,0.967741935483871,0.4470588235294118,0.39999999999999997
440,0.8563386888706462,0.5434083601286175,0.3108201240523777,0.12834224598930483,0.9341935483870967,0.36470588235294116,0.2
441,0.993784449396036,0.45016077170418006,0.9955203308063404,0.13190730837789663,0.9238709677419354,0.5058823529411764,0.3555555555555555
442,0.7795238653688285,0.7491961414790997,0.7095106822880771,0.1461675579322638,0.9470967741935483,0.1647058823529412,0.15555555555555553
443,0.039521519878034476,0.27974276527331193,0.08201240523776705,0.06595365418894832,0.8929032258064518,0.5764705882352941,0.3
444,0.42265744106954384,0.4051446945337621,0.2749827705031013,0.29946524064171126,0.9290322580645163,0.7411764705882353,0.8444444444444444
445,0.993784449396036,0.45016077170418006,0.9955203308063404,0.13190730837789663,0.9238709677419354,0.5058823529411764,0.3555555555555555
446,0.10883077283921662,0.4855305466237943,0.16126809097174363,0.19073083778966132,0.9716129032258065,0.7647058823529411,0.45555555555555555
447,0.7700246276533365,0.5434083601286175,0.6964162646450723,0.1443850267379679,0.9458064516129032,0.6470588235294117,0.2
448,0.023924006098276066,0.21543408360128619,0.05582356995175741,0.17647058823529413,0.9638709677419357,0.23529411764705882,0.8444444444444444
449,0.9805324264102264,0.2668810289389068,0.977946243969676,0.1800356506238859,0.9161290322580646,0.7294117647058824,0.39999999999999997
450,0.7096282397091592,0.54983922829582,0.6209510682288077,0.1354723707664884,0.9406451612903226,0.5411764705882354,0.5000000000000001
451,0.7999296352761815,0.6816720257234727,0.7463818056512749,0.32085561497326204,0.9870967741935486,0.39999999999999997,0.5555555555555556
452,0.7529025448575114,0.30868167202572355,0.6743625086147484,0.29055258467023176,0.9264516129032259,0.8588235294117645,0.5000000000000001
453,0.8475430983933389,0.49839228295819943,0.8170227429359062,0.13368983957219252,0.9393548387096775,0.588235294117647,0.39999999999999997
454,0.9328016887533717,0.48874598070739556,0.9135079255685733,0.09982174688057041,0.9122580645161291,0.4588235294117647,0.3
455,0.874750791603143,0.4694533762057879,0.8521709166092349,0.11229946524064172,0.9406451612903226,0.4823529411764706,0.3
456,0.6559165005277355,0.504823151125402,0.5475534114403859,0.2976827094474153,0.9793548387096773,0.38823529411764707,0.25555555555555554
457,0.874750791603143,0.4630225080385853,0.8521709166092349,0.11229946524064172,0.9406451612903226,0.5176470588235293,0.25555555555555554
458,0.736484109299871,0.5691318327974277,0.6557546519641626,0.13903743315508021,0.9419354838709679,0.411764705882353,0.39999999999999997
459,0.8293655447402369,0.5369774919614148,0.7925568573397657,0.14973262032085563,0.967741935483871,0.5764705882352941,0.5000000000000001
460,0.9513310660255659,0.4276527331189711,0.9396967608545831,0.13725490196078433,0.9406451612903226,0.6705882352941177,0.8444444444444444
461,0.8293655447402369,0.5369774919614148,0.7925568573397657,0.14973262032085563,0.967741935483871,0.5764705882352941,0.5000000000000001
462,0.8293655447402369,0.5369774919614148,0.7925568573397657,0.14973262032085563,0.967741935483871,0.5764705882352941,0.5000000000000001
463,0.9583675384074118,0.39549839228295824,0.9483115093039284,0.1265597147950089,0.9329032258064516,0.7176470588235293,0.7999999999999999
464,0.00973378679488683,0.07717041800643087,0.01137146795313577,0.0338680926916221,0.727741935483871,0.7882352941176471,0.6555555555555556
465,0.00973378679488683,0.09324758842443731,0.01137146795313577,0.0338680926916221,0.727741935483871,0.7294117647058824,0.5555555555555556
466,0.008678315937609945,0.07717041800643087,0.008614748449345278,0.03208556149732621,0.7845161290322582,0.5176470588235293,0.055555555555555546
467,0.03400961651225519,0.25723472668810293,0.048242591316333565,0.1265597147950089,0.8838709677419356,0.35294117647058826,0.6
468,0.03893514717954732,0.28938906752411575,0.05995864920744315,0.13012477718360071,0.9225806451612903,0.3058823529411765,0.5555555555555556
469,0.04174973613228568,0.35691318327974286,0.06719503790489319,0.15151515151515152,0.9367741935483871,0.1411764705882353,0.3555555555555555
470,0.020757593526445413,0.36977491961414793,0.04651964162646451,0.21925133689839574,0.9329032258064516,0.21176470588235297,1.0
471,0.020757593526445413,0.4951768488745982,0.04651964162646451,0.21925133689839574,0.9329032258064516,0.1411764705882353,0.6
472,0.07716664712091006,0.5080385852090032,0.08373535492763612,0.10160427807486631,0.9148387096774193,0.29411764705882354,0.39999999999999997
473,0.2592940072710215,0.3890675241157557,0.32770503101309445,0.08377896613190731,0.8967741935483873,0.7529411764705882,0.39999999999999997
474,0.2869707986396154,0.717041800643087,0.2067539627842867,0.16755793226381463,0.9264516129032259,0.411764705882353,0.3
475,0.36214377858566904,0.7781350482315113,0.3538938662991041,0.19251336898395724,0.9587096774193549,0.23529411764705882,0.25555555555555554
476,0.40143074938430867,0.6591639871382637,0.4155754651964163,0.32085561497326204,0.967741935483871,0.29411764705882354,1.0
477,0.4539697431687581,0.8038585209003217,0.290144727773949,0.17647058823529413,0.9651612903225808,0.15294117647058825,0.09999999999999998
478,0.4872757124428287,0.7684887459807075,0.3452791178497588,0.2620320855614973,0.967741935483871,0.35294117647058826,0.39999999999999997
479,0.4872757124428287,0.5144694533762058,0.3452791178497588,0.2620320855614973,0.967741935483871,0.7882352941176471,0.45555555555555555
480,0.4968922246980181,0.6559485530546625,0.3542384562370779,0.11408199643493762,0.9096774193548389,0.4941176470588235,0.5000000000000001
481,0.6474727336695204,0.9003215434083602,0.39042039972432807,0.16934046345811052,0.9612903225806453,0.11764705882352944,0.45555555555555555
482,0.6474727336695204,0.9003215434083602,0.39042039972432807,0.16934046345811052,0.9612903225806453,0.08235294117647057,0.5000000000000001
483,0.6792541339275244,0.6816720257234727,0.4452101998621641,0.25133689839572193,0.9832258064516131,0.29411764705882354,0.6
484,0.6792541339275244,0.9260450160771705,0.4452101998621641,0.25133689839572193,0.9832258064516131,0.1411764705882353,0.5555555555555556
485,0.6792541339275244,0.9935691318327977,0.4452101998621641,0.25133689839572193,0.9832258064516131,0.11764705882352944,0.39999999999999997
486,0.6900433915796881,0.9131832797427655,0.4631288766368022,0.37967914438502676,0.9845161290322582,0.15294117647058825,0.3555555555555555
487,0.7011844728509441,0.7041800643086817,0.4831150930392833,0.3155080213903743,0.9858064516129033,0.32941176470588235,0.6555555555555556
488,0.7011844728509441,0.7781350482315113,0.4831150930392833,0.3155080213903743,0.9858064516129033,0.22352941176470592,0.3555555555555555
489,0.7011844728509441,0.5530546623794212,0.4831150930392833,0.3155080213903743,0.9858064516129033,0.6588235294117648,0.7999999999999999
490,0.7011844728509441,0.5916398713826367,0.4831150930392833,0.3155080213903743,0.9858064516129033,0.5058823529411764,0.09999999999999998
491,0.7011844728509441,0.852090032154341,0.4831150930392833,0.3155080213903743,0.9858064516129033,0.21176470588235297,0.39999999999999997
492,0.7226457136155742,0.9710610932475885,0.519986216402481,0.24598930481283424,0.9948387096774194,0.07058823529411767,0.45555555555555555
493,0.7337867948868302,0.9710610932475885,0.5406616126809096,0.20142602495543674,0.9961290322580647,0.1411764705882353,0.2
494,0.7337867948868302,0.8135048231511255,0.5406616126809096,0.20142602495543674,0.9961290322580647,0.1647058823529412,0.45555555555555555
495,0.7448106016183886,0.919614147909968,0.5613370089593384,0.24955436720142604,0.9974193548387098,0.1764705882352941,0.5000000000000001
496,0.7668582150815058,0.6977491961414792,0.6009648518263266,0.29946524064171126,1.0,0.31764705882352945,0.2
497,0.7668582150815058,0.9774919614147912,0.6009648518263266,0.29946524064171126,1.0,0.1294117647058824,0.3
498,0.7778820218130644,0.9678456591639872,0.62026188835286,0.25490196078431376,0.9987096774193549,0.1411764705882353,0.2
499,0.7778820218130644,1.0,0.62026188835286,0.25490196078431376,0.9987096774193549,0.1294117647058824,0.25555555555555554
500,0.7778820218130644,0.807073954983923,0.62026188835286,0.25490196078431376,0.9987096774193549,0.5647058823529412,0.5000000000000001
501,0.7778820218130644,0.6237942122186497,0.62026188835286,0.25490196078431376,0.9987096774193549,0.588235294117647,0.5000000000000001
502,0.7778820218130644,0.6237942122186497,0.62026188835286,0.25490196078431376,0.9987096774193549,0.588235294117647,0.5000000000000001
503,0.7778820218130644,0.594855305466238,0.62026188835286,0.25490196078431376,0.9987096774193549,0.6352941176470588,0.5000000000000001
504,0.7988741644189047,0.8681672025723475,0.47656788421778085,0.35650623885918004,0.9780645161290322,0.1764705882352941,0.5000000000000001
505,0.7988741644189047,0.8585209003215435,0.47656788421778085,0.35650623885918004,0.9780645161290322,0.1647058823529412,0.5000000000000001
506,0.8637269848715844,0.7877813504823152,0.5585802894555478,0.1800356506238859,0.9329032258064516,0.23529411764705882,0.15555555555555553
507,0.8733434971267738,0.5241157556270097,0.5713301171605789,0.1265597147950089,0.9329032258064516,0.6823529411764706,0.9
508,0.8733434971267738,0.762057877813505,0.5713301171605789,0.1265597147950089,0.9329032258064516,0.3058823529411765,0.3555555555555555
509,0.8733434971267738,0.762057877813505,0.5713301171605789,0.1265597147950089,0.9329032258064516,0.3058823529411765,0.3555555555555555
510,0.8733434971267738,0.6077170418006432,0.5713301171605789,0.1265597147950089,0.9329032258064516,0.6588235294117648,0.7999999999999999
511,0.8733434971267738,0.5144694533762058,0.5713301171605789,0.1265597147950089,0.9329032258064516,0.5529411764705883,0.5555555555555556
512,0.7713146475900082,0.8231511254019295,0.19159200551343902,0.0338680926916221,0.8116129032258064,0.23529411764705882,0.25555555555555554
513,0.7713146475900082,0.8231511254019295,0.19159200551343902,0.0338680926916221,0.8116129032258064,0.2,0.25555555555555554
514,0.7713146475900082,0.6334405144694535,0.19159200551343902,0.0338680926916221,0.8116129032258064,0.6588235294117648,0.6
515,0.7713146475900082,0.6109324758842445,0.19159200551343902,0.0338680926916221,0.8116129032258064,0.6470588235294117,0.7000000000000001
516,0.7116219068840156,0.7524115755627012,0.4993108201240524,0.20142602495543674,0.9767741935483873,0.31764705882352945,0.39999999999999997
517,0.11586724522106252,0.30868167202572355,0.006547208821502412,0.019607843137254905,0.7845161290322582,0.18823529411764706,0.45555555555555555