Cluster,ObjectID,Dimension_1,Dimension_2,Dimension_3,Dimension_4,Dimension_5
Class_1,0,0.8729733870715194,0.8706046539601151,0.9622443610431278,0.004021329027981902,0.9895142159238332
Class_1,1,0.7806286691739016,0.781424137889179,0.7811617367722984,0.11606964624045185,0.7787168758951748
Class_1,2,0.8932299810060886,0.8589756988562963,0.9368682290621619,0.16918558831051458,0.9044069687997435
Class_1,3,0.9625443668087901,0.9244189448438189,0.9226931766422506,0.05114717416856365,0.9708683863777157
Class_1,4,0.8604348584390499,0.8728203783156808,0.7958293818073718,0.019563707241575783,0.900766491272337
Class_1,5,0.8608394642610436,0.7958157839779573,0.8711127282441,0.19387118638985093,0.8867362661846785
Class_1,6,0.7691570216895564,0.9022267470714782,0.9062001234757826,0.03691761148177018,0.9959551526733228
Class_1,7,0.868367400802254,0.8391955600101695,0.8713540836688726,0.15809051929466428,0.83186306122686
Class_1,8,0.8555358473412178,0.98329870069493,0.946500422548717,0.18943082408560602,0.8206080742907036
Class_1,9,0.8826396518463717,0.8382588043409863,0.8322173887996857,0.2328472860754731,0.7971406798475833
Class_1,10,0.9129731518152275,0.9113656603425814,0.769325276512419,0.13579924801059104,0.8767153225069447
Class_1,11,0.9432135300362765,0.7573598460169296,0.7800621043373515,0.030219001769234963,0.8830777690343721
Class_1,12,0.7797114123927882,0.8559694532121553,0.8084059979983803,0.004459535290211017,0.8447624031320504
Class_1,13,0.8924158074024485,0.8409429430381105,0.8524975828858656,0.028439866858949028,0.9616501256365997
Class_1,14,0.8765822884918038,0.8522977059002165,0.8534290083403642,0.06653596993566835,0.8646897629710485
Class_1,15,0.8529981411403464,0.9682972097067125,0.899876715164535,0.0071217068270677175,0.8918842523032235
Class_1,16,0.8229425659237143,0.9557266547480727,0.8881564850977445,0.012974309369382396,0.9864562366057316
Class_1,17,0.9434783894493729,0.9875402180310013,0.8770131965599303,0.2472799506429966,0.9154291264036295
Class_1,18,0.8332778659743758,0.9713810852193286,0.7963772590955204,0.18543316714522293,0.895126732278476
Class_1,19,0.7831656416446025,0.7535496026216753,0.9457338615061774,0.13958337829198167,0.8386946081975587
Class_1,20,0.7554509241615133,0.8738883470815334,0.9257030503044297,0.19913491665738528,0.8296291351571377
Class_1,21,0.7715188589983406,0.8292232633924033,0.848742755198254,0.10548948372078847,0.9524697192190967
Class_1,22,0.9459540393350706,0.9843562572680868,0.9675440638624438,0.009690710502726777,0.7611950625446335
Class_1,23,0.7586715610166925,0.9262947924467212,0.9476219040652791,0.17429371199063753,0.9167194409798611
Class_1,24,0.8870254242122654,0.9326223146512969,0.9404564166730528,0.1993543165706047,0.861924496132558
Class_1,25,0.7579889994080129,0.8834189440178534,0.9714962627643926,0.11368024791862413,0.8316083380327649
Class_1,26,0.7987702231003069,0.8838313730499169,0.8205713481764795,0.07078840383789621,0.8233009561023447
Class_1,27,0.9049895966590428,0.92381745506422,0.866881708141886,0.07880221190716415,0.8327304761960646
Class_1,28,0.8838352204164329,0.7667651916725748,0.831310331645674,0.055345005381793974,0.9809793256821888
Class_1,29,0.8868989837497474,0.8324624464210686,0.9075138562647274,0.20349698458787263,0.975317507728028
Class_1,30,0.8351292476650807,0.8019979269443895,0.9938064806514693,0.060599304840165694,0.9476619036049425
Class_1,31,0.9828849831702912,0.7680177222361483,0.9427217629702392,0.14265931634217274,0.8216937660908158
Class_1,32,0.897436442700644,0.8267074459237522,0.8012936847744133,0.057594787180467594,0.9293355653301125
Class_1,33,0.9890662548759086,0.8210729196514093,0.7882733368965595,0.11494891197681717,0.9257104751074712
Class_1,34,0.858993977880899,0.8581647819789662,0.77462274547834,0.03421638716168318,0.8545227530458956
Class_1,35,0.8523068370927385,0.9327397019525091,0.8406702321405042,0.20572935891679064,0.999055112188057
Class_1,36,0.9593992358529544,0.812400966125915,0.7837352522258417,0.12027290120887635,0.8320589541222089
Class_1,37,0.9533665283798399,0.855877727751547,0.9566691818652402,0.17822944750258582,0.9622007857861329
Class_1,38,0.7815651301447184,0.781371847216922,0.8287714317837028,0.10516764581042978,0.9859149274440634
Class_1,39,0.9966184969751766,0.956821644217809,0.9134483637527796,0.049381327236971584,0.8859735132336891
Class_1,40,0.9869387692261421,0.7588216780601783,0.9017543109408497,0.05817863226691445,0.755862086154755
Class_1,41,0.9569369604701277,0.7872429999130008,0.9041899044862627,0.20064290652822528,0.9197642047523598
Class_1,42,0.803998075714902,0.8006444012120575,0.8670838731063156,0.09377052922302277,0.9020507671016922
Class_1,43,0.8431171651202777,0.871930426810166,0.8340417227293699,0.2159205553518987,0.9615318430852133
Class_1,44,0.8646240355509374,0.7550522860564006,0.8523385703604032,0.11533464184732875,0.7983498728999814
Class_1,45,0.9043051039192417,0.904467805813189,0.9528540679063552,0.07560710367232204,0.9663493879528741
Class_1,46,0.7689728833471006,0.8707348152466095,0.907460553318614,0.051462619697337904,0.8038239941415485
Class_1,47,0.8197748028494013,0.9497064686323565,0.9108106711684307,0.22618372524038052,0.9288749029288357
Class_1,48,0.8693652042898935,0.9636202619146899,0.9110043451732657,0.1092596980667612,0.9244575045402896
Class_1,49,0.899031237425257,0.7651258756343812,0.9002786174205818,0.02920075530458417,0.7981465960131127
Class_2,50,0.5546457635827352,0.3932229550539663,0.5859343626956272,0.9342982771039261,0.05724340721403843
Class_2,51,0.5115459284656727,0.5405081561732511,0.40061171553527647,0.8314664654675433,0.09847486277753763
Class_2,52,0.5249440835985668,0.3744506992932267,0.37361257828566574,0.7841845097923015,0.1285712781878071
Class_2,53,0.3821099250634115,0.5337250936913072,0.5860719915245557,0.8304593660397871,0.1588112065907364
Class_2,54,0.5927706981354111,0.3876594353636546,0.3853728063648395,0.9527229071864517,0.2320864500004603
Class_2,55,0.5906070347021024,0.4292531231602357,0.4391192667678217,0.8689208078310181,0.11081267359976862
Class_2,56,0.373781710901222,0.5048066179724382,0.4001978256812961,0.8090061384655964,0.02131093180995309
Class_2,57,0.3987657826649237,0.509919634500015,0.536799489168891,0.8251604573398023,0.030362576641634532
Class_2,58,0.4358616112141481,0.5339510284143864,0.5164749291181463,0.9763864483527881,0.1672445490943342
Class_2,59,0.4966215731670873,0.43352943356344464,0.5073671569935891,0.9089087548310802,0.013284544276502122
Class_2,60,0.4227745008957929,0.6081510930555302,0.5732464270338317,0.78820890689149,0.05119231783330798
Class_2,61,0.6062636149056191,0.3992573789955012,0.4720878869373505,0.8262624074539558,0.01753605662771872
Class_2,62,0.5889779118442307,0.4924824695610167,0.5806057809321327,0.9005308897412386,0.09831163920185995
Class_2,63,0.43866071112175664,0.5929419574540107,0.5700109207766344,0.981176621164985,0.22819352412624636
Class_2,64,0.37424743284537565,0.48606438283162917,0.4940161164432725,0.9127935671338375,0.16446158714724907
Class_2,65,0.412226023561151,0.4982347906194923,0.5368294382350041,0.9383582788261591,0.12341837319463939
Class_2,66,0.46870948951237734,0.5785236563327005,0.5011546661436439,0.8366966063607939,0.12457966300434441
Class_2,67,0.4574116956673896,0.4407968236838642,0.48144741281511627,0.8189953118425082,0.17636089045200315
Class_2,68,0.5632957038800669,0.5974779012870487,0.603392917945065,0.9055283090605933,9.349288465747647E-5
Class_2,69,0.47376207553616745,0.4968826373325057,0.569741628984823,0.8199397417526818,0.1369672614299182
Class_2,70,0.5776696805297429,0.3833889598569016,0.6033200792092686,0.8687055655147298,0.1765826392774454
Class_2,71,0.517637460067396,0.5243866244433173,0.6108202618165559,0.9504411900609769,0.20733771984290225
Class_2,72,0.5410273078421075,0.4002141004641367,0.39100545777381435,0.7720248847080551,0.21223019793193226
Class_2,73,0.44896446354652164,0.4596902921526544,0.4504985568901756,0.7999630397254444,0.01628444103807374
Class_2,74,0.48907756088528376,0.43173665405255185,0.6128621109685874,0.8991583515613234,0.2105577892266263
Class_2,75,0.4361453508059761,0.5419231564890465,0.5120954932382618,0.9114087265754653,0.1869728010501435
Class_2,76,0.5962150075359322,0.5181310196685354,0.5701771450178099,0.9093923490041216,0.08625151258140684
Class_2,77,0.5851114792647625,0.4454227400157973,0.45708797630918296,0.8326544799723378,0.21079239353120852
Class_2,78,0.3777907353430693,0.5662945783474423,0.5685118171731057,0.8817330260785431,0.1146133350853367
Class_2,79,0.5257672090116197,0.5650532891452691,0.5419501325241227,0.7982235094180135,0.14562515497603853
Class_2,80,0.4749814043344924,0.5047482839406261,0.3799588311518199,0.9224091693953242,0.22923435582533652
Class_2,81,0.37863451659031966,0.46591772280932464,0.3796283112864358,0.9294408410629703,0.10174071368123261
Class_2,82,0.3952926118945632,0.6153329370849006,0.45253177404858763,0.791709563258574,0.23507437285938548
Class_2,83,0.48576375712403,0.5595969795383501,0.4518281888736107,0.9179148260648223,0.1678404179337562
Class_2,84,0.3824037711457968,0.4977554792495694,0.5623800633040159,0.9915450165952286,0.21100711178489617
Class_2,85,0.47454259648174446,0.40260483183290174,0.5832264558401865,0.9567658357581369,0.09176839431230083
Class_2,86,0.3754377463845002,0.4971596391019281,0.482124679166441,0.9615593971454364,0.13161911897388318
Class_2,87,0.45601999683538086,0.5730339885890844,0.533572644846854,0.8526355800662194,0.14767303597133669
Class_2,88,0.4695932529018526,0.4801396257646622,0.4699878517418062,0.9716567183793394,0.07812765898798818
Class_2,89,0.3970244105976578,0.5088983899809081,0.593473437277388,0.8756573652107497,0.10218212279649269
Class_2,90,0.38079165831580386,0.38741793277042796,0.4012996666271223,0.8461283787733181,0.23700997391987585
Class_2,91,0.621342071803346,0.3772541714858128,0.4763576835449191,0.8261579899476146,0.052438534256376776
Class_2,92,0.5085000670870602,0.4894357251507848,0.48535853008550195,0.8448131312779253,0.1651383300345167
Class_2,93,0.5765633628052039,0.5003009928647357,0.4457760082514256,0.820105735376781,0.10772819782704483
Class_2,94,0.3760272578761822,0.47651198522303206,0.5767925628280224,0.959558562433974,0.08199038791994503
Class_2,95,0.5017068030684975,0.478199390968288,0.5916926214045024,0.9702611257602577,0.15800298731048534
Class_2,96,0.4772786658448224,0.5809496261875857,0.4248227336653058,0.9511155702546154,0.010464381893358896
Class_2,97,0.399384752958998,0.431944259120814,0.6176024315922366,0.889248599849628,0.09683956579644856
Class_2,98,0.4408777819217252,0.4042962076277749,0.4138802538651409,0.7952071494383933,0.19878124329968247
Class_2,99,0.5787729691808372,0.5351413948612744,0.5980304778996377,0.9423879839352114,0.07246697632678563
Class_3,100,0.1519424554366266,0.1900802730864107,0.12033068047751541,0.5098821849594888,0.42368284735790446
Class_3,101,0.059279622968659594,0.17289121761829276,0.127109283586526,0.46641445389782243,0.419517621171477
Class_3,102,0.15335798492041025,0.13493698934436082,0.2102250200489024,0.38191095144337056,0.3892711614853204
Class_3,103,0.15480643923016313,0.004009626819849863,0.004976450608925753,0.39737986774542394,0.530786128353613
Class_3,104,0.16113779294206962,0.22932941531032477,0.07104001315253539,0.4327761873027183,0.36751073203455054
Class_3,105,0.10782312591979515,0.148451058391316,0.1265049522211867,0.40305258802840244,0.4360432473391168
Class_3,106,0.11759621445583206,0.03167195335989498,0.24536512099548266,0.611168972615843,0.4971344661495135
Class_3,107,0.021725074095513365,0.026806253580413823,0.23683719069277823,0.5744094886439866,0.3953229500848251
Class_3,108,0.10240073184530987,0.009349471857175422,0.01039286339915624,0.5163512544219094,0.5789942614314983
Class_3,109,0.059193166906545074,0.12165951675405168,0.12054443431881243,0.5543796590226685,0.5368346702719065
Class_3,110,0.24412683475618308,0.11643730756705506,0.07715179805283855,0.4229440702960159,0.48628520949325404
Class_3,111,0.12529662164424107,0.08942985375735353,0.19163183980163484,0.4171635541876554,0.597419318673083
Class_3,112,0.04110453240216156,0.2106452448222091,0.23725423409349244,0.4269434262545575,0.6004030395621403
Class_3,113,0.08002813819969735,0.13862525866224396,6.218355726526656E-4,0.5217822657824781,0.5472070726878983
Class_3,114,0.005372919208226777,0.09899513793753147,0.2243239667478097,0.5085437583637693,0.4134073010864935
Class_3,115,0.07897163575140098,0.17231466813251764,0.07131256077311167,0.6167132491716489,0.5977494355903819
Class_3,116,0.07135221425669055,0.08265077328905963,0.0564167699486018,0.5666300636075263,0.48136132108265267
Class_3,117,0.015769288381483716,0.20200303044114848,0.11565380321148554,0.6069893583635779,0.6089301526865127
Class_3,118,0.13348344944261026,0.02806678872248872,0.10578133490865042,0.3895607523289487,0.5577736845505001
Class_3,119,0.14552253302722248,0.04034194047371533,0.044894203602021406,0.5265020723207601,0.5790360093884349
Class_3,120,0.11460151135212261,0.021095770043755246,0.1824190051466576,0.596558197818274,0.5796492806050049
Class_3,121,0.019509162594216648,0.12012661339386738,0.1614143182738753,0.538564941612168,0.5085961713712641
Class_3,122,0.16672541500471796,0.21882274607836072,0.08510732584619472,0.3850896591305979,0.4390873833963108
Class_3,123,0.18428529525066223,0.06283893903667573,0.12101653596225838,0.44356226671860977,0.39107426004051266
Class_3,124,0.05540260180677003,0.19841903612543876,0.1269763752350688,0.48312619948803903,0.3956434601386406
Class_3,125,0.23076074569533742,0.1059152512162725,0.07918365663693502,0.5747516291576382,0.394896463231955
Class_3,126,0.16675554048483113,0.1940465858144574,0.0915152736576198,0.5083078209991938,0.45916510758138596
Class_3,127,0.1025434708621385,0.2275739241694398,0.16588502813361156,0.5147403804941912,0.47866055263366053
Class_3,128,0.18122945758740816,0.09226607917578702,0.06018425913201377,0.47749478563849085,0.5636822896460294
Class_3,129,0.1983826984227826,0.06653126748479371,0.21344091106113705,0.5648085801500299,0.37193273750953715
Class_3,130,0.23568432240857634,0.09403016699544536,0.04853779490056122,0.5453780552748172,0.4639027833699856
Class_3,131,0.0024445894909237735,0.062187508517631496,0.22051523579041635,0.4434897703489446,0.42191163024198514
Class_3,132,0.13415618165594984,0.10549626137093628,0.005944431712051384,0.529313554548177,0.3817391349125053
Class_3,133,0.24664466934278742,0.131620355634063,0.23446984481099004,0.5588769259355291,0.6054865091597871
Class_3,134,0.10764025874949983,0.048703881817045325,0.18857969856941584,0.5225464928963028,0.6103890423028797
Class_3,135,0.0660321904218176,0.030469056602816656,0.015396132656380984,0.5486265390383889,0.41526830585149327
Class_3,136,0.24227054531704306,0.19875887736432316,0.21434736631010767,0.4183049931502015,0.5501864767991322
Class_3,137,0.025566940041919454,0.08908361395587641,0.22295955734884543,0.4574237981856629,0.4497311776501798
Class_3,138,0.08937711357523725,0.1113521336774013,0.015853286308616585,0.3698871899451084,0.5916729367119287
Class_3,139,0.21148867798737647,0.14225478566003966,0.030506655052142322,0.5102220258409829,0.5989104844768828
Class_3,140,0.005754624238806381,0.1175856535051933,0.1950497149247752,0.37290181341046275,0.5937186072995029
Class_3,141,0.2247578044963697,0.08149232683848413,0.06644636728413005,0.4889484016059381,0.3883187723521302
Class_3,142,0.20656477830515735,0.045674448763422755,0.00883157859364456,0.579319337783138,0.38962660948801703
Class_3,143,0.17480315363622329,0.08463142133788004,0.11103740301702082,0.4654074646397896,0.5019641448859369
Class_3,144,0.042803622813086,0.21935649026704543,0.16466137509499076,0.4070051796125688,0.4858900455272033
Class_3,145,0.010341028358611603,0.11468244617942515,0.23315401775156908,0.5581127228460006,0.3697310577372362
Class_3,146,0.029726052021829007,0.12229180759967243,0.2289773732494511,0.41008480176603274,0.3956173747446285
Class_3,147,0.17890307017279813,0.18341889474150572,0.08864443367914494,0.43254635497249777,0.5496057494731179
Class_3,148,0.11427718864675189,0.1402073787375913,0.04560404920679064,0.6016115184094897,0.5480308407524023
Class_3,149,0.224706088501735,0.1967625764419937,0.0639630490807585,0.37780668108432214,0.5189770002039968
Class_4,150,0.2719307840926154,0.78628683829817,0.8208896663462919,0.280132458815197,0.9242924172629116
Class_4,151,0.4197288013538173,0.42779540428272544,0.02501344683646778,0.09632709788732607,0.5707026369104825
Class_4,152,0.3901204678150917,0.12164578051461572,0.3770822495333117,0.019864600041496816,0.6778573164672345
Class_4,153,0.02193124071549668,8.658692009989588E-4,0.12668484843895733,0.17736782184440592,0.40204675638702847
Class_4,154,0.19298708695873623,0.7053916109077606,0.40261525931476494,0.40881840471675124,0.11378378244063092
Class_4,155,0.5075361647154761,0.26876146429546266,0.7113489667364283,0.8957811407501964,0.10774641716256728
Class_4,156,0.9185874613720721,0.23694744412140556,0.5481667847367616,0.7498795540968417,0.51311877481723
Class_4,157,0.8218984293203957,0.04434325854327448,0.9264674828581453,0.8010390706539285,0.21411981722647722
Class_4,158,0.17942009782803947,0.806366981600781,0.43228322819535814,0.20542107498727746,0.28761458647612037
Class_4,159,0.8695783427996269,0.9325494452333557,0.6804043009028168,0.37103371229789683,0.7195635193680475
Class_4,160,0.13317363230907586,0.04425660399793685,0.07202479300366393,0.5790039741895567,0.5830288605299194
Class_4,161,0.24461913144116576,0.0895287602347018,0.24058694690610227,0.4694133531217518,0.6997446076139247
Class_4,162,0.6545426403455753,0.976304227865095,0.39540523985438014,0.7002043117865865,0.22394879588100935
Class_4,163,0.27375858660957186,0.7277686660160672,0.15684825662266388,0.2276290451655888,0.5435323639009106
Class_4,164,0.6952112157017406,0.6719625421167651,0.45246445507424393,0.5064269289019266,0.7978818403047946
Class_4,165,0.4958038321520676,0.511027353518631,0.8850663477476741,0.9908958660509415,0.3024415795829931
Class_4,166,0.7379961844050947,0.43975564011387813,0.5157604829113448,0.8010689929772598,0.9662906998262162
Class_4,167,0.5452973093584658,0.6697578205571562,0.057392674406449906,0.8297341113897921,0.3159742170665435
Class_4,168,0.9049086028015608,0.8520932647938245,0.4312679467207997,0.12620089933718148,0.26428151048306514
Class_4,169,0.6966753366644257,0.22257056148046384,0.9292842859730954,0.8343054719516673,0.06600723727927804
Class_4,170,0.9974165559375435,0.5821412019793369,0.7465366404851359,0.1272673607548741,0.026160774329187397
Class_4,171,0.19406775348555572,0.29669239302908024,0.5687169099601829,0.7361856614121387,0.9404735430621141
Class_4,172,0.4884839448228757,0.7840955449435258,0.8445365954519444,0.3800276106438546,0.7965693577778962
Class_4,173,0.032524363009844626,0.08803587588034223,0.04345008435606945,0.9909338503168186,0.02834500440187948
Class_4,174,0.2861493032572048,0.2541474388809395,0.4795578208065049,0.5845275282177254,0.8800112861159727
Class_4,175,0.362729656853518,0.3302173426234052,0.4277706240654542,0.09486794233933848,0.20579284420861277
Class_4,176,0.3117561848554298,0.6586384433098412,0.3171336883362884,0.7614305326007379,0.0970808832337956
Class_4,177,0.9102494432724151,0.29559818997095977,0.37610948627454077,0.7814984127460032,0.04194432543305926
Class_4,178,0.5248321293259401,0.8226521287855612,0.7851304902203413,0.08225348946390443,0.48343510897731
Class_4,179,0.18223911100789625,0.8272422511850868,0.29828420519814847,0.6684008809861445,0.5895693428694333
Class_4,180,0.7515471856822936,0.1289467504087064,0.35043112642462215,0.9623109455976524,0.5455680394992384
Class_4,181,0.1826512631292273,0.8987789288054598,0.5864667466133853,0.6158322178243515,0.022137025987949643
Class_4,182,0.3832969848204514,0.004216075884869719,0.23820147259263114,0.29444271660483057,0.8118530945226795
Class_4,183,0.47775841270553443,0.8728559398432656,0.6695427571091427,0.3666575898125798,0.627926957603255
Class_4,184,0.8830067022512118,0.8658031265944669,0.24235527066824447,0.21948684384820305,0.15238372957718715
Class_4,185,0.806821423645943,0.3346041562398132,0.9541614642262815,0.20631768132111583,0.6213303771164616
Class_4,186,0.8241251288039709,0.6939408228269103,0.16093694497549682,0.6481892484407537,0.6292489932007823
Class_4,187,0.7806850504895376,0.9238882158858597,0.5169559399915533,0.2954189238885079,0.031331575976767057
Class_4,188,0.47397933235210965,0.08724070573194975,0.19376653930792076,0.1666647534274427,0.25053213867576196
Class_4,189,0.269786082325454,0.4917781256678163,0.06823928704204774,0.760485493517085,0.9807367507071851
Class_4,190,0.3803226444312001,0.5854995267937023,0.4174951062381228,0.7871178171701161,0.7851530820436483
Class_4,191,0.7714636087700293,0.6284668059454224,0.5586829831408757,0.495512155030037,0.5834636818234936
Class_4,192,0.016790981328058785,0.6150805104336196,0.9014960311988935,0.8263968036756418,0.9284466027379852
Class_4,193,0.736635038846152,0.8207241235413437,0.45740814122234663,0.23386365272979215,0.5206899500572052
Class_4,194,0.856966286343761,0.3674053566672373,0.7336792835554983,0.6018201023956165,0.34495870699037423
Class_4,195,0.6030409799706354,0.31898745746300405,0.3185483245547802,0.7430695176661659,0.8725769157417613
Class_4,196,0.6733394271068585,0.5778514703068727,0.9159019151399787,0.48692624562621134,0.03836413183650644
Class_4,197,0.15468743901938464,0.052539628592397136,0.6652716326807508,0.811076256764843,0.6964583554905278
Class_4,198,0.8703019968880414,0.6760902010688253,0.8823221943236044,0.5453414605426222,0.7697891000937783
Class_4,199,0.03626906754749648,0.404235854369162,0.3627099496252132,0.009082148345196606,0.07375733802733975
Class_4,200,0.061132250717766845,0.35326263575476113,0.04959715618104721,0.6004269512265187,0.8544240790914651
Class_4,201,0.48181543947013594,0.32535829692743956,0.6970850012454498,0.4013550096737516,0.2685360125148124
Class_4,202,0.2676621222986837,0.7881238260054769,0.9746663750760952,0.35899259159726826,0.17951396782196538
Class_4,203,0.9562556674114658,0.5709702475774018,0.016019209516606847,0.4352128366488419,0.3256925510639418
Class_4,204,0.26592236689270643,0.7232811830838995,0.16403904644770084,0.5119932123879952,0.10012573464808194
Class_4,205,0.7978672928310246,0.9043065473667002,0.4686783238541675,0.08404102675592029,0.9147123401167166
Class_4,206,0.007698875173174136,0.24191165945011273,0.5286697388602468,0.5222377046682181,0.45614862670527645
Class_4,207,0.6326090813459501,0.04609382934725981,0.5837375956923099,0.9728714850948448,0.7270059550227745
Class_4,208,0.3308499275989375,0.5010013926360309,0.7319607451050892,0.7828383695587857,0.11653779648846574
Class_4,209,0.305202079191945,0.22518772646434215,0.8735449974674065,0.12031844454810148,0.9457920210263557
Class_4,210,0.5228159029038698,0.1934672292513595,0.947079156114533,0.7101364897953433,0.5747512923231184
Class_4,211,0.03671707625539211,0.16761628517330995,0.6052520044980235,0.1538449196617515,0.6149062167138251
Class_4,212,0.7425066918935934,0.08087373364744765,0.6761630019813595,0.1065119470643322,0.40066029493800703
Class_4,213,0.12766817444531442,0.6922221573835466,0.3506940005384517,0.35933523515106547,0.47765655935234363
Class_4,214,0.9343113900013902,0.3313629105111857,0.5312793184114606,0.2927945759027296,0.08506667098749676
Class_4,215,0.6356465641421895,0.16592454818562397,0.9486570987649764,0.8133127672570455,0.5828475829467666
Class_4,216,0.11109686137011432,0.46249503720482965,0.11897442069523612,0.33354659172830103,0.6075974899279505
Class_4,217,0.37692813423651006,0.5166170298299387,0.3837165042340207,0.6100307985746705,0.6594296228306569
Class_4,218,0.745629534995256,0.6027206450311067,0.18133785170249428,0.4435033971076239,0.10954691611180378
Class_4,219,0.34494545378486796,0.36645245642070967,0.6185496590162816,0.9698694686563181,0.6440918492112153
Class_4,220,0.3248765289557831,0.3030443712101416,0.8417271802832557,0.9177980681577219,0.3807078339388784
Class_4,221,0.17085276157545737,0.8954347284628423,0.19061884598385836,0.8244040648158489,0.460828211432854
Class_4,222,0.8002500262412067,0.8351118143428027,0.48833196252572153,0.7357267087452649,0.5720141739452522
Class_4,223,0.741573484753095,0.9906601569254884,0.9941064475356379,0.48221213520107453,0.05450813831633594
Class_4,224,0.9483110729242161,0.46458132573207456,0.44988359921867693,0.17684239823829317,0.05065534215618883
Class_4,225,0.1607778343755638,0.9991744025075124,0.9743253887055129,0.7436198003052759,0.08135268448014721
Class_4,226,0.3581278617439069,0.5784939246193695,0.01195593294168773,0.20381792689376987,0.6261109404949847
Class_4,227,0.21338416982004427,0.3543035236419485,0.8404938458697008,0.5484424112634027,0.5706421518385079
Class_4,228,0.5288984169914049,0.3398068047277628,0.4669895126290753,0.11914652173942597,0.3272939806893066
Class_4,229,0.6527367167371874,0.561675773404045,0.49535636920200543,0.9952648046850591,0.259787933291181
Class_4,230,0.11822847131527447,0.13681843969424656,0.15457278106829764,0.7183289976044465,0.41381823347924207
Class_4,231,0.4530252281185805,0.5402949856538083,0.8438836699294578,0.5914701861551693,0.3380315145571643
Class_4,232,0.7793631655423303,0.9635187911861567,0.8394177929362253,0.2323299917705237,0.5975749555957832
Class_4,233,0.5923528912425076,0.34740072629034924,0.4010375334685927,0.4982298824256549,0.6345594694619822
Class_4,234,0.8945865736079024,0.8107032541294034,0.19228722498023276,0.18399764936220253,0.3517037972947663
Class_4,235,0.5918202673486345,0.5580268694149846,0.6088265174409792,0.5827955394930397,0.1799393411989484
Class_4,236,0.30993480318930333,0.5468788146221256,0.6239055259315448,0.5496868720902923,0.3381742568690971
Class_4,237,0.5238964662318923,0.4088425304685773,0.6996996583308466,0.43110749212514343,0.8338075440961911
Class_4,238,0.4394488982844774,0.8305699547847715,0.7042819503171855,0.5069771197331081,0.11619521689662571
Class_4,239,0.313139909374344,0.5918490421098461,0.026460448769756728,0.39698478919098945,0.7881236644160241
Class_4,240,0.6996810788885393,0.6077370802883094,0.9511772159402823,0.5162386663100554,0.4532960024133128
Class_4,241,0.1310791687849816,0.8407583686416704,0.003677951446470762,0.9506590677777613,0.15861355457890958
Class_4,242,0.5994450865398192,0.32390464699554367,0.8535721357784446,0.4975982564053748,0.37905646952181915
Class_4,243,0.484965438703444,0.18846261948591958,0.6730093550531441,0.3604452723090551,0.2049551875423148
Class_4,244,0.21637510851713215,0.31264780265571834,0.7114849037932781,0.660940468925736,0.056114502519195586
Class_4,245,0.12048266468864277,0.688116138466653,0.6815224939354588,0.30881982812446185,0.5636323118361469
Class_4,246,0.589362625382723,0.9308082482922683,0.7154981100708938,0.8759312392271406,0.13037815581061063
Class_4,247,0.2077939969434025,0.1363124392809567,0.4302518334070268,0.7606425094174858,0.030141604429360758
Class_4,248,0.42113286293494123,0.9948380178944471,0.7916859236477091,0.8482643448205697,0.3265760602944955
Class_4,249,0.018085012620087326,0.771091446371387,0.8576828765769794,0.009873425882899745,0.1364553004609047
Class_4,250,0.6729853706840947,0.35876083333869047,0.1246897546782989,0.32963996884911095,0.1187753728992691
Class_4,251,0.6867290386989275,0.34963023343022714,0.8331180359467275,0.7156930703693939,0.985511822433647
Class_4,252,0.22706563725294748,0.06727744200633057,0.10851760647570885,0.9302353233320788,0.5987892948046473
Class_4,253,0.9151710916182647,0.4531466986273651,0.27703143190597257,0.1738424884768569,0.4303492025529786
Class_4,254,0.9515875692330327,0.2505313168388249,0.3169003042468048,0.13709931001758513,0.5371195687134731
Class_4,255,0.005545455589066162,0.2856021309116862,0.7442987129724493,0.46930441902900877,0.8277586976770127
Class_4,256,0.7204491209467987,0.71112811557951,0.12901746662076752,0.9490969610211084,0.757990608779254
Class_4,257,0.3219823458581149,0.7971685708572376,0.4119409939368388,0.3278050536304947,0.8145848906411665
Class_4,258,0.2780582082621761,0.22842271850757245,0.9790214410278892,0.21347162825950705,0.5870134626166307
Class_4,259,0.7057141240146654,0.29520307295987847,0.8317268603640463,0.872323453802989,0.11173435893226602
Class_4,260,0.19841987723074828,0.7872366678209902,0.046576076212288764,0.6511351988189948,0.3600790087100586
Class_4,261,0.06578195529750597,0.12983652546431357,0.8312352077578451,0.43376150919230483,0.4723924861514692
Class_4,262,0.5382635848752882,0.8735500550645982,0.18875513761594287,0.5634158928708901,0.966351202959428
Class_4,263,0.05481554959149704,0.8365620345523582,0.9820190798921794,0.5396930451532552,0.9758374257637271
Class_4,264,0.4289662677435533,0.39196428810691875,0.28989993718423845,0.9637903499938285,0.6259727309784893
Class_4,265,0.6045819556103048,0.7658393341817454,0.7731800512212043,0.07984014847019505,0.7986480169600079
Class_4,266,0.6711381246500628,0.700606571912694,0.1248327785350285,0.03132859135062194,0.6416887012849759
Class_4,267,0.02646804828073379,0.6642918803535786,0.22144062605626813,0.9304062481715442,0.9462267009991607
Class_4,268,0.09699004085512675,0.35853223735265705,0.5821992533567216,0.26103924880416307,0.6085472898694244
Class_4,269,0.21859874693940717,0.5312526839580725,0.06878772845799741,0.41104360852983146,0.7277176442990839
Class_4,270,0.8351272513972731,0.8965811940370277,0.3593348117663012,0.928493239602555,0.49078152106679773
Class_4,271,0.30784089697012407,0.9490377894113886,0.9356842501344053,0.3880862097921457,0.7380411031150005
Class_4,272,0.7644717680779001,0.7911938150341437,0.3392059201252966,0.6961305412172577,0.3816734284697212
Class_4,273,0.288573995790112,0.7693357992817168,0.04705515681756478,0.5564031650250102,0.9564559633377142
Class_4,274,0.07098806156421078,0.706148260006767,0.00557958265653169,0.5862407275754182,0.5305311171967886
Class_4,275,0.1010184754929907,0.7785688482706696,0.18072961307410873,0.0011087785190648791,0.16950166925636834
Class_4,276,0.44328132651425,0.41192631602583374,0.7971651905647332,0.6161081034378457,0.05887974488200065
Class_4,277,0.2734183133719207,0.7122003015322871,0.820360727910533,0.021320729005683714,0.11817500649461488
Class_4,278,0.6595868908255585,0.8669581954501637,0.988212854501587,0.13520028384759508,0.4817125646369307
Class_4,279,0.09092646042863906,0.6450576533205994,0.6592768213340879,0.9937244298448428,0.5987153049456487
Class_4,280,0.05593276211898246,0.09796957352951141,0.8957340992843854,0.08915884308315536,0.8134242208532719
Class_4,281,0.0592051229729198,0.45825035033926287,0.39609502873487157,0.7570435564079555,0.7104707111944851
Class_4,282,0.1282153269330525,0.42481585589188575,0.22654469513630027,0.8429466900972498,0.36423974532388814
Class_4,283,0.7152265274777686,0.33276292285327136,0.5007240520677799,0.24342476331737994,0.7431969315751378
Class_4,284,0.6425901602282678,0.49341995345609224,0.6057582959739509,0.8736729531503321,0.842065462853895
Class_4,285,0.06736288139895696,0.3079876701883182,0.3897024937865916,0.3936303546759372,0.9831144248998172
Class_4,286,0.5200794908265859,0.5917408250093973,0.577843451636698,0.1558263288459557,0.6653573113719616
Class_4,287,0.7905314757267783,0.0861504359004821,0.32738572315410286,0.4348378187705161,0.34857079726376194
Class_4,288,0.16188923543131895,0.9892222576540868,0.08818867952417886,0.7370060222734033,0.3915828260074411
Class_4,289,0.8819834622870248,0.879720995147714,0.7246622984612865,0.42843102410467904,0.0517867813056333
Class_4,290,0.10899965940210066,0.04916178294505402,0.9742114541644232,0.18547099169235048,0.37803064290397204
Class_4,291,0.6244879056822504,0.060558252345212504,0.21562428913432308,0.3067260379924206,0.9356075899450199
Class_4,292,0.12864753208391977,0.6832840622318679,0.7979373741822047,0.8922839416118981,0.5501024044850521
Class_4,293,0.18448573931880408,0.25191454531883406,0.5965389877012128,0.99901749216576,0.21925206383492324
Class_4,294,0.2149905796448136,0.24400513049997818,0.3048306068009218,0.7564853323566272,0.8679387785092537
Class_4,295,0.9747187125829733,0.835831994586426,0.06779549120497663,0.4261989865167144,0.7736990010387697
Class_4,296,0.1332928498628806,0.1560704388204024,0.40526266807971967,0.4631937062847069,0.4945434807656397
Class_4,297,0.4684426785398108,0.3603553639227003,0.15108429047362504,0.2376658298586075,0.8576409494602145
Class_4,298,0.1562752773260171,0.7771956535789677,0.24478022409312328,0.28901967580101173,0.09485733910438277
Class_4,299,0.6033134422397027,0.20792659449567719,0.5993829980862047,0.9330430328250546,0.30406718777215425
Class_4,300,0.49584884375462945,0.02691908385848618,0.19731074185798225,0.30955364807842,0.2810079520663409
Class_4,301,0.3482015248409379,0.016014857730944798,0.7804733864421557,0.10390481859044653,0.23383068158743425
Class_4,302,0.6594183736509918,0.9420946447921575,0.4122937013118444,0.7284173183882721,0.18785195090171158
Class_4,303,0.7194991209661377,0.5642913470650518,0.6154255286638747,0.7371079165238513,0.4674510859922768
Class_4,304,0.9215730174170238,0.29244990701038864,0.4437314951517842,0.25055937953275764,0.06669312273702688
Class_4,305,0.2719962973978667,0.20342495077718292,0.6771105230329149,0.022310205179796316,0.34448088760958995
Class_4,306,0.24164735531484327,0.834659325608113,0.9482343723706677,0.45385128564125865,0.753584783953781
Class_4,307,0.3033204197747412,0.8959249467756111,0.5013155563217608,0.7229807086059458,0.7787078623990269
Class_4,308,0.045851404008599106,0.3908242617687778,0.06282490715831623,0.7079525306058381,0.8599159025755808
Class_4,309,0.10357242999539562,0.7695849995301208,0.30104041840761186,0.6146369816979917,0.16810469650191384
Class_4,310,0.17806326827917707,0.22761438281914503,0.8547353593559937,0.5988427637060489,0.5831702266460604
Class_4,311,0.15960247394751192,0.902307889528764,0.8852756599005858,0.6187153536845666,0.5347120912188444
Class_4,312,0.18271116215834415,0.7842435423450499,0.8084631295052749,0.05796112367537953,0.5090944938047153
Class_4,313,0.3459137082871603,0.21986032824064805,0.7148530306141765,0.3085474342657608,0.7386243074583497
Class_4,314,0.6713249844522889,0.5776851063690828,0.2043617125506194,0.4987790631637409,0.6153982975913624
Class_4,315,0.5641655561042563,0.7049899800846081,0.24329486811614343,0.3191759716957865,0.24213131013642275
Class_4,316,0.4243207277338733,0.6069583241984373,0.11307276941287026,0.528712177161833,0.6620411450831497
Class_4,317,0.7464817714646313,0.10002908666000354,0.31907178372807843,0.6296056820381886,0.09818103502057285
Class_4,318,0.75252426839703,0.11794871355104186,0.6368180191758505,0.04402671977044359,0.11277707850867114
Class_4,319,0.5332057246947057,0.40143060293430843,0.8120342692423813,0.6195907938271817,0.20810151827266388
Class_4,320,0.4781045212591568,0.5871928362132732,0.6682509528678514,0.30891837572876224,0.853677706398055
Class_4,321,0.6454489863814423,0.3625791567127331,0.38136577595659205,0.5388742361735428,0.4965395762277145
Class_4,322,0.2593512604189516,0.9766186494169158,0.39713771908116335,0.5619607603866843,0.01172854777139365
Class_4,323,0.07195135837762556,0.06276013019439242,0.5511870271848351,0.5112026981756665,0.24952159407364904
Class_4,324,0.2736072745717838,0.018772250961320958,0.802127627083825,0.6439925879173997,0.713293297205429
Class_4,325,0.7067258122489328,0.19055227679296294,0.8945288310636537,0.2653614256304705,0.17024734421501175
Class_4,326,0.9612832575246557,0.6590844748352632,0.5374554805777033,0.4772084808148893,0.31940467620508917
Class_4,327,0.24015003895614773,0.8074509378391251,0.05400550054885089,0.4184413180293661,0.6456311308256252
Class_4,328,0.4230008847220855,0.03187245311334752,0.7213756010446661,0.08734501107849602,0.5217211915120307
Class_4,329,0.6061536896735089,0.9836777713855579,0.72101967676526,0.7007334914178656,0.6567791505758424
Class_4,330,0.5314121011529452,0.031787496298101514,0.8038769723161385,0.40663237486922976,0.24697388530935493
Class_4,331,0.5096367055589367,0.26745684565023065,0.24318378196342072,0.015830977334793772,0.7837309925711766
Class_4,332,0.07713432820232813,0.7921959343734198,0.72580941984691,0.7474700882553214,0.9943203257498935
Class_4,333,0.8420554842609924,0.5992335826194163,0.6859587572002783,0.5731183757698074,0.8772186037318158
Class_4,334,0.6006585752866593,0.15452040467602746,0.1606256133931402,0.5340532979476662,0.4928602795415563
Class_4,335,0.6831778406384723,0.10420025255070209,0.4090112072315608,0.5528875187934259,0.4293518312158229
Class_4,336,0.5832851554988894,0.5440090194698027,0.5748021025996408,0.3255309728054475,0.2174035323173802
Class_4,337,0.08040508887246511,0.48401789285354924,0.26582916487341635,0.29749287177940575,0.1555972528905757
Class_4,338,0.5725048927662297,0.9219968007714732,0.8655587296705771,0.07944187148703896,0.7193013410789454
Class_4,339,0.593983237134976,0.2288561816525141,0.6476884115225209,0.9365463838053625,0.18987049239648324
Class_4,340,0.6212787343292814,0.6048594605147677,0.2872893661433118,0.9735017754032622,0.12376394038016048
Class_4,341,0.3501988754089709,0.03400925178017844,0.7867306290960575,0.6120585426201642,0.9338334440208841
Class_4,342,0.22500909308532013,0.49604433877981524,0.5043105493627182,0.42828227035982636,0.8017221102217806
Class_4,343,0.9117211522000186,0.03470330889820428,0.03992459777621704,0.17320293275268583,0.5345203256402585
Class_4,344,0.17139943501481159,0.5184254784250857,0.7909185006674073,0.5195286426694822,0.757207378005948
Class_4,345,0.9641810084733571,0.37473954941883814,0.5938866464341247,0.8531760683207497,0.188282636750157
Class_4,346,0.3817482449741534,0.9365332699340222,0.41473319312109125,0.019039358730686073,0.8728074428828841
Class_4,347,0.6435684293034517,0.25888185866023516,0.9734108787040252,0.15623595564701254,0.6839356699218261
Class_4,348,0.7505255336847185,0.5768306646158272,9.391761786425867E-4,0.4050228672604843,0.8465073309593902
Class_4,349,0.2558961829177112,0.768098071533473,0.48320738274247554,0.995841538069154,0.45723142183602616
Class_4,350,0.09446990720226844,0.2721593298957624,0.4889705197228652,0.40013677196360387,0.5317855048766635
Class_4,351,0.3377724855065847,0.05671884192261589,0.8574911993469534,0.19992301087353725,0.788817217342783
Class_4,352,0.842177538170324,0.8348919509995208,0.10572220678996436,0.7571002571274585,0.8859565766364356
Class_4,353,0.09611240146619016,0.020231600848823028,0.7960611311276058,0.3923526308794759,0.9482381414389265
Class_4,354,0.8476141261198513,0.49145874786414423,0.4274145701395834,0.9625797742401351,0.8443201781585055
Class_4,355,0.5723970333827507,0.493851355218211,0.10432892055159737,0.16694684415286698,0.07999954199298875
Class_4,356,0.34167766420836654,0.556149932626774,0.06333106877392869,0.3803332363055165,0.0026970299497727224
Class_4,357,0.6799778101829252,0.5903997960607459,0.9700102102503481,0.4787261270428136,0.4100425077226446
Class_4,358,0.2685012639996619,0.5799398631064063,0.1369575939093245,0.7303335966971203,0.9195409304603679
Class_4,359,0.04336940841042003,0.9396988195533785,0.6580938684635879,0.514229929063917,0.09114747051903738
Class_4,360,0.13937530755342276,0.7541649418079727,0.5723604586066862,0.09338266058604905,0.3802679823953832
Class_4,361,0.2608450222952148,0.5820908845387534,0.011117346799145333,0.58659282346329,0.3258379940722429
Class_4,362,0.7068635919957896,0.780974498591093,0.11536713318217395,0.2477944956417577,0.9181233278963076
Class_4,363,0.4536417055436368,0.780405892979455,0.5421708606652015,0.09062390289765687,0.6305037035824347
Class_4,364,0.6729022679103598,0.12244373139286846,0.07029509241976661,0.7589294002962328,0.9033198356049389
Class_4,365,0.3475174057655598,0.43539800234884407,0.3075313479642927,0.39770979530355577,0.5130199992291318
Class_4,366,0.8335313968439919,0.7160995982692319,0.3442757722308426,0.04216697965416927,0.31896488063727446
Class_4,367,0.4492242736665969,0.4601971030939598,0.8641177470029522,0.06001963523123521,0.9095548321353725
Class_4,368,0.39367804071628143,0.18249546464820854,0.6339308546202538,0.5594254981001355,0.9901988748728658
Class_4,369,0.37874153660233456,0.9336015451992815,0.4394113914469111,0.5088935758718794,0.3990941494357062
Class_4,370,0.1004673412911945,0.8646375767502494,0.4251907100979464,0.3582879537529322,0.15188431146793657
Class_4,371,0.04804451005476873,0.10715583127048467,0.46907693021249275,0.8947326064830174,0.12417867073423816
Class_4,372,0.6133945158024998,0.9218978916483985,0.008939673464800735,0.5565380812863164,0.28811621225458617
Class_4,373,0.042090797492645105,0.08709862470676744,0.15685172916962742,0.03709278099705959,0.08424824121667085
Class_4,374,0.5029752097984805,0.17305171690689025,0.43609332284796376,0.8644139529463722,0.6899051523468228
Class_4,375,0.36403004918323023,0.9027593406511706,0.9645717360529428,0.9865572196336829,0.8277810128224726
Class_4,376,0.12296618418258187,0.5428877845883481,0.37944853903282194,0.3387592514760429,0.019871646933416365
Class_4,377,0.21395508218823134,0.5642655615712571,0.4953194252391344,0.18748191361867028,0.798163065677179
Class_4,378,0.5897925577368139,0.24121054389865815,0.2606116094137291,0.8097156865724208,0.787067073215571
Class_4,379,0.941510043186058,0.9140727240517416,0.15309475556695162,0.05667343984059292,0.6361249172775808
Class_4,380,0.3094404789560118,0.19687211880180233,0.9035418992402532,0.6095077611317571,0.2916114535954417
Class_4,381,0.9631720614782882,0.6015352130842346,0.07721973026231332,0.2318725590031574,0.5119561360360703
Class_4,382,0.07790931634384612,0.6157432227901487,0.9474139574716575,0.6776990816977798,0.6463415435225278
Class_4,383,0.683973847978394,0.3233248713858927,0.003622363518657412,0.21062690771038872,0.16000147481098437
Class_4,384,0.23562054098410157,0.7413899106619428,0.4868861514360221,0.8971493625513915,0.5978565870229507
Class_4,385,0.18290571658260812,0.7439156662092603,0.008555372523600058,0.4004022221486373,0.27572398988984737
Class_4,386,0.7463368321914984,0.2099256133766344,0.9943854799147387,0.7244999632756297,0.3071109344323505
Class_4,387,0.18642197172045694,0.8616590276296858,0.1691658663608293,0.18089417089977544,0.5745859037957933
Class_4,388,0.29266004102728416,0.6234367184715527,0.7442136006126897,0.1787143375607776,0.0930455708024368
Class_4,389,0.1936981335165323,0.3423725601310419,0.4212470045592748,0.7763751434000922,0.3179680410131597
Class_4,390,0.5066854799321074,0.7650444150724763,0.32031290748000085,0.9169750465297923,0.5528031805795226
Class_4,391,0.2619889850814955,0.7821722566531963,0.7146966850644918,0.02708290379538525,0.9032683822007187
Class_4,392,0.5876483614597157,0.9666970962138149,0.6071926300613757,0.10069251233470455,0.9380944050416247
Class_4,393,0.09519096682282202,0.46594237964130736,0.634534233366449,0.40229316863180575,0.06526006976843213
Class_4,394,0.678290960018174,0.5699448169660196,0.08621814573020825,0.6927392303684362,0.25665682982710536
Class_4,395,0.591213740668774,0.8919270323477078,0.1582589489780103,0.3226058569080731,0.9189441328423148
Class_4,396,0.18621135795784383,0.8201130937017972,0.5772496002057217,0.6531372270244529,0.17598351174918359
Class_4,397,0.7348331356045166,0.7741395857022647,0.11297807220396916,0.4545294429663629,0.01882301365963368
Class_4,398,0.5317628975779767,0.3634748012639385,0.45914407018454695,0.6527750657824093,0.407224030736981
Class_4,399,0.7162773907199543,0.00343935747054136,0.14781016134678426,0.646707437054922,0.5471926583882729
Class_4,400,0.6944114225543622,0.31134945865346064,0.19319740805781438,0.6074116052503533,0.1421393946786237
Class_4,401,0.9089617156666308,0.9391656322399056,0.8839368479233651,0.524761017308204,0.8592736559494347
Class_4,402,0.10721144424659712,0.4587969558559247,0.873110849288598,0.7669676507797148,0.18510224698380262
Class_4,403,0.0527251472805621,0.6632180587664845,0.0973064385045379,0.02200934738822058,0.7934716555504193
Class_4,404,0.4347379421464381,0.14109905297140046,0.8860643174426972,0.7632620854566396,0.3733867998114956
Class_4,405,0.8149635195738537,0.4076229225826039,0.8439896379927962,0.758191057381275,0.24159375618171297
Class_4,406,0.16204129133612755,0.6490466465515605,0.3351248308369821,0.9238936312802614,0.4985175321182884
Class_4,407,0.19763296115978723,0.16824947752449426,0.8877759499552076,0.7902822008001782,0.5103957282963824
Class_4,408,0.6477373833947401,0.45280523642946435,0.02730606915113687,0.06750529620398227,0.34350475467894626
Class_4,409,0.8327945876842613,0.6478830005856951,0.43163269082841027,0.8417553628295826,0.4894666716332726
Class_4,410,0.8580842241989828,0.38057307072756863,0.8485359806044158,0.6884210551014751,0.3277659526328366
Class_4,411,0.5758755433962562,0.6908933350987296,0.3026005243391966,0.3029381861740902,0.771366205189113
Class_4,412,0.7338396905349627,0.6172600910446115,0.6416230892005017,0.9644664857099019,0.12392772915646633
Class_4,413,0.42995568487640035,0.541952323102925,0.472675731882514,0.609921503179253,0.801436569880796
Class_4,414,0.45897547983688625,0.013007508710222826,0.08170435012809751,0.9441516477469837,0.07715168062847721
Class_4,415,0.385097624386882,0.7984746327156851,0.21095174128201166,0.7177792459422736,0.22326282317462443
Class_4,416,0.539195812951934,0.8826706981241829,0.9518938009864241,0.9174088257808308,0.2448911333015349
Class_4,417,0.35609225572003966,0.24962530733033972,0.6151167996739003,0.3413535928905661,0.6409179728927339
Class_4,418,0.8760605867357649,0.7246612903266006,0.9968496135025373,0.6924654043933893,0.8879438018928403
Class_4,419,0.875185445189991,0.775927544254901,0.6393049315138994,0.13982429552990872,0.5536042263498604
Class_4,420,0.08484901586249138,0.158168300175191,0.651274225863167,0.9005447600489519,0.6153276743774253
Class_4,421,0.32170671801691963,0.6979092633670673,0.6618755604256642,0.656629294371935,0.6979035294574397
Class_4,422,0.374753193562954,0.76726287315486,0.2721220047260602,0.6559023528188352,0.5270059908395329
Class_4,423,0.22948112668065412,0.9381673695948888,0.7781804798797666,0.32157798912820446,0.1265286267804604
Class_4,424,0.9403199018962518,0.4223680203164708,0.5563027050576631,0.8028219491380298,0.3490798215812676
Class_4,425,0.04004279391588661,0.8301509184359035,0.28261712419394047,0.2953600673416483,0.182288151582512
Class_4,426,0.13314695116093522,0.3258026368723206,0.9993472476170161,0.4908441806181686,0.03313698997162651
Class_4,427,0.7026773496011807,0.553436613727007,0.6597386795861437,0.14689268007096223,0.9171421168775724
Class_4,428,0.6506936165959862,0.3784696192268061,0.08488827332411797,0.10752817510493884,0.7405003608046424
Class_4,429,0.8520201267456474,0.8869900063230021,0.03999936668205184,0.9504791424645883,0.23704803135065133
Class_4,430,0.6308168879960976,0.19726028953208996,0.3205617631554304,0.35293417481634903,0.7767913197058012
Class_4,431,0.2142758031768106,0.08969223094285916,0.7115811824830975,0.16261419515892783,0.10522679053294826
Class_4,432,0.2405552023004046,0.013522514190153934,0.8243495473947586,0.915860522737616,0.43427168200590494
Class_4,433,0.15116941583053145,0.2852102989106654,0.40102854178604774,0.7681267795621156,0.9440836073967013
Class_4,434,0.03812928377854319,0.8662487892332166,0.37836865208718184,0.278400796673986,0.9687339307262259
Class_4,435,0.2966872906351312,0.24317066961185074,0.6430879650864458,0.4934912727199753,0.07699670536135617
Class_4,436,0.8386265456030423,0.6618612197825581,0.3072107316937547,0.36795684883778046,0.04228176511080872
Class_4,437,0.4788373282619729,0.11075418002145154,0.4208096562398569,0.08347532080125653,0.7363551570918265
Class_4,438,0.8750111469530616,0.3261160722479828,0.19830922181681299,0.3454268679720143,0.9393139926918419
Class_4,439,0.15349770354936232,0.6115881790880904,0.1528461122986745,0.5783673334579031,0.12753437211959628
Class_4,440,0.8937168170782499,0.021350182259894823,0.9962499269557968,0.7814877058446924,0.07465303705483117
Class_4,441,0.4695016418903637,0.8486116170262232,0.08382968442244476,0.45600130102079217,0.027011018991850655
Class_4,442,0.2130137511834158,0.17080318105255954,0.8958584556571759,0.8619324644421479,0.70242686080031
Class_4,443,0.5961182999092148,0.9340037950560774,0.7592026152521788,0.2994624807923111,0.856736527167619
Class_4,444,0.2856056122641467,0.32595966975122637,0.3953342169734603,0.37575959926161184,0.0725275148929061
Class_4,445,0.7918565484754058,0.7349903334617239,0.8670128410252648,0.0921258677471094,0.5195278493431238
Class_4,446,0.6056369443297007,0.06576621219925283,0.9063172995154274,0.889616985415228,0.41686534779483153
Class_4,447,0.7959851347429326,0.5351932316773255,0.6507004834860456,0.2415926971825314,0.10804258358765828
Class_4,448,0.8737360177367756,0.5393271863578354,0.14886511061861574,0.2783814228938679,0.25697010339958415
Class_4,449,0.8533994954760942,0.03611890598177292,0.9491390982569345,0.2988084693288885,0.9724531541033633
Class_4,450,0.749264658850324,0.695526546512181,0.7727884908604309,0.2588314414528575,0.3626446890150936
Class_4,451,0.11466687994178415,0.9844513877644953,0.8291333260859485,0.014462278772698123,0.31191494418276844
Class_4,452,0.6721026961334187,0.0013418598076071486,0.9701966666300196,0.6218977843032595,0.8413593450907856
Class_4,453,0.31456991392678346,0.6332296381265847,0.6328187255894195,0.6985933085639556,0.15816043845715833
Class_4,454,0.6006936189651062,0.6809219288052358,0.3955867416037775,0.8548293052840004,0.9610181593956024
Class_4,455,0.7556860738418918,0.007062583240086129,0.9751811267969287,0.798704304767195,0.2649851939729818
Class_4,456,0.8904776899768063,0.43342211139511166,0.24817813011773326,0.9293939616920163,0.3938927119252713
Class_4,457,0.39306166012243626,0.5247141317939629,0.9680666947144282,0.5547718814831678,0.37709778187219123
Class_4,458,0.30712118724710624,0.7608885069850135,0.5458481719167941,0.36317050436920395,0.18428318228142382
Class_4,459,0.6195540941446112,0.37124674940345426,0.4050655736763865,0.5351335176353376,0.7009763508731338
Class_4,460,0.5401246119645391,0.5880391618111782,0.22101162748560454,0.660929777034229,0.2823416661885818
Class_4,461,0.5297505200757605,0.24413887723095395,0.27062316322306657,0.7047386673449392,0.16733061408535388
Class_4,462,0.8405903896382694,0.7416123068200567,0.8767679461967669,0.8505299349885215,0.4251108562547413
Class_4,463,0.5374654608533003,0.8142113704044939,0.20639014873452188,0.4667148160281448,0.490955383901847
Class_4,464,0.16640981668810695,0.11417270289917203,0.6779047863236594,0.7467600778890038,0.2849490260327404
Class_4,465,0.23474898106814268,0.7367541175846626,0.2135168728080017,0.28028189847287144,0.7837505006497424
Class_4,466,0.6712736069575276,0.3301459014825847,0.6278092045964472,0.5268880409009996,0.5250137469388296
Class_4,467,0.00929207654222386,0.0680079772122345,0.14230717922929925,0.06403926001719429,0.9481669067101249
Class_4,468,0.5412265437950922,0.40276676728756466,0.25153684687770017,0.1686519642827632,0.9093695859924448
Class_4,469,0.835420294810436,0.9373242856670223,0.43697068818950024,0.6054646202277327,0.6121409549887405
Class_4,470,0.16260813824918685,0.9900940223392551,0.7103901816080552,0.786057925062914,0.19770118185235475
Class_4,471,0.6779639511500595,0.6992135403701721,0.19537996304638094,0.7176391755229308,0.5066429858147705
Class_4,472,0.8249063457203002,0.27488783618112667,0.49814644678328923,0.16721003947797375,0.8258121548427916
Class_4,473,0.4077546087120577,0.14855382950723706,0.16959956204319682,0.4059156790562336,0.9303629390241441
Class_4,474,0.6261811481410566,0.3837297149183665,0.8879709300300596,0.15372994362472603,0.5254520532514315
Class_4,475,0.03501757262950633,0.7860264106746191,0.6859849920639542,0.9642627589422629,0.9929807320944474
Class_4,476,0.790299516542672,0.3801688464803902,0.12708764508838133,0.45097265209613724,0.09104955168942663
Class_4,477,0.3883300609055518,0.3320770920979308,0.18295299531856768,0.7377643600865721,0.3322415958662752
Class_4,478,0.13539299762430712,0.7979104460180841,0.3191245361026459,0.08569112508085874,0.5552701592338563
Class_4,479,0.27103899579022317,0.4221876303182115,0.7448259876827452,0.4292674031813406,0.817122750785522
Class_4,480,0.1909644359084368,0.0842564472881221,0.9379904979852389,0.8621435719749029,0.5167202471024313
Class_4,481,0.23615186173871439,0.5929271011435385,0.5118054538957347,0.8501162543538314,0.6893075680188763
Class_4,482,0.2643116619229561,0.19042131454375133,0.819092414454816,0.6536037345741134,0.2764678141205479
Class_4,483,0.7599236049635772,0.6592078898281171,0.5451074698567694,0.11358023958389785,0.6706731791907432
Class_4,484,0.25091298986120536,0.44136134939811966,0.2512009845235116,0.3141752354463241,0.6183540210362305
Class_4,485,0.04198318997982331,0.46359225912738244,0.7641999763947946,0.5318822399892826,0.7413650027934439
Class_4,486,0.8917630158906056,0.13888052279651886,0.8134867361697283,0.031702986411548006,0.42245795640631945
Class_4,487,0.3973198965140926,0.7767014016517263,0.10714309546121947,0.13121372918828111,0.7402251509012329
Class_4,488,0.5551177342084397,0.5716442655513547,0.8759646453648238,0.4580211454895968,0.07081091026038955
Class_4,489,0.167351338437136,0.07521629416162479,0.5181016190682926,0.36193631752679434,0.2789302618319498
Class_4,490,0.09058537570173941,0.0260996474118802,0.1072175794251754,0.3550018582084541,0.6069168688863527
Class_4,491,0.9013204502182206,0.7051981600193991,0.676649208983053,0.5121125280682942,0.018372181861704195
Class_4,492,0.3279938266440018,0.39305321602334664,0.9508567955976599,0.45672663566958815,0.4913312027227862
Class_4,493,0.8362337971934175,0.9411916678781027,0.2556190281201932,0.6809923558377089,0.4089042051182218
Class_4,494,0.908108875064644,0.25379950008135366,0.2723861520590213,0.958066051742233,0.2781125666018178
Class_4,495,0.22740759187633952,0.016625831273180514,0.6477022382295596,0.22514756019078985,0.026521125586646432
Class_4,496,0.20132650605790614,0.1933599810271709,0.3122518240327973,0.4521287357011965,0.6731516671717711
Class_4,497,0.09949813790953521,0.8723417559995784,0.5211037859630918,0.03425336020750602,0.5794121356392888
Class_4,498,0.5363031854411929,0.1408403401940932,0.6707997005448365,0.22314977278885217,0.8550770248394506
Class_4,499,0.4498574459799761,0.144723612628185,0.7523135858408699,0.14736202208233373,0.1513189012322531
Class_4,500,0.09362314560508012,0.9705275414376501,0.39916270577330437,0.7927875045941708,0.10065128220994357
Class_4,501,0.745491040599495,0.49308295233387334,0.5060392889307537,0.2958016942712437,0.8805658055844393
Class_4,502,0.9686703008793511,0.43263194093332824,0.8699274322584455,0.2674589628036923,0.19543290690287385
Class_4,503,0.8182510671839411,0.4009702324286567,0.7708033551192145,0.3081129001149079,0.8404516326378773
Class_4,504,0.7496261749599421,0.8181716642901246,0.08657122033855125,0.8588725074009405,0.6912472576461601
Class_4,505,0.5397409357604046,0.934402713926469,0.061481529730013085,0.6788620907211461,0.63497138804856
Class_4,506,0.7458412430416337,0.02514837655596802,0.4855315319958662,0.48153559150499403,0.23706854654440335
Class_4,507,0.21043643403455325,0.9111784954024709,0.3306301059000657,0.37054120375107813,0.10376912555825601
Class_4,508,0.821731691927092,0.8877638579102461,0.2544082325212199,0.3675802808030124,0.22977029974611818
Class_4,509,0.642560481841413,0.5421851031181858,0.21791688452562774,0.36048358156877325,0.4451288408581472
Class_4,510,0.8029690744396533,0.5899788930439841,0.2898705417639892,0.4942327336754673,0.25448728679934196
Class_4,511,0.8722309584326544,0.813729610822276,0.45606091762614387,0.9778424651732417,0.12213361351440366
Class_4,512,0.11431530947235014,0.6203551538318262,0.34563236841757305,0.37175935144958083,0.8878054153426603
Class_4,513,0.17540360459934123,0.8583605929057007,0.6527525504694388,0.504850713611639,0.6744370716078765
Class_4,514,0.7493927959476618,0.27610489853694853,0.761287109249983,0.48447725355992977,0.6755409020582663
Class_4,515,0.15934861919299703,0.9324901023022988,0.4070421966774297,0.2880988542719942,0.2790866483809432
Class_4,516,0.7574758985090623,0.007982774229753242,0.6443950262348735,0.7747715299304496,0.5534929702023058
Class_4,517,0.6851540497577603,0.707552351538044,0.18725744450723514,0.056348126683960165,0.8043409706892223
Class_4,518,0.13468005176169429,0.559600193942576,0.11915593639223732,0.8859928752380305,0.8153886192038498
Class_4,519,0.9784821907587505,0.665775350528106,0.0028583487714376465,0.7489726022588821,0.5993734199191797
Class_4,520,0.6284646061492632,0.6185553104808423,0.5140679484937309,0.07621985047206692,0.4365419942814187
Class_4,521,0.6900911313986783,0.9533362252484348,0.3176226252256651,0.7916670129609382,0.23222545190039645
Class_4,522,0.3850387912179202,0.6142102467247801,0.2875816884036294,0.4383835816746793,0.20190690201532946
Class_4,523,0.7621655386475608,0.01729293493392725,0.06464222764554528,0.9223502378264192,0.403559465243312
Class_4,524,0.29707496632846664,0.9978940970743942,0.37494920151398314,0.2360244383729938,0.5587156933866934
Class_4,525,0.582099645543211,0.3759274461153821,0.9889121711569772,0.7696556698206621,0.8529830008285819
Class_4,526,0.13022149666754623,0.28377316481955106,0.16190090875674923,0.22645337891905615,0.3904076607712489
Class_4,527,0.1059864078632522,0.5358207004812165,0.8305274381102568,0.9590653620652191,0.9694189908406202
Class_4,528,0.13552764584722732,0.8487415039201905,0.7727521989321174,0.9984297307967647,0.29180718723382004
Class_4,529,0.9067607977107474,0.1670518873282656,0.30602676414957153,0.4982807370588279,0.20175063276008443
Class_4,530,0.5834280447519256,0.8517037335146919,0.013956030984015433,0.8193653328800236,0.295405281867575
Class_4,531,0.646915973060778,0.42744326351521866,0.19820950072688692,0.145117600519867,0.12847082506297303
Class_4,532,0.0038907862735741983,0.07893008448188765,0.491521903265807,0.7528781977869357,0.06313091781840785
Class_4,533,0.4462816106524019,0.7379553928503715,0.6424036705907236,0.8499795497038,0.026133240284988868
Class_4,534,0.48534578291286035,0.32326899378188334,0.8652733389698555,0.8722190335422493,0.10330557209281299
Class_4,535,0.3679658764632018,0.2574922380316048,0.43190920590845583,0.7933438882813829,0.019982087856669106
Class_4,536,0.0988352774166279,0.4095386255984589,0.29841047195547676,0.025286100290343727,0.7128134196882594
Class_4,537,0.5897899352015916,0.8929497878070308,0.6550288036669034,0.9998483088685549,0.9033002795030074
Class_4,538,0.8783490019895459,0.863141928968417,0.18169121699628688,0.5848527108160014,0.7722733326386254
Class_4,539,0.2770795465317528,0.46890517631164796,0.5342080018312935,0.6382872146187788,0.6749555219522972
Class_4,540,0.13653179837037888,0.7387445762347395,0.5727847942398325,0.9911102764127508,0.7576742779849861
Class_4,541,0.1913436101848791,0.9335894047384333,0.04343781986817752,0.4355244766239522,0.920662675690074
Class_4,542,0.6380119721850367,0.36372802367387636,0.2986490272520904,0.22615212067880375,0.9741667195321848
Class_4,543,0.32710967438126604,0.4095383854618787,0.8279523606071533,0.8070476455662055,0.7090618406218017
Class_4,544,0.029754219925947845,0.8682148068465829,0.7684267481623958,0.9806946264531482,0.9932469224240009
Class_4,545,0.48807145347395053,0.927517979895839,0.5007346764582109,0.3932863523948935,0.498408169863499
Class_4,546,0.2564733021823218,0.8590162888391145,0.5732602770153874,0.5268754389558953,0.0883106081289523
Class_4,547,0.5189285113670346,0.6830396423412988,0.41939960493431416,0.38518897855919443,0.16617329221697208
Class_4,548,0.6147619625595367,0.5162595692658027,0.38512609635437156,0.8077377260031856,0.44849558610672136
Class_4,549,0.6791847878598732,0.2012196623986533,0.19625796225667025,0.9118065636406705,0.14799244100381714
