Cluster,ObjectID,Dimension_1,Dimension_2,Dimension_3,Dimension_4,Dimension_5,Dimension_6,Dimension_7,Dimension_8
Class_1,0,0.8759875145616911,0.8582942809311471,0.8904548557553608,0.800115911976972,0.6297325800412457,0.17276468250867266,0.018404635759620723,0.029083829804599
Class_1,1,0.8882317822338669,0.8524792731139296,0.8703069998654638,0.7711380713689642,0.6782942803531068,0.13263358232910574,0.10979641140794737,0.05437511883497376
Class_1,2,0.9814181101989892,0.8810590027328549,0.9574837443786579,0.898568548913954,0.6478813340979959,0.16882705364195236,0.11789978649211832,0.0976286387355083
Class_1,3,0.9789835568384397,0.929334234995278,0.9683950121826133,0.8531786948560782,0.5904119128033347,0.18735013361998787,0.10431431160685925,0.09517935419584031
Class_1,4,0.8663886134332417,0.9052030131875057,0.9943000669781896,0.7750204370265729,0.6142693539861733,0.18864986985785265,0.12157383166405035,0.06219849648314371
Class_1,5,0.9117338887572659,0.9143092230649131,0.8735498379261049,0.8814979276968367,0.7152707048808173,0.1971321817688278,0.1379831210338123,0.08347814633853615
Class_1,6,0.8987455954925176,0.8847650291805355,0.9428877060607888,0.7637831677673321,0.6992775815075086,0.18599996426491916,0.11732959243779618,0.027417265825749146
Class_1,7,0.9767314603780765,0.8794126993480448,0.9497736699426529,0.8135330994327946,0.5798928925575254,0.19570145778701792,0.020872325081813716,0.12086494976335391
Class_1,8,0.872016766406825,0.9288921868683806,0.9777581169095193,0.8635310649266165,0.6262093416247686,0.2498909909275454,0.012582331024132894,0.10078445225176258
Class_1,9,0.9979179408442321,0.9153968831539889,0.9093839103042697,0.7709253005910138,0.6116513894157171,0.14688257950551248,0.03032209032206015,0.06618227095692329
Class_1,10,0.9062601538653805,0.9212169100578163,0.8873315599806938,0.7587541029719199,0.6951215971360882,0.26161857216233525,0.11864474137945699,0.042576453892235445
Class_1,11,0.8538811440670808,0.995356055939919,0.9804522718115405,0.7531004956970342,0.6879265696262618,0.17293025430012823,0.061648791838109486,0.06194290195325337
Class_1,12,0.8771513907995723,0.8656874287658631,0.9682770401655552,0.8189029834597976,0.6939112379525965,0.22488220678568605,0.14768570721460514,0.044065389628955814
Class_1,13,0.8880021953370549,0.9711767047780044,0.9515972492453739,0.7998985569399067,0.6350668713208321,0.20326341320064295,0.03766274496299865,0.10127174720185073
Class_1,14,0.8604273116958899,0.9398028858978142,0.9551400443686819,0.7873197501674958,0.7189543222846734,0.15514288380019348,0.025710055215446684,0.010679793449772662
Class_1,15,0.961561102211689,0.9039302646041059,0.9949459603822847,0.7694407158196706,0.6426472099007376,0.252651915274592,0.037305786480455724,0.08290425106769131
Class_1,16,0.9886198207384082,0.8608817574497403,0.9683475830945675,0.8432500858462408,0.605154387571059,0.1557226858925457,0.04816978721019315,0.09100070910572136
Class_1,17,0.8828351364886664,0.9325638234396849,0.9725670163611797,0.7521126250463421,0.658777119542422,0.15389659796230853,0.07083505829393776,0.004645856431383976
Class_1,18,0.8510599861822125,0.9789437567352144,0.9788155232640127,0.8681241378237181,0.6209866649823981,0.24888150812127446,0.019856545754690324,0.07386194727741281
Class_1,19,0.9063005110624883,0.9261264829319908,0.966343557634848,0.8414603988389325,0.6077876197050435,0.17700953600692396,0.01203980660429574,0.14839760917510414
Class_1,20,0.8668508651120314,0.9944196753848352,0.9201117397349746,0.8984954712694869,0.7046084012533067,0.27222842453429896,0.030375248381577732,0.14556870533415586
Class_1,21,0.8543223904266082,0.9240422990818956,0.8534332472439139,0.896686108358981,0.6918915027165925,0.27713327092524975,0.14234954747529147,0.023388031604888868
Class_1,22,0.8816204183200826,0.954620451423118,0.8963157997609518,0.7992350073087913,0.6747102858900841,0.13515879210263554,0.050357152429036364,0.059628700816575106
Class_1,23,0.8780841786688398,0.9397795653210016,0.9348821803322328,0.8129861575766708,0.5889485804947353,0.2584274981597,0.05833331527743777,0.03433330543438317
Class_1,24,0.9969221105418951,0.900731642741654,0.9980353141126425,0.8184777138044811,0.5916958024793377,0.162124270390468,0.10053468626034497,0.14643472813096617
Class_1,25,0.9900391459976907,0.8656382703566812,0.9908588378400028,0.8657089046772158,0.6016770702650527,0.27420000619917817,0.1483659390054078,0.101923107769976
Class_1,26,0.9592690040972879,0.9028068324602,0.9495644261227114,0.8340363759532919,0.6471740647564621,0.1407079135168824,0.0955676926477236,0.01835199147386396
Class_1,27,0.9259977725014401,0.8542890460032281,0.8812688591731352,0.8060508358875962,0.6422386329208846,0.1531219536559379,0.022782326059276437,0.04500646013575534
Class_1,28,0.9810203366372098,0.8855411352543745,0.9224103004335901,0.7875727457700771,0.6684070699504537,0.18979048813414406,0.05012104386657993,0.12525567539962845
Class_1,29,0.8755363173513044,0.9146480025382092,0.9831477577096438,0.8289778271091817,0.5896448186527361,0.26474918855843166,0.08311597289464866,0.07213084598987303
Class_1,30,0.8878753527445519,0.9192396049949729,0.9719571813553292,0.8336339093807267,0.6213463529182431,0.22039749217866705,0.005038286524292399,0.11822263424143173
Class_1,31,0.9069546922338758,0.8511625968656936,0.8516170895274714,0.7707904059727437,0.6214262568275046,0.25336264166056205,0.1286741342612498,0.06584311266797388
Class_1,32,0.8757660427825413,0.8864200067951072,0.8544834769294,0.8623321465695484,0.5963120429360237,0.15554287834593866,0.08267183597303394,0.14293915072008523
Class_1,33,0.9722425112119335,0.8659109963754038,0.9983697815864384,0.8440514824022909,0.5992940689797666,0.204989421217251,0.03346124921431024,0.014158053647267306
Class_1,34,0.9963095594209005,0.994657724894917,0.9827738535990584,0.8889098238431469,0.6281515439273883,0.18696683786336774,0.1191393803901136,0.1313291970611303
Class_1,35,0.9039312184505154,0.977542613343138,0.984860493169053,0.8046950298366391,0.717668479796788,0.2361226681639162,0.06611656587319524,0.1484841411644596
Class_1,36,0.9258385555358082,0.9765974477493738,0.9924347041505792,0.7557264836308346,0.7222668730354498,0.16444726588342468,0.030265914314908434,0.10466654079292831
Class_1,37,0.8706156598557846,0.953623385623715,0.9835798435329417,0.8118536337893999,0.6459053528876765,0.16092962919291115,0.12721073328359986,0.09802558730394068
Class_1,38,0.9663567937686623,0.9478867257980816,0.859768126966693,0.7571954058756382,0.6945330688809318,0.2683217725331838,0.017169268591369656,0.07789312247813353
Class_1,39,0.952217156760025,0.9494452723330614,0.9789417905929947,0.7552696694914705,0.6503651911224305,0.2226975233274063,0.13351764489587273,0.12232403808616711
Class_1,40,0.915026711612385,0.8535214340466368,0.9146489713378754,0.785934157795812,0.6774968477164903,0.1706170296185457,0.07385305755954247,0.059791358881533745
Class_1,41,0.9928376843939621,0.9244309945792553,0.9275023617140797,0.7543640892369755,0.6843267755369352,0.18990638762274378,0.1097447928630501,0.07074810707359372
Class_1,42,0.9296853330091728,0.9115355111020933,0.959324047939325,0.8085094200708982,0.6128107348456254,0.22735202961712547,0.047307614523399766,0.06439594518357027
Class_1,43,0.9741958643228892,0.9285318219174651,0.8568621807640932,0.8924777304348691,0.5918384949004556,0.15590185658974273,0.07173722206289354,0.029577303162131145
Class_1,44,0.8926569856511002,0.9058349346298308,0.8768517925076669,0.8142771593685638,0.6901386986469435,0.19201122450459276,0.0859830898962855,0.1051472473741159
Class_1,45,0.8924474807329883,0.8750408422826268,0.9740186213034542,0.8378686648373604,0.6546637874715231,0.13405590913281168,0.14503756168428417,0.049747539384431855
Class_1,46,0.86193468358754,0.9284016193110497,0.9664698282771454,0.7509207758555635,0.6727768053408896,0.2394303902845884,0.1254268685441231,0.042492376622830834
Class_1,47,0.9120687055395567,0.9327605161701188,0.9679189398975406,0.8672158013613,0.6756960900363563,0.1446601399366908,0.038740112677887316,0.10966277062331939
Class_1,48,0.9864453154792432,0.941591667160804,0.868283268842877,0.8428022910774047,0.5793904545974796,0.2780732070249222,0.1417154810259306,0.07444355528411774
Class_1,49,0.9881996442486725,0.9971128911031892,0.9798910827296327,0.8948858819508707,0.6775651250300142,0.2668834075679533,0.08944163184895997,0.12816300519378704
Class_2,50,0.7185849220350986,0.609536146611091,0.604630020471658,0.8911150279651997,0.8749147110702229,0.9835681367471839,0.8536273172230353,0.9834792084354637
Class_2,51,0.6335101251242158,0.611027105462243,0.5841402400409016,0.9764320338033405,0.9674335514025486,0.9641794593947692,0.8513843395579869,0.8769974591978646
Class_2,52,0.7139982351241463,0.6136316148961085,0.6052686712146059,0.9003034544243594,0.8714774322605657,0.8518174777959527,0.8594882292745398,0.9479306638495727
Class_2,53,0.7141133310887179,0.7133890536221069,0.6668727900657174,0.919946668008835,0.8772914800568689,0.9595421356795256,0.8783686165951339,0.8650565539775272
Class_2,54,0.5864189057898295,0.5931845988830284,0.587220547551066,0.9429077294685311,0.8904795657214654,0.9855161457333096,0.9164765208995406,0.90871750795836
Class_2,55,0.6115655291063775,0.6949543171097474,0.6104843383305236,0.8835992020513274,0.9759023307655614,0.9454473647209362,0.9687764583087792,0.9292425004860261
Class_2,56,0.6732326695341663,0.6490263935748758,0.6289055158880859,0.9611745929824327,0.8853520215483462,0.87693924089911,0.8612759375064757,0.8515396783115199
Class_2,57,0.6357594692377099,0.6428226487228603,0.7181506269040838,0.869387295651373,0.8491947542825022,0.9057354314176767,0.943604398852298,0.8970739700940333
Class_2,58,0.6717393580469824,0.6219380540610888,0.6290977826764972,0.8703914573207812,0.8608420420732763,0.8650209413884784,0.9040510609856964,0.9937462923959445
Class_2,59,0.5722553024349557,0.68070275713685,0.6553529113128532,0.9421880469346927,0.8570376304316603,0.8515002025746714,0.8553012177818049,0.9252705778731831
Class_2,60,0.6289163523933797,0.6740889889246269,0.691183414554424,0.9434969460151874,0.8622933356113782,0.9366657456522605,0.9206620541386247,0.9347770941976852
Class_2,61,0.6510095212292835,0.6355165596740018,0.6168296645218172,0.863072687861895,0.9866797280293143,0.854697073552172,0.9032514151201773,0.9370635222569368
Class_2,62,0.6017381768612525,0.617523613943699,0.6781463356565792,0.8935370332813982,0.9929469511941393,0.9549369594839832,0.9517414376473587,0.9467339012083757
Class_2,63,0.6417748048715313,0.7112356094431869,0.6247351121206776,0.8577612365133457,0.9985945208778993,0.8859561749286997,0.9365359568644235,0.9400824028842014
Class_2,64,0.6449236005675385,0.661351354091531,0.6084842069786475,0.9199060923528474,0.9806826385139099,0.9571421336222956,0.8902832368532397,0.9016086564665596
Class_2,65,0.603449720369863,0.5737248960841116,0.6754187515787566,0.9978032264359274,0.991876628603019,0.9194929869806775,0.983853356886726,0.8935117666804823
Class_2,66,0.5790090370743811,0.6874042240184677,0.5890738487076866,0.9173804752722517,0.9233869144201607,0.9072221273743497,0.9038134445403109,0.8686067868987274
Class_2,67,0.7121923898268707,0.5774644396988698,0.7108198481462038,0.9712948651770718,0.9720410675292406,0.9371105959350366,0.9586404829556205,0.8970544124864946
Class_2,68,0.5916908799717505,0.5801988970452071,0.61227498900397,0.9012310156095558,0.9295690516267786,0.888482735902959,0.8653401556416849,0.8617724417536091
Class_2,69,0.6087901896436427,0.5799415782647918,0.6878574235208337,0.8542103796983723,0.8576157290859552,0.9664144703395143,0.8844784050317501,0.8982371357453721
Class_2,70,0.6184829342177989,0.6003134398600343,0.6298628821682369,0.9476144557540609,0.9377721699925765,0.8651029177911674,0.9715763107668015,0.9375373311611579
Class_2,71,0.6386371663082396,0.6569421104503139,0.6829559876916687,0.9471624995808943,0.8473257597288119,0.8481677900726654,0.9341488226792323,0.9309254806672098
Class_2,72,0.5932363419241667,0.6729184909124263,0.5673192691158344,0.962992827114037,0.8866840826287145,0.9956010606478292,0.9459299493241142,0.9107365701729789
Class_2,73,0.6345828631514965,0.6334583156810257,0.6651799277039049,0.895467646584062,0.8798221616233173,0.991380234949778,0.9720171503184765,0.8945645761123175
Class_2,74,0.6080360922146398,0.7120389078144026,0.6056879710195676,0.8721510629798227,0.9201642427555625,0.920259977941241,0.9105993654710646,0.8952130601103359
Class_2,75,0.582518185959811,0.6712069604188255,0.6048381418136295,0.8582647607666138,0.9048718760550548,0.9014004631892264,0.9409647351515881,0.8849879034183346
Class_2,76,0.6270508866587275,0.5756895263150761,0.5966563069039561,0.8726410407838211,0.9459682218482827,0.8789745192688813,0.8711030592987651,0.9877556195680735
Class_2,77,0.587071618653397,0.580341889371899,0.6432773478744954,0.9971194257993438,0.8669277046568106,0.9396472542580988,0.8971205449414152,0.8707339631171523
Class_2,78,0.6012059807485741,0.5662165489527,0.7026238378499357,0.8600692214706974,0.9415366943193256,0.8766101028328289,0.8550481512652064,0.9347854511655812
Class_2,79,0.7033875662771378,0.6742954834844385,0.6696623451108353,0.8975017799435155,0.9365874107001322,0.8590061350589014,0.8937369710650843,0.9568346439085421
Class_2,80,0.6502559557106079,0.6709130811472618,0.573817872189844,0.8858275211605828,0.9788871816467258,0.9432870519740897,0.860198636560369,0.9534349514371465
Class_2,81,0.5713854741742188,0.6803952157456952,0.6609359332542346,0.8873327233096753,0.9736268139117588,0.9284269273041154,0.8480795489290905,0.8972689933698414
Class_2,82,0.6859232701045055,0.6265913062629616,0.6331500374314977,0.9956902454054091,0.9417808798005487,0.8925517143431029,0.8520861342561248,0.9379438473666579
Class_2,83,0.675402197173782,0.584208541509305,0.5771797922002276,0.9634462058072623,0.9314874340685599,0.903525531773789,0.9518004884454322,0.9228330983843701
Class_2,84,0.5702594407921492,0.6894470864106065,0.6547915801911999,0.8898586455329903,0.9269224338939615,0.9861474135440611,0.993133873944429,0.9595139646173881
Class_2,85,0.6764310965887038,0.6100232877555145,0.5823723528628805,0.8763295483841662,0.8684662051764501,0.8684657985279722,0.8937652090637859,0.9590101038454067
Class_2,86,0.6716186054367186,0.6193990961833822,0.6028893322892419,0.8892590513467195,0.8585524907532727,0.921305993656714,0.8573168978031183,0.8818042748067045
Class_2,87,0.7058168943607612,0.7118507760212809,0.6936906622818672,0.9106891991671588,0.9124943202851985,0.92487717987328,0.8996224800360947,0.8914079612794416
Class_2,88,0.6622628442624867,0.6346553922396495,0.5787921307166507,0.9355296964807749,0.9203095961527055,0.9510186415359768,0.8942900556541599,0.9590445772436078
Class_2,89,0.7055680424315068,0.6496892577019981,0.7022469375181398,0.9520782513733083,0.994776285319232,0.9487332474527362,0.8544847365989542,0.8535335012467686
Class_2,90,0.6253226146640615,0.6169501360515245,0.5706928383170503,0.9077530713005078,0.8640044461588047,0.9863503873071995,0.8527615824178809,0.9383798943697854
Class_2,91,0.5768414968109556,0.6786870726057634,0.6258692854769445,0.9212046165319905,0.9872981725801655,0.9522029918663745,0.9129321944798955,0.8491177101580997
Class_2,92,0.6071157062251504,0.626950760703583,0.5717988966717114,0.9514174575301354,0.9404386427842577,0.9638288957413013,0.8631634916369366,0.9906244302026095
Class_2,93,0.5821178407883689,0.7054730387280902,0.6637290204628984,0.8900292444097515,0.9866494136742304,0.9229746736288863,0.9718580679231744,0.9242894365241475
Class_2,94,0.5926230167293207,0.5967031058267336,0.6846135772109939,0.9838414619553262,0.986128530818218,0.9580651400113815,0.8771737045689008,0.9579402411297808
Class_2,95,0.5756586384626399,0.6882792489862365,0.6381333162359708,0.9286182658424416,0.8797067829493227,0.9038149307175521,0.9688111968321084,0.9881253625330992
Class_2,96,0.6794346513737219,0.6962874211013521,0.6431961959299953,0.8543904973114077,0.9903221264032471,0.9870060750918254,0.9922026880329959,0.8539976586634073
Class_2,97,0.6317954553327886,0.588294720149437,0.706074335304971,0.8963460004188244,0.9640585428986425,0.8758778003640948,0.9109465934863111,0.9696232748855516
Class_2,98,0.7068705934202342,0.624740255008054,0.654943950774418,0.9249084168428914,0.9282720321197303,0.9765762466913169,0.9682469051477647,0.909956986374751
Class_2,99,0.5779188147331412,0.6520223973425479,0.6033277038568075,0.9187516196691021,0.9772279068592491,0.931415577594997,0.9347381800790954,0.9285416915097968
Class_3,100,0.3857983539846647,0.086958734732487,0.6695324751848302,0.042189546909955154,0.21030530939545414,0.08720069368779937,0.867817594199344,0.8152335744907716
Class_3,101,0.4608220304909515,0.08845530407853663,0.6220962854549956,0.09811321121280464,0.1703735795487401,0.12702551695011557,0.9804676025860519,0.8402735196913051
Class_3,102,0.4225944556245741,0.011618756316167423,0.6260760105695855,0.019160371266159392,0.15130106887654104,0.10344243813658821,0.8645601719479628,0.8129807803974494
Class_3,103,0.38943484290349045,0.03140567762164417,0.6267529949431837,0.09504854043457996,0.16593588914578183,0.09728802856081069,0.8990045042254204,0.9170525200207641
Class_3,104,0.35633059873718836,0.05447419558895893,0.6943712823657453,0.023010177506653934,0.2160818543114747,0.11351645494779124,0.9980392840966064,0.8456082255647559
Class_3,105,0.42158053447533006,0.11923000214799612,0.6842065578457172,0.06237947265570753,0.19958199850208813,0.05357945174806033,0.996532522670017,0.8876172410600283
Class_3,106,0.36504223382291134,0.07910753839371137,0.622106494933156,0.126851072141986,0.13110983047751912,0.03560737691789792,0.8727109291512556,0.9256949721630466
Class_3,107,0.48048679016457635,0.1079568022172344,0.669384943468897,0.11637847200885565,0.17537957026059128,0.10136812988457711,0.9589392406894484,0.9063246767688881
Class_3,108,0.4872118193776259,0.12709376002199574,0.5856469165915166,0.08036953036608675,0.22313480404638006,0.06586166112382572,0.9352557524064884,0.815757841732386
Class_3,109,0.4292932267739971,0.07321724502785991,0.611989964131564,0.09080041897151775,0.20004453677762213,0.0536427877465804,0.9392676175234059,0.9280708593855316
Class_3,110,0.3709119957357441,0.07400043688317189,0.6607542444992077,0.12872371981990308,0.22614778194642146,0.0781525173415025,0.9841034795461738,0.8446218205044979
Class_3,111,0.35211113886934325,0.01646839704127111,0.62294716083521,0.12966564977220996,0.21750343666392527,0.14179993393469348,0.9907207296318736,0.833246876763547
Class_3,112,0.4059540201432309,0.00487665043986136,0.6984269748037427,0.005471839477830214,0.12217955516402473,0.050354884739348696,0.8946964480151581,0.8436397659215062
Class_3,113,0.38100099005024185,0.10555438940060315,0.5734573156836926,0.11696109345257892,0.15301868552083334,0.01757223433269843,0.909294659252931,0.91598804260994
Class_3,114,0.4783453309529428,0.06513377393978238,0.6600111646684839,0.05148197517837259,0.21885721078162879,0.03699001195440617,0.8711488259942114,0.8704834213276926
Class_3,115,0.37462043314531135,0.006833583879783999,0.6397585236989166,0.11067767277189582,0.15890095166923213,0.13031898531350292,0.9712595780036095,0.8003163178899643
Class_3,116,0.37342310761546627,0.1291341076585914,0.7005271496986001,0.06838386566721821,0.1593337683279631,0.038312684553760114,0.8966753637627084,0.8309178640644261
Class_3,117,0.47242030566970517,0.1419550210440008,0.6071090376833307,0.13151246098943967,0.14229041988492414,0.009559326251410169,0.9539405887906584,0.8372320235110926
Class_3,118,0.3877324181046464,0.06300053877758306,0.6439251487505644,0.09293839024187824,0.1412250086657036,0.06838533162691238,0.9965152486229494,0.9051383606052643
Class_3,119,0.4972850134369089,0.10624197082851941,0.5987057623518969,0.02180276675418445,0.1461298938621051,0.05032698085314386,0.9208482852588367,0.8451361392172566
Class_3,120,0.4309399100697338,0.07435503152655366,0.6634146236140318,0.10313026547468168,0.0945908485596449,0.11605691512069934,0.8967575700481473,0.9028708279139521
Class_3,121,0.4569407411270756,0.14404959007492335,0.6508296724193211,0.07413530618745355,0.14029390900513686,0.14130622314836777,0.8666340039675796,0.8238781310738715
Class_3,122,0.3637911309888651,0.13126307952240124,0.6885274711318261,0.11126241761793719,0.12833657643524435,0.08892267955406939,0.9346371955213718,0.8929744535964697
Class_3,123,0.475089581808014,0.10845259410147251,0.5779463297366603,0.13664646979360232,0.09825515240356368,0.09089529601099708,0.9712701009382754,0.9136221778397038
Class_3,124,0.38032310595279617,0.06122139661134273,0.5867085241886965,0.10968225065759359,0.18515227304576828,0.009818225714585014,0.9330496712749519,0.8610449935888713
Class_3,125,0.45086395327512574,0.03025124398060946,0.6435139172021506,0.0022296405808352802,0.11617935004404341,0.1380380856840381,0.9872165593621763,0.867362823208564
Class_3,126,0.4322929174482313,0.03379547479784831,0.6485065622486512,0.05119766547963368,0.1173313871151499,0.09182416514879617,0.9851513510697255,0.8783138020016427
Class_3,127,0.40237746273992236,0.091105209341636,0.6265591985019487,0.04620375656474838,0.17033022932139513,0.11605171520247459,0.9564761388038044,0.8719511364491741
Class_3,128,0.4489114197578276,0.13085227714110692,0.6920466984001618,0.03500698764012667,0.20809180963578205,0.0671605323747949,0.9179051082474067,0.8818998856266297
Class_3,129,0.4279253306630297,0.03912963846275373,0.5977291876575687,0.11497720571362738,0.2316906276342582,0.1426418559858092,0.8801626241798458,0.9069510505402447
Class_3,130,0.41742771527304096,0.11676462779552155,0.6962578552246914,0.1102075415115843,0.14489079756849763,0.07007860503262836,0.9971620474937941,0.8959531142964696
Class_3,131,0.476316021521812,0.06729347031374056,0.6890268891318421,0.13521509165887063,0.159066842879305,0.11096231178030226,0.8634519196822578,0.848294172244637
Class_3,132,0.40352130735390934,0.07810392281710271,0.573183782005439,0.00886456762978173,0.14607584333527848,0.054276151024677005,0.980822857310574,0.849562977102211
Class_3,133,0.419567334634645,0.0747051043288726,0.6750562538769662,0.09437992503894983,0.10598697173635452,0.08339916003892006,0.8943677819466073,0.9169544090436329
Class_3,134,0.4659811266774623,0.13035626867069508,0.6564921984960538,0.10904623909333835,0.16097533804048048,0.06424241053564128,0.9159877895974685,0.8983855060682031
Class_3,135,0.358953131680808,0.10794923637288296,0.69339661972001,0.12023974154432773,0.15230606347198064,0.09870700192416451,0.9635069748630413,0.8430073962039871
Class_3,136,0.42183710030093213,0.09669805915372871,0.6485128111100995,0.056180858539613944,0.0919810641699134,0.012218878818983899,0.9680127293699801,0.8580569278579013
Class_3,137,0.46787377452960294,0.07398056398315124,0.6836591322828163,0.0575278358166695,0.19794942901792606,0.0625931703615884,0.9711146275777304,0.857510177075541
Class_3,138,0.36412935550776393,0.07027612793031074,0.7037603919737334,0.008338383163022704,0.15910289577583753,0.05890112994730412,0.8930707251530675,0.877661366179712
Class_3,139,0.3777760948023625,0.1406328216001191,0.6157500965731365,0.04238031896012118,0.22347567749654684,0.05483620368345397,0.8948213032185528,0.8566883364254785
Class_3,140,0.4507958015127136,0.11920021224102492,0.622444715136742,0.13780728823134272,0.21250180126245022,0.029042859864040264,0.8951732557113757,0.8018894441757874
Class_3,141,0.4191851538008618,0.10104355581321296,0.7186548441403339,0.07474437305320654,0.15210249695478542,0.1218497282345861,0.8855646870708009,0.8191943728551253
Class_3,142,0.41564326206082797,0.08461952891654992,0.6460725975258338,0.049288518803195576,0.14597268247268214,0.1441869238574446,0.9138220458442853,0.8232203336479168
Class_3,143,0.4669842220506205,0.12589352880767996,0.6338686950866921,0.10259052179005249,0.1775823725834451,0.09837276887333647,0.9710364055412548,0.8569155071781962
Class_3,144,0.37180112504220625,0.01603416925071868,0.6281146653506492,0.11457131847634605,0.19844424571394892,0.05572781672609934,0.9798204869290459,0.8863865691083597
Class_3,145,0.4542944404360062,0.11382940148569164,0.6604707274442685,0.13541962453605286,0.09180995052556626,0.0639582607612385,0.9670244250180826,0.9178757448044135
Class_3,146,0.38004715052688454,0.07149495334977143,0.6720882931944394,0.12921588963263164,0.15764331649131966,0.0252391709383743,0.9924502573090797,0.925462113729282
Class_3,147,0.4490472422427527,0.1417761458660161,0.6719575430297388,0.1356059767806332,0.14449281128897154,0.024461166334473358,0.8894496070726466,0.907298822924467
Class_3,148,0.4179349189429445,0.12540719012293502,0.7127847449852251,0.007674873051501535,0.1545094503174727,0.13876928472952055,0.8846031787225558,0.7940185318979541
Class_3,149,0.45991637045391354,0.04718804307727588,0.7150792294636223,0.07629764090993245,0.19892008695998514,0.1259618982774924,0.9759980134114793,0.8244855165769462
Class_4,150,0.13581005667835339,0.42246021550669904,0.12255321839056395,0.41422902642810533,0.14638679923240827,0.9967753595267064,0.1436581763814103,0.820254593716688
Class_4,151,0.02847608179269641,0.3515950554711617,0.07577366184718122,0.41857330889482125,0.08002037469128714,0.8704510480225449,0.02075024416555791,0.9187417656967647
Class_4,152,0.023109538421645773,0.40035414024863186,0.07910243813703609,0.4275184711533368,0.05105668426820952,0.8540359832691956,0.13434875664788845,0.8919829442169138
Class_4,153,0.12560118932937273,0.42776973276075303,0.04243179298403897,0.4923087634766282,0.0977000465400501,0.9021738531657979,0.08816286258910459,0.8563534229739462
Class_4,154,0.13696067220676783,0.47490124066830874,0.13671049579269814,0.4611992734187277,0.12777270555242817,0.9887671564576369,0.09206609243976233,0.8649783129697628
Class_4,155,0.040885387386400976,0.3631843316063847,0.12548502958294494,0.4903027022462587,0.11672382154273192,0.9606281598125967,0.08875301717926913,0.9451786792873795
Class_4,156,0.05682744697146143,0.44127463133711786,0.07575603916307284,0.4011271798897547,0.11360515308729972,0.9581224515784632,0.03598928294085055,0.8385609676856861
Class_4,157,0.1322536941003686,0.45650703045827273,0.051586276760768185,0.48198756949004595,0.11393707362656069,0.9465819543121596,0.14010156866519916,0.8986214927971403
Class_4,158,0.10005577289409259,0.43388125225585167,0.11607297575590333,0.48225602497849107,0.007283973068403784,0.9821121518154861,0.06515672104062425,0.8835269898381507
Class_4,159,0.12767076420326964,0.4839387895733862,0.11913212246165028,0.35949839516820803,0.09497827241944556,0.8541745893858396,0.057228620122585866,0.8966626353509877
Class_4,160,0.07063189649785634,0.4598960695726132,0.08502214252638922,0.384528339422022,0.008410622852047606,0.9297442458625143,0.1170637830276705,0.9335699549724257
Class_4,161,0.00636693755626344,0.4188254302717706,0.06629817931637937,0.3534850015244524,0.055267011064715835,0.9385588606217065,0.058864920431720716,0.9410179887250388
Class_4,162,0.09437584148513449,0.41851598257484546,0.010761960766733303,0.3805721879932924,0.04941719093712065,0.8580622335906992,0.009435162962648094,0.8492217012136082
Class_4,163,0.06620525647755829,0.3832302946135777,0.1222710959234367,0.4610822374025187,0.020621088210962816,0.9433421885261234,0.01487089402164096,0.8652487449694369
Class_4,164,0.08225980622468897,0.36017114641082976,0.12732262275633438,0.46739174056534694,0.017724049563306504,0.9419664884585152,0.08305240530296794,0.8279841855212735
Class_4,165,0.08910478513743961,0.437626980336034,0.133564018917621,0.43326377327642956,0.051172403826611916,0.9779924809762428,0.04336062626157946,0.9490520085750839
Class_4,166,0.0255761369931135,0.45479070178583075,0.014656232234971924,0.36412036109800267,0.1132234855276068,0.8876147281250695,0.0819938455103362,0.8739420174195613
Class_4,167,0.13191972899671,0.38170209335451066,0.13295930917409454,0.4409326625731535,0.0289048593777183,0.9115709001542295,0.0027265739029060827,0.9437215457190559
Class_4,168,0.10090159892181894,0.4485505788826989,0.034607734699205965,0.4471724828219067,0.0719591507104108,0.9964901773794693,0.03139409063923382,0.9318525200358765
Class_4,169,0.08165640094968578,0.4816226388616808,0.14210693444399344,0.3792346525060883,0.13813427950016643,0.8612806195195948,0.08856097948473701,0.820103931202641
Class_4,170,0.11490583769879648,0.43865719833024813,0.0892473229825222,0.3582852195578341,0.083471706674451,0.9733611434607301,0.02927020328768751,0.9545820772211153
Class_4,171,0.11908998971424105,0.48208917885985353,0.13363143643953188,0.4492542502650713,0.036549558042806386,0.8878137067283203,0.006370719345281263,0.9363372998276952
Class_4,172,0.031134225147427256,0.4337440360659993,0.03841039101815963,0.39434071059125053,0.03081810228213038,0.9298637466192163,0.0783543959055095,0.9634836821229604
Class_4,173,0.04356012101498948,0.41918847067660164,0.06213294012737011,0.4712111908957523,0.09667504095773541,0.931557295920461,0.010073848747827347,0.9563435720703386
Class_4,174,0.06760088204931189,0.49491033345436014,0.0849988592799652,0.44431260506556625,0.07536591129433169,0.9401154122571583,0.04695840336597119,0.8411916971619088
Class_4,175,0.14543637627395717,0.42792435768071435,0.14289228062329992,0.4700136192612082,0.013503703929939829,0.9501124582072735,0.06341679105880359,0.8862542616611347
Class_4,176,0.06438770078491127,0.42479712667490954,0.08712021984190202,0.44945485857745676,0.10903592100861964,0.9571995853126143,0.060000480991573533,0.8500655996355636
Class_4,177,0.030137578269289478,0.47649109664639755,0.06804621649980247,0.4368006877837656,0.0942517623177946,0.9475385930220227,0.09322411266518088,0.8484064154993978
Class_4,178,0.10070064423247142,0.41745306712347335,0.035647213319698244,0.3989458045783038,0.028509037487453,0.9065306405920511,0.0474564472106614,0.9096854856517217
Class_4,179,0.13481951129207845,0.41511292000976885,0.1419127264040594,0.4779756999305523,0.0035018204275977464,0.8642368023011583,0.11827586962998984,0.9404733134143934
Class_4,180,0.0014404886843269813,0.39884671189757687,0.14085638829191935,0.4400102289324772,0.06727903939468505,0.8890640043601165,0.018009252030170016,0.8914137762628705
Class_4,181,0.008950929175559784,0.4476151124026799,0.041977536312044844,0.4174645296400132,0.039095448224522406,0.9456555694549235,0.10649750227234372,0.9606833728820983
Class_4,182,0.03437117210669403,0.37595656752512835,0.05120115826571998,0.4162444756767264,0.0763533414435627,0.9444662676491866,0.03318047753786975,0.9184063258655103
Class_4,183,0.04320737228537885,0.4223015585928434,0.14004266304945012,0.4260670528672797,0.12000866998908194,0.8688130396373879,0.08963179016638184,0.8296139619510889
Class_4,184,0.044628458963894224,0.4245911382186992,0.06153021389210823,0.3920746960863276,0.08056939119795554,0.8850612350385907,0.03328794193181795,0.8675407413982799
Class_4,185,0.11690437146024346,0.4250173499658497,0.052516659366320086,0.4169696800014522,0.08656484293616573,0.8552402143975565,0.012060597176137626,0.9311201423173681
Class_4,186,0.05387946217136141,0.3563118291026608,0.1017249792760276,0.45046971113661183,0.03945560052416326,0.9103603341284278,0.08729602877166526,0.8594900710725513
Class_4,187,0.1466243084938392,0.370982351909644,0.13990962965944165,0.45065725875331475,0.0671447171334598,0.8889100917943364,0.06844470252036541,0.832481104370742
Class_4,188,0.015832170472854422,0.40148506598878786,0.12007052218492713,0.46951354961680064,0.06150282167098224,0.9272742720221565,0.022443569457104472,0.8627974858169308
Class_4,189,0.13929407463255847,0.4865029607578907,0.03561736445812617,0.40024708007464205,0.08518109954721201,0.9642201977814612,0.10413742330364627,0.9510155858734509
Class_4,190,0.05475504954622407,0.3972681317528093,0.06841268864731398,0.45796965513011234,0.08104647613903068,0.9174754176959572,0.07960876725442681,0.8630347878002858
Class_4,191,0.0842992258165573,0.44051682471958864,0.01173758668942478,0.4499445112461504,0.07811727839383611,0.8626243836751479,0.13369283521674474,0.9318021099477732
Class_4,192,0.12096528659167986,0.4901703259146052,0.0457511793909147,0.493742962072374,0.1273574851526534,0.9339415400426913,0.07131610879082188,0.8550856590254644
Class_4,193,0.05541311049715282,0.41828928962944023,0.05932497110465921,0.35125366481435416,0.03315158670528731,0.8990178160629227,0.08769156148923965,0.8842566126002643
Class_4,194,0.06073520372649311,0.36329605529217235,0.04063260691956151,0.45677147054774686,0.14897655916956204,0.8590991140294367,0.10201589711119896,0.8947401911658197
Class_4,195,0.14187522730347338,0.4355885231545784,0.14007130686869695,0.48381463933832614,0.03873277812788809,0.9207196105664488,0.00829124195217088,0.9268254849741498
Class_4,196,0.021845666600894462,0.37992534231121017,0.027734857823494396,0.4846632883157009,0.08542527698071689,0.909096145722668,0.0457411877304994,0.9056024499017662
Class_4,197,0.11443460283759432,0.43740354384608265,0.0948729511345483,0.48934197835741855,0.057389901779327845,0.9534442003496835,0.08175339163309867,0.8653289986670526
Class_4,198,0.02842781845122573,0.38814541545665815,0.10736726558055619,0.35044286807697617,0.08950382028526466,0.8822282343384374,0.04835431919546091,0.8233718864897509
Class_4,199,0.03975525220384773,0.4824273952273173,0.06945132454890887,0.4225927119726444,0.1484380981541199,0.9016296413050572,0.07938411655118757,0.8747134809688277
Class_5,200,0.38110480932547464,0.23022391653947316,0.9491965327082713,0.7391279320872847,0.00428678522449033,0.036902061887362225,0.4365236761443315,0.12727997038319705
Class_5,201,0.3384400792655038,0.09819692919285083,0.44651602070069984,0.5731207406293272,0.2839240521455265,0.8987133973794343,0.5012672027829711,0.5864564997573206
Class_5,202,0.7668872101225703,0.836876577342312,0.1897949650834747,0.9509330656661025,0.8951026217607566,0.24187834387036322,0.3966970772504349,0.4242472754567398
Class_5,203,0.32855333153697475,0.5268476816489911,0.712114564272623,0.9731750020758814,0.5753418103377859,0.5228763891468562,0.8308109222956054,0.1306831794227148
Class_5,204,0.9027973146304191,0.5022360754476647,0.1741677877683665,0.5549479622422862,0.5972575835366785,0.2574993769500329,0.14823766333676602,0.4135426961232028
Class_5,205,0.5564916615292869,0.8738588969473781,0.7749784996279537,0.5955640174919653,0.15989022985639245,0.16246665624819234,0.106310407560533,0.0684308898456033
Class_5,206,0.9975580255930789,0.7802886675114407,0.5284858873575456,0.18760214155485266,0.9298690383568471,0.9540045094236829,0.0780939506224616,0.6838410346234458
Class_5,207,0.06977415668067766,0.3541802855485121,0.545680796011979,0.3482383477813392,0.18139965596840846,0.8729350351599184,0.32743339743068955,0.7735838226525746
Class_5,208,0.2391382469225114,0.3111858209809606,0.145183677108651,0.7011929169172132,0.2335674624123485,0.44346272006135345,0.9384412879392235,0.4608453649168024
Class_5,209,0.6894170479768706,0.3973306594686884,0.44552547855751057,0.8911713154490538,0.6661223232500378,0.7579845382694793,0.9911732583042435,0.7555841946846036
Class_5,210,0.07593102616212621,0.8557658693140676,0.3774990044745842,0.27071725118097145,0.2087530275351963,0.19263316711556,0.1654040149896827,0.6903650896973954
Class_5,211,0.45694994605773653,0.40366674685318626,0.45480654038706025,0.9269643233286718,0.43561119340732746,0.42824521032070917,0.20329039424284323,0.8724960763320744
Class_5,212,0.7944195130283972,0.11763750691761055,0.6088074502993504,0.17537565850004821,0.4309896190422098,0.3737702959056419,0.13449744982274947,0.9607739839223445
Class_5,213,0.44070738666709897,0.9462526638490527,0.08215458313798307,0.3367774038771204,0.4348101532747246,0.05126440116478548,0.1165856876253043,0.9614220933225319
Class_5,214,0.5339402416409319,0.4340933097476959,0.36362527086334817,0.9656081074553304,0.9986740628821876,0.2898883147611533,0.14149461287270915,0.8896173448638628
Class_5,215,0.12444960541622563,0.49901267307321995,0.47463428345376324,0.1022514758227292,0.916769918269272,0.8045183071549599,0.09512514786449366,0.3943136200884654
Class_5,216,0.6779077542869735,0.856029846618692,0.8644638120265421,0.3917165596344636,0.1816042426627721,0.5705160822818394,0.2624932081509762,0.4027442667191168
Class_5,217,0.2851626953373517,0.46066650328380054,0.8154157650735075,0.7000031510189946,0.866874601230695,0.15367390440527107,0.9159998377935528,0.6823770647986104
Class_5,218,0.8770166268895802,0.8318782079969872,0.8157357735967142,0.3321633148744676,0.9595512120637218,0.8783644792129076,0.9638966462035398,0.7407938210053413
Class_5,219,0.808411502453076,0.9606551643217578,0.4087443090066667,0.975467252327509,0.6316215462485619,0.6820297553794302,0.960024714945569,0.44733577948527437
Class_5,220,0.11867656744824762,0.7403994381578555,0.18236829224536089,0.2772949122914232,0.7887052566564354,0.22647916360647968,0.453585415869198,0.8545429746082042
Class_5,221,0.9343757605347214,0.4835320630921853,0.7518708270402799,0.07018782474009921,0.6751912970490244,0.33163529359546795,0.6445267914662655,0.17795422083352086
Class_5,222,0.5365890683808908,0.9767975738677218,0.062018638305777474,0.8469450540915746,0.5228284187326444,0.6373667763394182,0.9186282689140649,0.7430382540380205
Class_5,223,0.6993262586560121,0.17840606528739722,0.6524890274066864,0.9795918503027071,0.9722537735821126,0.9728512490646863,0.9527405212050324,0.4737891442320069
Class_5,224,0.5363807947222117,0.5463014450034533,0.17679523168339029,0.638152111585949,0.9976451445423304,0.8163983323780595,0.44046964291523016,0.9702146594348212
Class_5,225,0.8875482276547965,0.16689628452680927,0.4205970770453821,0.7109227422334976,0.7742813181420173,0.49101393665742155,0.4061388584812494,0.4265459854945586
Class_5,226,0.23214357050541712,0.03514241681892527,0.5497568387072522,0.09275624491769541,0.6046031486747904,0.12576465594016273,0.051766677665356475,0.11861295813733164
Class_5,227,0.2674789871364368,0.7042302620964578,0.08872337915178286,0.7630901266623614,0.3913059404668844,0.813473785491985,0.002224556502166908,0.33725933697626975
Class_5,228,0.7822854005382157,0.052307677078965886,0.11542758336750025,0.36520142757268825,0.11742679405372425,0.37477062897402535,0.9641933654205445,0.9327219126460475
Class_5,229,0.7111016030996141,0.5517523826876742,0.8779179928650535,0.9970584218211131,0.5094192362570696,0.947789328910667,0.7479618349082073,0.752477694689444
Class_5,230,0.5720950830412838,0.42380811166953536,0.13997283088252,0.5703781049144074,0.8662794087399921,0.5578129639856327,0.8959618655025495,0.827403487402625
Class_5,231,0.5235616594541168,0.8939979147119721,0.0032279184820094287,0.6580280674665754,0.2298440758171203,0.5655911481373292,0.40833505920762114,0.41553633099730924
Class_5,232,0.10880721643207791,0.49731366108883557,0.7090084709535155,0.6523380794750357,0.9948883069280723,0.5216253659960806,0.9320417671423453,0.8249399362982824
Class_5,233,0.8048042082218883,0.9790414083416694,0.8165827352313556,0.8656593408164007,0.04721082759212902,0.5530324371728008,0.8638022344310267,0.9637928611703364
Class_5,234,0.21979606840185284,0.317357003550957,0.25836696504914425,0.18036016899369023,0.2913304490270575,0.8050520802441562,0.8077188182942858,0.7017287079258064
Class_5,235,0.36914939450663187,0.917088959698551,0.02278426978820769,0.8381775795757737,0.9774723893411505,0.3173842889786659,0.1361100000412796,0.306448796099668
Class_5,236,0.626022750434398,0.36398819417987527,0.27024141058994944,0.032932651309801164,0.8996175860192444,0.32260745991792517,0.5939832136348915,0.614928706149759
Class_5,237,0.9326430599389137,0.6699131071928379,0.7219055211378423,0.25823154444662144,0.8600435569430922,0.25290804223309116,0.25862418985888114,0.540480886517306
Class_5,238,0.10432675937377178,0.2305063844477252,0.19432792226677875,0.4471591760132373,0.9336703867883711,0.740406423172981,0.7361570370139677,0.010934322427776588
Class_5,239,0.2903666305958871,0.7740170425692819,0.6657776430233334,0.8363291520287471,0.8702297294854406,0.3434666741061301,0.9977025600070489,0.9075811516985386
Class_5,240,0.36004084330768327,0.5340498362960359,0.25686170042036527,0.705929458471022,0.6052711180241995,0.9808376561844443,0.33816844959224834,0.5400597147335525
Class_5,241,0.7234268919522319,0.2252763639616091,0.8449150175877668,0.3606502318015442,0.6284153910722983,0.3333668698494163,0.19151182891466378,0.7692962580969234
Class_5,242,0.9652823071261583,0.5073707442678312,0.73139565187138,0.6135866287578727,0.311298140636857,0.2798584350804698,0.6550898460504602,0.6920070062255085
Class_5,243,0.15295312450534682,0.8147791524934963,0.21336456642964274,0.43475943729939803,0.13904532666086666,0.6037213312978572,0.5810178028148322,0.44033944562729077
Class_5,244,0.5408341082860252,0.8776569299414031,0.12102916769312444,0.31906127338694446,0.21176148624780466,0.17539905689567348,0.44523589011285114,0.17945586594093155
Class_5,245,0.6791150105491421,0.03783361100626248,0.5213526687835341,0.05756578417998093,0.5579984009642247,0.9243866137406679,0.3367226420069934,0.23401311037336447
Class_5,246,0.9865920229363824,0.5810145965384594,0.46540839107425436,0.32043957380766985,0.06829092923607083,0.12258326900856042,0.20764801658935184,0.8154534224257728
Class_5,247,0.2680710335755404,0.13442650077211427,0.25865807655983897,0.06877625094881179,0.41000521096052,0.6395808718111328,0.6092852848476028,0.45465049703113525
Class_5,248,0.41606849906259713,0.6370492682546535,0.07566822938999651,0.10422992423584265,0.5428165265786535,0.5849328935670984,0.28668292628500414,0.9153372211182507
Class_5,249,0.968124075408343,0.38420823844211693,0.15539826923481126,0.9096684229180675,0.062395420959994174,0.8200672794910226,0.8807577070147671,0.7389044231398012
Class_5,250,0.39647645019949085,0.6803479689799878,0.6206668808164967,0.7043529030296769,0.2088888551865994,0.24218676635983505,0.33630555139727447,0.5949458551935188
Class_5,251,0.2155786258918797,0.1373907290118589,0.4720472222799752,0.7904913677685771,0.727407169654516,0.16087162958988566,0.3972473375218347,0.9726509437625297
Class_5,252,0.7126656699204678,0.5436803739108695,0.858108063439728,0.018892538398794456,0.2747025422385856,0.7647088254635422,0.004321151465831896,0.8012467992899344
Class_5,253,0.42637266899815374,0.2704375064462776,0.008289979254355262,0.1350432364606603,0.9978997316574032,0.30858056273332835,0.7079456470033013,0.5684306421031706
Class_5,254,0.6889685592273103,0.25612409572540207,0.9098008218324702,0.3963255153915449,0.4193262705503904,0.6396975503270361,0.801048046315479,0.3947452248066333
Class_5,255,0.13512770775203253,0.5083893054030193,0.8326809391442977,0.5284464388901193,0.4215583050297047,0.2071635807069403,0.207338524005925,0.7080413789761586
Class_5,256,0.8492778432972105,0.46843209520564744,0.8223522777458586,0.3373309477773495,0.30444271155050473,0.08166812380802779,0.6658409726568502,0.07876471137071084
Class_5,257,0.7405818021523757,0.9410176231257157,0.7845451524779425,0.5299486702773067,0.15316881628840262,0.49991939076141,0.41785621884181134,0.9675673053306565
Class_5,258,0.5569948632160501,0.7737743298415974,0.9996237945587518,0.0840366388539514,0.7362291689373416,0.7332215851515738,0.5245569224073213,0.7406685801532882
Class_5,259,0.3253257080536631,0.8052724198290869,0.8193112177676837,0.8484457899136912,0.5754963597237364,0.014637965172192402,0.6031765414654923,0.7323525771740933
Class_5,260,0.14055083110294542,0.5461036398120358,0.7235340865518947,0.9569719832990166,0.2496512182568471,0.8543211191068576,0.25576940846131957,0.7142006427389235
Class_5,261,0.7463566442069974,0.3298520808403044,0.8922771517366617,0.9997035179885062,0.49457561438992526,0.5895879228939794,0.6649310981644648,0.8648973540081498
Class_5,262,0.7178337494046977,0.6780428651892481,0.44311459242841533,0.012983227411420328,0.09481246904779139,0.029675408222771482,0.6456656682808124,0.2983773316841536
Class_5,263,0.027335477922578066,0.8979630707858225,0.8281041039622631,0.6719246025298603,0.15829226604893598,0.6228051133912514,0.34788074216259,0.05018999591522044
Class_5,264,0.527995237885505,0.13821946816165664,0.37158913655075376,0.5374645905253443,0.3871423647101381,0.1930121253206485,0.6316117709688527,0.3628881285241702
Class_5,265,0.13783313296526223,0.6308678630184744,0.16914279800640286,0.38696849764029617,0.7471011731181822,0.6028187663301917,0.7140389557387528,0.15453836654894226
Class_5,266,0.5588374984250579,0.2728597902386939,0.5167644898601002,0.04463263606351742,0.09577491317767506,0.40077232672317686,0.010976910511491855,0.14701911128021083
Class_5,267,0.2116687988847905,0.5176809336518203,0.39069103877664224,0.44040893060350406,0.9873177568827127,0.8149747182625214,0.0011791721679598188,0.29259379592789847
Class_5,268,0.8224822529317288,0.702301930274861,0.9259054822527268,0.47400954805052964,0.7837633207508625,0.2909495104442933,0.751726930027731,0.11108697114366606
Class_5,269,0.656180641467691,0.5967287688392964,0.8117437669468408,0.582560714706973,0.25098546705544567,0.4265983313410959,0.16523229230770775,0.30317072313861226
Class_5,270,0.9346254696807612,0.9796178562403749,0.2628816223055752,0.6641993741159791,0.6667031763103991,0.36844312494475673,0.5894121628632208,0.44676494870583694
Class_5,271,0.03556286733656311,0.2519299644067441,0.6026477159055599,0.028099866353226255,0.5578388551572582,0.20220183692138904,0.131960750720992,0.14097158411999322
Class_5,272,0.04982480619811047,0.6211054501742034,0.9786859304341119,0.6214756976705537,0.8504378890829956,0.07752963816767289,0.06449258379366796,0.19413220217705773
Class_5,273,0.001009985588977358,0.13598851519873523,0.22384463863900939,0.48304009540978277,0.6759532809213051,0.35572768218758977,0.5168040130019709,0.6548778206643397
Class_5,274,0.5065260641767689,0.9379946529147617,0.17804488941898067,0.6363186479785105,0.16196118858160236,0.29413133870879216,0.9555987768893376,0.7755406076878354
Class_5,275,0.3932111319668382,0.42326822903607764,0.5407509011610921,0.2993406650990905,0.4355221615971093,0.13250149676333045,0.9818745654842398,0.1536313367739307
Class_5,276,0.2536008107569774,0.31191189945246844,0.7319850968340336,0.6321265912936558,0.059197983151548894,0.21286739266692634,0.9375754772023229,0.6443517834009784
Class_5,277,0.2917431097374862,0.2721911314374197,0.5075589582228952,0.2196593644587077,0.09768489495357446,0.9543404230921696,0.6078121102529722,0.5692049289326883
Class_5,278,0.7308652326225046,0.1956888386713831,0.41175172134271065,0.8438034332054769,0.844454558127454,0.26191032671672076,0.5553813298253126,0.9932590060950296
Class_5,279,0.6422532628282025,0.4236681384469235,0.34677831033080564,0.5837028325744308,0.3459180828843724,0.6354455263065405,0.49077292616375534,0.3827626232554967
Class_5,280,0.02832014942405492,0.48383680266052875,0.5118597200686463,0.7473200012935656,0.10301865596015902,0.37607862668876446,0.40162886967182276,0.4834073921488342
Class_5,281,0.8952599166392726,0.5528393629409806,0.3616943961660197,0.2248695703612461,0.1453021711005038,0.7657456814764247,0.009560623843553606,0.4467883332688486
Class_5,282,0.9747698781821075,0.7969151344698475,0.04340540567027551,0.21283591721401907,0.6233238045500036,0.7471276489304906,0.9403776937763358,0.4811185217016799
Class_5,283,0.15731146095917226,0.24131366795763132,0.08628041281705634,0.4986530355441635,0.31471066855855134,0.7968257468811486,0.8262412002901388,0.5417841615632127
Class_5,284,0.13123272883548376,0.24019900828548912,0.582797846129246,0.8923317060236309,0.3495608918936274,0.6797420658096939,0.2844978559646043,0.6410955879085887
Class_5,285,0.8316440386673659,0.5518165635826761,0.2227362842563464,0.12542602914701295,0.4139920725654411,0.2911583600384213,0.12009610605119891,0.7721020294890752
Class_5,286,0.2664746754793875,0.9242298085416661,0.9911393529151346,0.5273581202949948,0.38353472482050754,0.870289682275906,0.5383828860243185,0.9990395234908658
Class_5,287,0.834993340454036,0.11297094642504757,0.4526672898617581,0.4882395837271155,0.21350148858756202,0.7988871115911788,0.9471517505819045,0.511296356314051
Class_5,288,0.7525197409440565,0.833356986380873,0.7265683605624015,0.9634945144255871,0.04246675004640588,0.8291017472174342,0.02002045257409768,0.25627969496592995
Class_5,289,0.7716083809570142,0.19576129125957087,0.5864885912530673,0.1552397675329592,0.10349201729546054,0.7018251146415196,0.056598486364971556,0.5343144264687749
Class_5,290,0.8716909033072672,0.8742346694690079,0.3725771448446067,0.3660909292520387,0.23649788485894174,0.15015772241798686,0.8125562207065417,0.20606959226309818
Class_5,291,0.054664336587093576,0.4626068177035313,0.8801174742380935,0.16596398649283362,0.8481205739349172,0.35870580332402213,0.27512521363171916,0.6564475456034455
Class_5,292,0.41130611725192223,0.27101710500969123,0.33185949298996753,0.2681320088546245,0.3376389392224275,0.3369537791025755,0.0297703898846714,0.3955052638957057
Class_5,293,0.8471882322570923,0.2630578218790043,0.582180242348314,0.7664723891132256,0.8910120556953889,0.9492492362273026,0.43761588817606867,0.7749425522134801
Class_5,294,0.22841685141844892,0.054934190646529935,0.6854785671376841,0.3575240857398414,0.5452633023795517,0.1905341148237335,0.8547106678617775,0.09659548587370059
Class_5,295,0.8854255206653597,0.5457200485578148,0.6532300016102868,0.05097910054653099,0.2899346444901927,0.4506066357633215,0.2479772969640336,0.7693431990696824
Class_5,296,0.9888772469509243,0.6458704699637218,0.8045512340498717,0.18030604956521046,0.9269772635126318,0.7037932257762404,0.5965956718340709,0.510984827265939
Class_5,297,0.11154815478095803,0.5535201842907644,0.03588347326128838,0.38397275530996955,0.3762709822359047,0.2946630817301419,0.8004131686421218,0.554937105153083
Class_5,298,0.7696389468092552,0.38099714602235957,0.005324252686623621,0.4413847062462791,0.6335004575469567,0.6619747785256496,0.5566555460331071,0.21945782799726166
Class_5,299,0.5221152088588845,0.5088875951510231,0.15700495236547674,0.5689824876721001,0.4953488163039327,0.008085319004841218,0.38567522256522435,0.44719749057440084
Class_5,300,0.11067805685667709,0.014516616239708013,0.9531930716015192,0.2091857159053605,0.6983327751978129,0.9776810106590103,0.5755638983864607,0.15202081224374941
Class_5,301,0.5042561960393203,0.9075109146405287,0.45638043266524964,0.7960062730025025,0.04667529196497011,0.7915922556084155,0.7082742243453132,0.3340266445888368
Class_5,302,0.8166933958424765,0.41290022566028683,0.5072417613279449,0.8495052007037079,0.6743882696786782,0.2726732044579657,0.508427068742155,0.5675722780715762
Class_5,303,0.03178606023600772,0.8953190049095787,0.49765151190444246,0.2526500362354367,0.3846754847901127,0.7665203205745783,0.5120221828720737,0.37024693241464257
Class_5,304,0.9451183828657862,0.8869838300320252,0.6302354585727162,0.8418846078714958,0.60797950146805,0.519422503376257,0.1209343998588871,0.5425677525905522
Class_5,305,0.6051371360129274,0.46515024707529673,0.6041529709176268,0.5033285154970041,0.6022703927491427,0.9243006748617592,0.5684185635145006,0.6115944351183211
Class_5,306,0.03562867819591076,0.33690844233705863,0.011278679131671798,0.07467568413159154,0.3737027778151779,0.1620172294919623,0.6833734639224395,0.4524187379197071
Class_5,307,0.4969916655715928,0.9797496018592067,0.3428872639368199,0.9211810390877264,0.4587691885225902,0.5300307629616847,0.9442347083336237,0.25301653604130525
Class_5,308,0.4999037095211699,0.9047575290707094,0.3167891213841957,0.7189027012352259,0.7006932581948293,0.11603277774603682,0.8470339207850186,0.6425181280431392
Class_5,309,0.2928240466414852,0.29943527443513773,0.5629597304217958,0.4590069060053401,0.6529465715683738,0.4301011185655733,0.8032627838223562,0.6910572325678936
Class_5,310,0.9147289417153377,0.4150726376448154,0.9228792844592466,0.18298064876734044,0.710805536736262,0.29582947840462515,0.7874447879069372,0.5107680419929461
Class_5,311,0.5533498107459037,0.699793109761616,0.9798056263722256,0.24450326876811235,0.7203046318978971,0.9241559540086147,0.7877720546751502,0.20834818561260326
Class_5,312,0.6655550843591312,0.08307960916804114,0.527164162542526,0.9278474949092986,0.0025652415754479074,0.8090960400743884,0.48642105707018657,0.22142902840248568
Class_5,313,0.6633855299553937,0.8315026811919318,0.5235037320527928,0.022995698447178747,0.25448236003392866,0.3149612719768612,0.2960779346406771,0.5986599843473568
Class_5,314,0.3434293199565097,0.8479022947401189,0.8945231810295299,0.44328253275945606,0.18189883679395502,0.9940583999361411,0.8736700905453867,0.23027322049279986
Class_5,315,0.13623212189067946,0.3659131875774889,0.2690532913845268,0.5049122725631783,0.13629975522529936,0.13060282956542812,0.9552230583384348,0.8856727476843235
Class_5,316,0.5809785175043767,0.07238331856282909,0.8791659863592068,0.45989887321770073,0.8329681347515178,0.9345099666988249,0.16048212207507062,0.2907891543747555
Class_5,317,0.2099134241657845,0.2419327479274801,0.809982752137729,0.628320514075835,0.4853605000109409,0.20953065495166412,0.966664209634713,0.5127963397888273
Class_5,318,0.6511739678287735,0.08709688995662312,0.769835311673988,0.39693017721123347,0.7018280987156248,0.6796963778779886,0.45268708994533136,0.026060413863136622
Class_5,319,0.975062960268153,0.7784621333275848,0.3859730364026912,0.5573964628970657,0.12946389559016636,0.19112832349942965,0.1657501930233568,0.02332634969934655
Class_5,320,0.37738835665622583,0.2540795126273563,0.42710298566971494,0.16352058879218723,0.9346305220836175,0.9062380915221125,0.8356092787930594,0.9645591558637222
Class_5,321,0.31571396906855165,0.4289064371792304,0.032853577669380796,0.6098312011083517,0.2828924428750337,0.5066585638162855,0.9234845626657293,0.541409760964585
Class_5,322,0.3993383906750013,0.5116970678380756,0.8880793543046697,0.17143329740742064,0.563876557458479,0.30195784276790905,0.8663231315768296,0.9522122572478562
Class_5,323,0.0035929069849182094,0.8577744556746271,0.9825314471131212,0.9596255181604106,0.6181765269387788,0.21469324656007727,0.9755367674221269,0.9892824272911612
Class_5,324,0.9945847978680975,0.12751227672167686,0.38668657369401926,0.8512108487131627,0.7045653876477512,0.2190762298549248,0.4023693300573462,0.44760066132068177
Class_5,325,0.5717530174016376,0.9321913902137862,0.6349308313354274,0.881832574464595,0.055040010411382956,0.1716693709170357,0.8857692482953936,0.322725590429387
Class_5,326,0.8101574166818627,0.038242341310741335,0.6247968193622935,0.053758508203273325,0.6314104417968466,0.6572586957444624,0.13360809093237447,0.5900443574092572
Class_5,327,0.3906450339292543,0.4020920297194247,0.6782652366905393,0.9935566835372212,0.9383792288966317,0.2253452306332413,0.8398779515556488,0.47549119809751395
Class_5,328,0.5575314824561428,0.36775281318218866,0.6944810454737008,0.5676230710842912,0.7236368998345657,0.994072139731872,0.08557913257696259,0.3877421186376815
Class_5,329,0.29326365708327684,0.6413467571291087,0.5129794907116858,0.6675042715918099,0.16342295682036578,0.7231060577902173,0.4724234511064298,0.7185093729003311
Class_5,330,0.9636709880713419,0.673999330652532,0.12345667110391645,0.08206678179967841,0.24089737803845046,0.008296358851066943,0.8272334290555884,0.5193334119023404
Class_5,331,0.33821544248128255,0.12813621910119266,0.5941437785934107,0.8328396695925702,0.5753898478583369,0.4478581453810371,0.3140018268645418,0.7580884045872786
Class_5,332,0.7513738478887354,0.1380023451856821,0.939287581436911,0.4111772745179564,0.7288390689754762,0.14511999898664873,0.5699622664398123,0.26961294263761393
Class_5,333,0.8809326599592044,0.03720062081034492,0.843249707868435,0.2808730513329828,0.23335401944109768,0.6443486119719393,0.5141407412224472,0.8192426672984142
Class_5,334,0.7970201243464314,0.24205054297926398,0.5333316754724304,0.6891254055858675,0.13273511757206946,0.9845370726529796,0.7933540246264165,0.049162945151812854
Class_5,335,0.1424414178361394,0.7204319569152998,0.9801599980282795,0.4236777317764283,0.009624502770613996,0.5439759678975696,0.7624019697009702,0.8390555995453947
Class_5,336,0.7394841698330019,0.725726612059751,0.07882255261019022,0.716321666326818,0.14989870467368538,0.906384052565017,0.30906827989614305,0.8770094348136678
Class_5,337,0.34883975074092965,0.17756835704930296,0.7169415467561101,0.04120171186061439,0.3883439218757675,0.4054590312609472,0.7609451827562278,0.5870522588539465
Class_5,338,0.49999537308478026,0.5080108168481772,0.7104186204169705,0.2362928266581581,0.09449092536994486,0.7366752817660245,0.688762294242217,0.5618110784000042
Class_5,339,0.2678344661717893,0.21802748546770112,0.8556247289368654,0.7415288801790716,0.13743952592180764,0.6841793099334248,0.3654085418383106,0.34448482102918476
Class_5,340,0.43181529208624136,0.33824558735863275,0.012277671111842303,0.8498926277512721,0.34060443706382837,0.02758916843529191,0.9743945779624628,0.10543954743767758
Class_5,341,0.4243314210738294,0.6313436912351412,0.7003761685993062,0.7600107503244098,0.929370424106235,0.3498000617278131,0.22945521289347404,0.7249243829017921
Class_5,342,0.11656073426574098,0.7203646834090546,0.26107217636908664,0.6138875688568399,0.9005670801385747,0.7131376065780498,0.3768469972262022,0.9061119602099198
Class_5,343,0.346307495775102,0.7010426303809308,0.9805552114154737,0.9620079844167535,0.6667821523936882,0.3682131433885991,0.7869195809941745,0.27042016082206033
Class_5,344,0.32978938750388376,0.9413538626086823,0.5178254854940886,0.3525608570127715,0.6753023435792014,0.4178481693797813,0.8971583457919539,0.5676259305679499
Class_5,345,0.11426938987135993,0.08950883571844315,0.9746890634558911,0.8825505303428021,0.6833073783992119,0.9314201787096554,0.9624831254454939,0.7796806783354177
Class_5,346,0.034146603314881396,0.1398946505405687,0.012122650426983572,0.9519173815695695,0.5629708734153026,0.22846166562534986,0.19738189841897646,0.7659808008005504
Class_5,347,0.07990849654813381,0.9045174873018202,0.4072111846178452,0.7415767454502818,0.6070650802694055,0.5921844449238957,0.598660409223734,0.5393197217429238
Class_5,348,0.7491441833209527,0.35364893118937923,0.28386066223868023,0.6651402842409773,0.7522881022607922,0.39857897669606446,0.6569237309939191,0.5021294212664229
Class_5,349,0.5276007311263793,0.43727382017880645,0.28115017889342575,0.2883930041994911,0.23026084891971044,0.17689250972594162,0.15815361406108175,0.06138808292760545
Class_5,350,0.5708246828743105,0.47839690552417247,0.476600246071613,0.8845585296636648,0.8697825758821053,0.2013879324700999,0.0050722064712596104,0.8252996566883181
Class_5,351,0.9998059835512915,0.08332264666856193,0.3227467758904363,0.24208532633900803,0.4736570050101371,0.3008592050491873,0.4440335887338519,0.8585015047437932
Class_5,352,0.9536039233174329,0.41959563329597116,0.7637435745090723,0.21957518693083222,0.04836408408152526,0.012197618311193148,0.6792976594366086,0.4688885373080828
Class_5,353,0.04595541771672107,0.6584691819825945,0.5007548916713064,0.9599138486569717,0.48616144535133754,0.789240513907173,0.46654568145610387,0.6933201837151165
Class_5,354,0.05504919300097977,0.29285755736130226,0.6507897056028482,0.7424388528244266,0.6810782200126166,0.05476055568569416,0.6579197737841456,0.8521197500077188
Class_5,355,0.9139540950931154,0.17943070940702954,0.8871101328122122,0.7529559584376854,0.10960732099027903,0.06085783208215312,0.968567648327592,0.5565067606139884
Class_5,356,0.619937759942336,0.9759570873690677,0.3660401573946548,0.24571067911936528,0.5026198290715234,0.025655094142858492,0.8191649642443546,0.1953525813733209
Class_5,357,0.6419840922892124,0.061480475195610285,0.33051818385344756,0.21278717358806876,0.6648131544043024,0.011779391731436384,0.7489325138596583,0.9942823602625322
Class_5,358,0.6334682344600147,0.28848919752373736,0.5261904578249794,0.5086930129779615,0.4764784259938779,0.7898409238167858,0.32885021554220417,0.5331429906373383
Class_5,359,0.6619982598011909,0.10163868688620037,0.29473721949402454,0.7657753067722636,0.09069984133076714,0.5437690495375028,0.7441677335460767,0.91413534128908
Class_5,360,0.0989139290598744,0.49907374763537904,0.055727462389962845,0.24748990363509926,0.6725322883324456,0.36652029358939975,0.4264417707417919,0.7230193134642461
Class_5,361,0.2594072692676743,0.9654270938768381,0.18394457960450072,0.9492168836420278,0.4727005732903594,0.22614616806196164,0.7480139971148639,0.43905940362254336
Class_5,362,0.539379989062305,0.1725037560033461,0.029059810921232332,0.3679218112780056,0.20415833785096682,0.6743955103235689,0.6126789869576017,0.0037040453408269114
Class_5,363,0.48836483133204467,0.7178688474297589,0.3442496584997088,0.1382890565038628,0.524657643694608,0.7177724483103878,0.7708172622755095,0.003977252754390981
Class_5,364,0.13685269181532855,0.7745738792671014,0.7865617121349875,0.7360110879196455,0.3017720349311295,0.7341925574004311,0.3180835873715163,0.6965708123232396
Class_5,365,0.6892544664968099,0.16595153851245814,0.1394343795313655,0.4424799290957535,0.5002083772443545,0.27148807315397483,0.9271067105335711,0.6429383892023138
Class_5,366,0.7077282947173424,0.1702246643971711,0.7105672204954162,0.20160161789485764,0.5680682309434335,0.8169273951616574,0.9053751010824764,0.5389814584883372
Class_5,367,0.9431113750042994,0.9814659308875677,0.38728107594818806,0.5482686691765527,0.6812963373000949,0.6121796277144036,0.6520740172306033,0.2055852848184786
Class_5,368,0.07892689721439095,0.6664501211875928,0.3107819243682899,0.4719163286331344,0.36664071365930395,0.03996128427824763,0.41309271972715744,0.23643386601433547
Class_5,369,0.30353010677249614,0.21189991446552403,0.4879263254195102,0.4904586971199012,0.1645079117828797,0.6407230697483557,0.20207737075723675,0.172705882975433
Class_5,370,0.43210284387649933,0.5661173914851922,0.40219005502356264,0.4391544460317127,0.5082777868638119,0.13867869567936597,0.9437148211829948,0.798924476947439
Class_5,371,0.7249965299248711,0.4654463358218931,0.6457202669003133,0.7824468359662228,0.2976510675475077,0.14137517486713802,0.20965055789847142,0.37300376759441656
Class_5,372,0.08805433722867628,0.0790386418848339,0.8195487572228932,0.16587302374749013,0.9268532978359,0.14701228238164477,0.5265267530691327,0.3404742906773852
Class_5,373,0.3405503919619073,0.7673382158662311,0.18986601302247075,0.38619077646624955,0.23221776284992945,0.034982431127308145,0.4118747557828383,0.4992132677502573
Class_5,374,0.22502945142173614,0.664544813912309,0.22383256541497376,0.26080249629097874,0.7787715977210911,0.9005388903286271,0.7108001626556678,0.35239001141795523
Class_5,375,0.2923617386921168,0.4624451657701092,0.5360734009851056,0.5316947210966332,0.5905781692344566,0.7529581777186979,0.1275631403983023,0.09718898502856133
Class_5,376,0.5821708484828475,0.5032888959802132,0.5559947986003438,0.3134480346856523,0.39641888821698457,0.10511356282020834,0.9640186947401271,0.17166675288619404
Class_5,377,0.17545340451418479,0.10776284563070715,0.34162796537889106,0.04506652713243953,0.9040463702785058,0.2387901997423727,0.151836768135293,0.07554954820975268
Class_5,378,0.16490589433915837,0.3785291084990572,0.7862510596175414,0.26649598954584885,0.20768746010352757,0.9937517587900007,0.13654965640331496,0.9452417864487759
Class_5,379,0.38479966754932204,0.7231453718550896,0.820312060226276,0.2708406717670083,0.9790593173472008,0.5994557320395596,0.19777933878143972,0.6279266234846561
Class_5,380,0.9178691042812861,0.1178133226511654,0.012488931379280643,0.5994637564667223,0.17166203977065153,0.7045960870699904,0.11007607237086425,0.9059657217497359
Class_5,381,0.15489246432854253,0.1050284185168513,0.5728087591695695,0.8011559474993081,0.6789766873108055,0.916229713359555,0.02851853381974001,0.35005637219281405
Class_5,382,0.7912595602697627,0.24952983566167442,0.164720406780393,0.374616174858317,0.4369026583018344,0.661321898145725,0.15215219922446832,0.1226719515757102
Class_5,383,0.8222167418975562,0.8522623905402766,0.11448735405202903,0.490006581936304,0.2694123836104664,0.5238000944759471,0.8769894343432026,0.7981727853765654
Class_5,384,0.3298326599935475,0.27555798306045,0.5746943838082383,0.09696412195275372,0.9059657677909358,0.7103777024177477,0.16143495938447827,0.03823449743133811
Class_5,385,0.12668054630381886,0.8924291627460088,0.1483474866722343,0.8392482813225773,0.7321542548668971,0.7222929073792352,0.4856082885805728,0.5048648931692528
Class_5,386,0.04457310983850171,0.07722358882887892,0.23747810066388164,0.894820358421216,0.6810381918505329,0.18127877816282478,0.6936069503504045,0.3677626371324437
Class_5,387,0.07778061061450015,0.35869694721392675,0.5295546276601785,0.01406483415577997,0.5888403582633295,0.39583131858788756,0.15807225808821257,0.7283143503959788
Class_5,388,0.2731911183760236,0.34853718720820626,0.5072262943948725,0.30720800162752426,0.10460692912417968,0.5791615015796162,0.5210022529131543,0.17397305362964466
Class_5,389,0.7531612709357588,0.7695352016749318,0.43321879157525833,0.9645388874575721,0.3384913753733235,0.07380307282410059,0.0975682336702185,0.848330193802573
Class_5,390,0.837744899631942,0.49549732065789287,0.2803337186811018,0.4313093866344523,0.32036425581587746,0.3134649454950379,0.1918555854799744,0.8763133605846668
Class_5,391,0.15737562031668617,0.36525766130375115,0.9932677881212083,0.39779481226405455,0.6662250769038954,0.24040783564195478,0.21002132859109146,0.1786659029202461
Class_5,392,0.6098661118383328,0.32592570374669927,0.9891910366096678,0.9396460076561699,0.12809315175063096,0.8115722602738756,0.13842748308345476,0.37071822079665506
Class_5,393,0.061340287607977495,0.805798352235736,0.2924831108022956,0.4285001626631728,0.9531022313285016,0.030747480748811618,0.6309573411730707,0.08368320835593723
Class_5,394,0.5933210453476756,0.7693440609852771,0.2879335125502328,0.5159619895913929,0.9477549604357376,0.9882724901606114,0.9356457490548925,0.4522177216567369
Class_5,395,0.26057250940116394,0.02339389578071449,0.10766545321219989,0.4165453302095392,0.15380054225683615,0.15727747865736597,0.8465423446647997,0.16558960826290692
Class_5,396,0.5301747290012283,0.264904815165241,0.5026166227074559,0.21462627762566966,0.13869981885319282,0.3458779447736009,0.260103122439552,0.0353719118923842
Class_5,397,0.45331779588519017,0.03260636947099915,0.9457674242872793,0.8273238863452542,0.9200348165367015,0.0015510469757590295,0.23296381856063464,0.12641677361642267
Class_5,398,0.48395639852750205,0.8070764224152822,0.35252095634714486,0.6451947802526934,0.8267538210085786,0.7987592910841276,0.4481474888835172,0.77818025682234
Class_5,399,0.5467510163916056,0.7496690011915648,0.23358621453647221,0.4856852018292156,0.5593159114414917,0.24868182067253597,0.6462288016232649,0.8599457977949799
Class_5,400,0.707401276388908,0.679009281852905,0.2527597031151375,0.38661367081512643,0.0024448928433279393,0.5610757372830073,0.6344005649168217,0.2323465606413334
Class_5,401,0.577321668110214,0.07537879809895642,0.7727892057360246,0.668425194468133,0.42236731063308763,0.4047682859797629,0.8224952475671609,0.7493661054623088
Class_5,402,0.17313223130079525,0.8832497492264533,0.5726361012087242,0.7000707047589914,0.58597604549775,0.34683514230432044,0.6794770098967132,0.4933232503398044
Class_5,403,0.08489751731639972,0.5032423126767963,0.8618133352884844,0.4368510119794069,0.015525514026967224,0.6427370785838843,0.4661671219802308,0.8461515903051529
Class_5,404,0.9457437072520917,0.21532402819883756,0.4565011753305942,0.131995703149676,0.6675277561361399,0.5245049265745048,0.2072060608276748,0.012299408784179011
Class_5,405,0.0426479282786526,0.5704614646267007,0.5753249791076545,0.06084855580068771,0.20958812117795345,0.9948651197917003,0.13124433837431027,0.09714109338051091
Class_5,406,0.5689780435242687,0.8499130932731105,0.3870477847122523,0.5660923208785513,0.374487367629014,0.38971501994311186,0.3846654975026532,0.09223951780151174
Class_5,407,0.7267318826846778,0.45741800762107765,0.2298641228787427,0.45497767438480796,0.5523196244245224,0.22895510300032118,0.16601887856912334,0.5359454953046168
Class_5,408,0.500986684852466,0.5197312425303274,0.27351936313751357,0.4230878933851673,0.08029828196999278,0.09278169904080658,0.7383295503814731,0.03236029342963431
Class_5,409,0.9510732787784586,0.7359906935291982,0.8410644228635124,0.12701892198522158,0.8422804508351406,0.2912086157745417,0.8704691722867041,0.03051145872107841
Class_5,410,0.4761163972255489,0.677283231237097,0.9333143836436136,0.1372813518497218,0.6334634435169342,0.0345949706977724,0.530242740919594,0.6493067688090323
Class_5,411,0.21020114340832707,0.5833577480539409,0.5741029131964368,0.13732396337675867,0.7565362366725011,0.9068382515647206,0.5910723110553269,0.9030263169163933
Class_5,412,0.328448659821587,0.018509711148817054,0.8746557969603873,0.5187401282851545,0.27111031986156375,0.3547341458205807,0.5711163444824138,0.30614009032388356
Class_5,413,0.6128121136707086,0.021562543527630207,0.62607961332959,0.15613191505252855,0.6794834431305474,0.4370767321793453,0.18379641998641993,0.3365425013568538
Class_5,414,0.05876863359683471,0.009663151028395767,0.015720657949692463,0.7885586922625665,0.10134786029787779,0.9375135377141861,0.9524888132389614,0.7675851292365653
Class_5,415,0.2740098180522801,0.8603429736521889,0.3687704474651503,0.574181840627099,0.7054706612057872,0.9893024516352266,0.25045066061910604,0.7330546257056727
Class_5,416,0.7441947853799906,0.4549398963059178,0.6428656522060912,0.7419845958197385,0.8449538139965985,0.6911479017089178,0.9956000722760429,0.395440125958888
Class_5,417,0.6168485511947288,0.8484561389855996,0.7751781307076223,0.22357886961845608,0.6007040452149359,0.8594466444024147,0.8871768959744781,0.07172329066467775
Class_5,418,0.7129307745339578,0.0484031426430499,0.533939357473728,0.8311045869310034,0.6628907150832406,0.576619958154742,0.7765395748057979,0.9533790174705108
Class_5,419,0.9437403844768043,0.05451207621523946,0.3966868763752279,0.07068461701508899,0.8423264264737883,0.899752618925925,0.6706109169179645,0.26807603571955585
Class_5,420,0.37320395049735344,0.41117013123502566,0.7843711857308661,0.7864553191791871,0.7455483076023278,0.4185162843627084,0.25979255303641713,0.7354655782503072
Class_5,421,0.6334813415180741,0.07032481329714846,0.3331980236231701,0.9861541527600991,0.502404911791614,0.30051482689666653,0.9941929461855384,0.6930256428419312
Class_5,422,0.28624847293395494,0.48092904060174135,0.7716180821081142,0.4272911620764135,0.1768640631190549,0.1905776612407427,0.2979143475845153,0.8255508045656005
Class_5,423,0.4362492033168114,0.26678625289528557,0.5207997059786125,0.6301060008858698,0.02532735074920245,0.45495559981759826,0.10446082329178963,0.4652449521119465
Class_5,424,0.8021228200913083,0.7184502992380459,0.6911130197096389,0.39584760721819545,0.826619514576985,0.5826211789666109,0.3042148036004213,0.07147849965862052
Class_5,425,0.9411779210649571,0.9336819910874711,0.16534153397674722,0.6293935467917473,0.9378953020184897,0.148347472850463,0.6782372951552723,0.1757764481587798
Class_5,426,0.5812906828946949,0.3633390411716031,0.7731934614939888,0.9349452382729417,0.4729143963765422,0.899589713770409,0.12666766947580055,0.18293265491406818
Class_5,427,0.3214067056960991,0.7407376894282665,0.5814114821907572,0.6012684119548305,0.326937496212384,0.8354252643559321,0.1328681905464617,0.08679882790388771
Class_5,428,0.05443509610067765,0.6129416042859153,0.2403209614766071,0.39447578416020546,0.46037036369647766,0.9726540021769866,0.7215301324195252,0.17720912474276074
Class_5,429,0.6903409780574129,0.9981735539225768,9.335150046736462E-4,0.49124415018481693,0.8799036778310992,0.5067554648904536,0.13265347405724204,0.017421981542702136
Class_5,430,0.7312417609463788,0.8337966807256293,0.14758611195560656,0.675111854883857,0.29492624924540434,0.8595406845024736,0.39924883725177085,0.9736902012378061
Class_5,431,0.678883265198017,0.7424417368853723,0.9308369222175078,0.956155419448047,0.2856118065077732,0.8108556174156311,0.7080311949665153,0.49155198023579594
Class_5,432,0.8623198961005819,0.7296618305158777,0.8430025020961031,0.2120258712224855,0.14069623520617325,0.837718836727698,0.27614932503397893,0.12397707448586825
Class_5,433,0.34334945170893005,0.6885422374235785,0.34252963185984153,0.7153677230627217,0.476712001712037,0.1134329668135362,0.7557483196692668,0.882707797467844
Class_5,434,0.3466018169519085,0.2849244721322073,0.029031706532193224,0.6731542062164758,0.08643557299949867,0.03900697405548281,0.7742865164562827,0.6372494012515473
Class_5,435,0.9925650168965876,0.6768949393616592,0.7354024125687719,0.508550017262104,0.219727437995891,0.9102073004503611,0.35712434779600033,0.30774992701572623
Class_5,436,0.7221681439708124,0.5437279715428412,0.46037339922605947,0.24188917728303816,0.7974835328331813,0.10494228436533393,0.5579346740201229,0.37435622706188965
Class_5,437,0.5632432723149378,0.8933533647802375,0.9410883878634337,0.39773131680093743,0.8455834187201264,0.04059445763694636,0.7096572917793613,0.6584932251981823
Class_5,438,0.29730638122477626,0.155628848974533,0.5981543835457562,0.009938961968706805,0.16304496161948345,0.35439566855767857,0.7458984434736078,0.12240629162641259
Class_5,439,0.4363165171587624,0.9893688540039206,0.3241156274943108,0.010496530587670305,0.9018217396810521,0.004373665507169777,0.589829330463627,0.13294371096579916
Class_5,440,0.8896713124732973,0.6659086368621203,0.9957317004214281,0.600001852509267,0.32837002942508986,0.12204820009603679,0.9896380874328207,0.8853508775136176
Class_5,441,0.06267883650337214,0.29996587143004105,0.8279603221997851,0.08173981765244298,0.4013167339617867,0.09379008065047179,0.1803632791809744,0.8553647618651509
Class_5,442,0.616745191944795,0.8162644296292815,0.5204914960443113,0.038020452285228656,0.9974574580690345,0.4502298867499055,0.5317584968270519,0.12449663957064394
Class_5,443,0.022190197709188286,0.815109244539879,0.5439964835466821,0.4706113437327615,0.36098973755421393,0.20392273490558832,0.03480599175513377,0.028615827966499197
Class_5,444,0.7955921394918081,0.4786012202188261,0.4390032924208144,0.10990481504053529,0.675633906081415,0.0771373095429051,0.4594659667471811,0.22343252748895337
Class_5,445,0.5702903948566528,0.9608961362589749,0.21573634804791209,0.13001774183616666,0.9531123410967346,0.9622743959282052,0.6007407913641547,0.6184079129553747
Class_5,446,0.29248206476580496,0.1157708767280835,0.8950286450180669,0.8671510186358599,0.05465912314336685,0.3696060439665225,0.4230369150653641,0.7300106007866428
Class_5,447,0.8058153408478627,0.7870793090401681,0.29397508992572097,0.22674295033891345,0.8322705990558984,0.0652316337298744,0.46785353462149304,0.8556079283313646
Class_5,448,0.8447720879395879,0.9586994501438775,0.8921626611955671,0.6297767203566176,0.6284179056368874,0.28454529020597885,0.30817170683142237,0.4174203583543338
Class_5,449,0.12335031392410589,0.9236364985357725,0.9325368575982931,0.4550478632296524,0.8195359735947322,0.46824939233929685,0.6893167456326286,0.09094263997269458
Class_5,450,0.6430463661585436,0.03539369476615539,0.8219071082738892,0.20410906845876364,0.857945416244262,0.7241064507745792,0.0194619074513096,0.7087949793479194
Class_5,451,0.9735819983446272,0.8889840624187881,0.15242608155557535,0.2752097635734668,0.9040786690184551,0.8454005725635974,0.6884575463325852,0.4309724763630345
Class_5,452,0.1986261386110313,0.17541933139608468,0.1359603693778545,0.15848256258640558,0.4142840366638342,0.4680353108596411,0.264333957032859,0.9050705554925463
Class_5,453,0.3536284719042053,0.6241540764012766,0.43811161731342574,0.3262270414870213,0.5092183614623834,0.7124973549647474,0.4045099594394528,0.5127223214254992
Class_5,454,0.5709883088410105,0.5508254873662588,0.49631621380638846,0.8437503535244864,0.7408995896407418,0.7429589606209775,0.21513357787992382,0.1519941147881405
Class_5,455,0.17236789440257927,0.7496029650228261,0.2878232673088287,0.10981972311713217,0.7282120381271269,0.949653568662572,0.15161361573084353,0.07768915090923623
Class_5,456,0.9353201179955967,0.8740024836589512,0.711864480786135,0.5102192007919666,0.0591332110168491,0.02121401465075623,0.1919871311825182,0.46537289530906034
Class_5,457,0.2976096302271578,0.1437101767205794,0.8851600569459747,0.48750028399601575,0.09403012010300815,0.5203648927360113,0.817431650457093,0.22804208713694796
Class_5,458,0.22945978700218717,0.24308193977802572,0.8146852029566273,0.8513518533839125,0.046095893995124815,0.7579920126677013,0.14935439415742213,0.018137574134146295
Class_5,459,0.8849400554757566,0.31449607742158237,0.6476620267774897,0.8561025294231791,0.7516971143027185,0.7745035104684083,0.3682639678963531,0.38575877238590395
Class_5,460,0.9320216577797094,0.760317561781189,0.5878499302778899,0.7311279472078381,0.4408130614454986,0.9799424873960492,0.1915281876744992,0.47093600850969763
Class_5,461,0.5327347053931804,0.3593037685785351,0.13557060559539091,0.6175861213663286,0.2618231669512686,0.35475455934027,0.46589955184533216,0.7293971629961509
Class_5,462,0.5429030789806706,0.4181524226279629,0.839640762351975,0.7507322801336994,0.3682147344380756,0.263942600115063,0.5916225362215021,0.4202907730069736
Class_5,463,0.002794284278945902,0.40243876603896,0.757711416759014,0.7996622211170404,0.8057052503617246,0.8657794459758398,0.3503783096855341,0.9065064231556225
Class_5,464,0.9200608242613351,0.5867322487784599,0.35264653349345765,0.846283874966079,0.9392769643278035,0.10264713971780715,0.6778315363409793,0.14347451009631507
Class_5,465,0.1180902779409364,0.4799574321122019,0.11881615805579016,0.24390776164648165,0.17743094190396125,0.7817261208703206,0.9681383842302796,0.9687776690346435
Class_5,466,0.581999930798047,0.496442235815156,0.11179771927649396,0.838296528002908,0.8074200048855961,0.6829315580426034,0.39106806009119555,0.16394309223637116
Class_5,467,0.003079887247925406,0.25647860237203635,0.3318216256307356,0.5022839540678151,0.5440033678587599,0.682684408005746,0.7956559757101033,0.061496656969136976
Class_5,468,0.42653211312222217,0.9062296377829422,0.5402827018915236,0.9717602247791219,0.594945527437056,0.021817295619500632,0.5487617238960176,0.7502955231511171
Class_5,469,0.900978108654034,0.4542277167794362,0.42853278515761883,0.5816960923667103,0.703471964325706,0.64950404190983,0.5467101341179803,0.43138100235733634
Class_5,470,0.008854055426885332,0.21524980219067047,0.7193022420966327,0.08006605314338067,0.09826397166352518,0.3574286099096394,0.6879940433753846,0.12831483401662835
Class_5,471,0.29738870096259606,0.8332973187378384,0.2919269089581835,0.5754055667994418,0.16187724035845297,0.2873722169663828,0.28202115389916715,0.7632835888089573
Class_5,472,0.7348142686191214,0.40959422838110626,0.1252386890720516,0.3040054352801156,0.7269611909573619,0.9036102269683601,0.4527815575807782,0.8408135660192612
Class_5,473,0.24005425696806337,0.2587359304156698,0.593347020367314,0.41133219828324086,0.23660236365390852,0.3731343218822655,0.6415374701275696,0.8854690560790996
Class_5,474,0.6804501352323693,0.7509989650729075,0.24014817787715692,0.9169209652209227,0.9100484760448687,0.09778773566657961,0.5588176552933922,0.5730230209511455
Class_5,475,0.3875711822025304,0.23959980543492132,0.7285477393881972,0.8377912900773898,0.046192944263879876,0.9641020010449612,0.47352907543944456,0.11728908156225215
Class_5,476,0.5716804616394476,0.08959500137661258,0.44824956987577236,0.007559473001674033,0.03431593961624091,0.43236624569636795,0.46611078735023315,0.6895064469530107
Class_5,477,0.09123559811520798,0.13317973450762732,0.029306620628946622,0.029848522244542597,0.4002145816867243,0.10472781109530072,0.9754541289542171,0.29729196167456184
Class_5,478,0.02675296724028675,0.21267267513799037,0.1576387874368299,0.7026937648497293,0.576485471814254,0.8184408520736265,0.645589762095391,0.34755352765199243
Class_5,479,0.4373743583707046,0.42054112809406385,0.7940102919477536,0.022721048549684153,0.5082381768857429,0.11284983867544496,0.22699546127404013,0.102422723658119
Class_5,480,0.9601159766028691,0.0864436005594531,0.8337747550884123,0.5621750717913688,0.3053706748464535,0.2229697651273721,0.19789878120600568,0.08535728938176779
Class_5,481,0.7043286833265302,0.41419985655996727,0.2838086155541164,0.5166094298370012,0.10118125389458799,0.11317344366163729,0.27653680512873635,0.13144604349272038
Class_5,482,0.004380503979198425,0.0838713801090597,0.11596793989960608,0.43041854374000477,0.005664010074174941,0.41109577900289496,0.10740295925929533,0.28274477839021295
Class_5,483,0.7485798794380976,0.9327416035383621,0.5137653553099233,0.4197358334655108,0.033211737653288775,0.7593267366810572,0.5326075643190032,0.3126270174692375
Class_5,484,0.5646561715697869,0.9604082211411487,0.9423776866637869,0.7016987591588536,0.9950743662656184,0.956374852721254,0.4561316503345213,0.48771049543000533
Class_5,485,0.8863444549963595,0.7386399707659804,0.8147072322306422,0.03854353677971778,0.006094768306030063,0.39739964257586047,0.3585422091905247,0.14472873722447288
Class_5,486,0.2676049318768614,0.09814567111992167,0.4307461486439088,0.8639537928940738,0.545744759001791,0.023792139945960633,0.9233826263371597,0.7514960966212283
Class_5,487,0.416452825539008,0.3932289635667481,0.025602831940016002,0.836955884107002,0.5437064543432416,0.6766729127320126,0.4219701211177871,0.6823524815798268
Class_5,488,0.9000029268500455,0.3103145078270856,0.4647353534279569,0.6796051949508939,0.0942294860992734,0.6322468809868173,0.127503154699097,0.35460268784616145
Class_5,489,0.9017194401746955,0.03615250570712214,0.21332412012089985,0.6869016171176824,0.32155414387969683,0.4137074774307702,0.41409507758877184,0.8254983770203268
Class_5,490,0.6955062965371454,0.720729310233907,0.5983982793875586,0.18536094852794938,0.1374673438795787,0.3414270153240986,0.17558659117170505,0.5001719467524557
Class_5,491,0.1316949748144105,0.9856859163443776,0.812221852373385,0.052215227853426915,0.01925676652417818,0.42366833905686907,0.33348478480231236,0.6160367091878779
Class_5,492,0.9738728166695604,0.1107670432091532,0.10872433748661392,0.2298680149845186,0.9114402149879789,0.3375542939639301,0.851235556455921,0.1420120802230902
Class_5,493,0.6001724429058367,0.9117664432136595,0.4763714599433504,0.3853656324407321,0.8734034539260307,0.8103947491470127,0.1848413040499236,0.830742311661704
Class_5,494,0.5674235147826129,0.8795257090615529,0.15871171149811103,0.7928345797237432,0.17146978032442384,0.2963695520031363,0.44502304743076626,0.37268043907385817
Class_5,495,0.6947287915701928,0.22667032887730454,0.07953107527119585,0.48473233246133607,0.43999927335379496,0.5701198879902062,0.9376572572737925,0.09498230681152298
Class_5,496,0.2914756605139289,0.8762759535483102,0.957006563198546,0.25688880875966613,0.6159181252494124,0.8410776740239072,0.3998450089992365,0.07110274279618511
Class_5,497,0.2896831141934131,0.7309480858546477,0.6593379725057985,0.7384356774755998,0.8714261250785865,0.23183523400408257,0.13860221355808178,0.12950208323901247
Class_5,498,0.4884176836021966,0.8391769076363043,0.15641496359255158,0.9396447143136101,0.08658318533824783,0.8770416727534179,0.8651287544449452,0.4759628403130677
Class_5,499,0.3130215132711345,0.04701412919295378,0.5512172170147119,0.1637635751948936,0.4297208305709853,0.0021561691277640627,0.0938710462534319,0.14459878222947475
Class_5,500,0.6617176078009196,0.7770751731644943,0.17976432494236583,0.9844954950103479,0.6481096124548599,0.14118581707600575,0.4191034956895604,0.26542291742563284
Class_5,501,0.20508690078413527,0.9628488198192473,0.0026773858956301577,0.29937373676217005,0.4188525521637595,0.5793726011580855,0.9056354454318377,0.07399949649114645
Class_5,502,0.6322831958545602,0.14427103792563,0.620518540882845,0.49146536241411587,0.8946793379419359,0.3478501527388387,0.694432228134837,0.6686387162702832
Class_5,503,0.16329142775452188,0.12739656369668473,0.5995343385948732,0.19666260567434457,0.16204534467948162,0.4784804595522034,0.43536301587532755,0.510793871482687
Class_5,504,0.9141678854915974,0.1292704557408174,0.7757105765963306,0.021559807451710045,0.3951480676553809,0.8178616701959478,0.32495755251977365,0.2711495462555157
Class_5,505,0.16203847902502777,0.11184910851658303,0.41217696290531547,0.6285839896690486,0.7801385640096689,0.5978340833167003,0.004428333809580076,0.2887531577793101
Class_5,506,0.9917124821818986,0.3712209703840498,0.9342511751685701,0.19762767811499748,0.49831243594842123,0.24561257848480966,0.49375971068700863,0.9938084165099522
Class_5,507,0.01782087342980465,0.342126138710926,0.812930423316029,0.8459951730818636,0.06323723112269863,0.5432036982762637,0.06058007172037916,0.5163698510488157
Class_5,508,0.4610240299290932,0.26105610716514016,0.48422784324750723,0.5605733988368213,0.8494233296862479,0.6698434578085294,0.7069214734066614,0.2908538434424056
Class_5,509,0.13160389594178812,0.8731709093142062,0.9961737666560136,0.6861616987390741,0.6558253152345477,0.2941641438611303,0.3220206102395746,0.09316971126603424
Class_5,510,0.10354014358031272,0.02307278345157915,0.7037763496247155,0.5212499834679337,0.8793106009615514,0.9756280600177983,0.12322432031508745,0.8225232634209281
Class_5,511,0.9577340360394981,0.11145458771753336,0.8130415000757218,0.013835737783386426,0.5960756836306745,0.4916987690687995,0.9467926992540044,0.8466009819435333
Class_5,512,0.6197551477634676,0.6170921583711497,0.26246445411219244,0.7155603086251545,0.32109942234042244,0.6538793576570263,0.5454705975528461,0.684895371184064
Class_5,513,0.02249882099659395,0.9852456135832202,0.21482474068904744,0.5564436976664527,0.2298912635024115,0.48862347328405165,0.9046723943311159,0.15454012414884666
Class_5,514,0.1515630264455443,0.2774800106332579,0.7504754186340529,0.25386155523528164,0.9796367388095455,0.6948009577273424,0.8103717206854184,0.026191257488372588
Class_5,515,0.32597975239656485,0.4402855522173389,0.37674825540394363,0.4010985070390066,0.9414807998853052,0.33298819589186157,0.995785650119609,0.44773842382895124
Class_5,516,0.7497989947746595,0.10473420018364399,0.7534444610245927,0.8269935411434617,0.65920109569887,0.585476806708737,0.9152181385688917,0.4244354251129421
Class_5,517,0.9159990323049121,0.6196881903657953,0.08042605273102521,0.23774541016914108,0.5528596681690936,0.7491946170259399,0.3617650462908879,0.20606603722850958
Class_5,518,0.4402527974402045,0.4553055361467323,0.14943526940999996,0.8520499318344179,0.37025231203891384,0.439734129916833,0.48323834615164263,0.45419371335481795
Class_5,519,0.10889266347170101,0.4299297334457034,0.6934034084641721,0.8607325567713862,0.7080489725018759,0.5954975529990086,0.07164164507236614,0.8130091564518481
Class_5,520,0.5506330282784025,0.10866009070914573,0.9847234715136834,0.41392143749069055,0.850928526002732,0.40916036691346047,0.6161670135915911,0.2161928167111865
Class_5,521,0.3628062570683461,0.049142463283732396,0.7628160236885109,0.24707073422028059,0.9030259251073145,0.06627986734347602,0.58914183577857,0.9584865772435956
Class_5,522,0.9797481105128627,0.015790165600858885,0.81588020783822,0.6768271251080122,0.6093818569403436,0.13446542743558954,0.41071128477683594,0.3572464740216622
Class_5,523,0.8775889196816206,0.08959673661372669,0.893002853549532,0.49583647428925925,0.8943816036270643,0.38257709238446824,0.997079522234977,0.6777460552244415
Class_5,524,0.31873541645234493,0.30453946100621654,0.13184962496762076,0.3372998063454232,0.31514868252758177,0.10113485273372536,0.3520853883135808,0.9614481647942872
Class_5,525,0.1216606782418923,0.76392645979411,0.9001852590643761,0.08743277750014156,0.12852070110313074,0.8874733796163009,0.577666036640571,0.7840720338694538
Class_5,526,0.3258333158464193,0.6039528340773751,0.001638736467223012,0.09082293102879324,0.5284898453872184,0.19552971260526641,0.9474612088361345,0.16754693185609904
Class_5,527,0.2690852749300433,0.34560386445112035,0.8179871412509192,0.8672254010491018,0.205067644467818,0.3000145531481707,0.23750295545250089,0.5486061997133023
Class_5,528,0.5673971603865253,0.3877431929048165,0.5568650928266655,0.6535637273124507,0.6835510449499463,0.42838332521842837,0.6580631674070417,0.060435695130867884
Class_5,529,0.8962493625865163,0.1703208991977273,0.893156514247608,0.20452488249031398,0.6145267876219067,0.5511341477077345,0.788594466802118,0.3581949038629364
Class_5,530,0.8781817924751892,0.1768644996144867,0.20533828856827407,0.6740779508540298,0.5524459138307106,0.9412856700431882,0.8418532935461228,0.22350584938708817
Class_5,531,0.7419132152080197,0.24882031024272244,0.37952417977848973,0.26970932583737794,0.47840738324519383,0.7498322444066272,0.9208618306831354,0.5514051191245369
Class_5,532,0.17604192581584355,0.09969183719972163,0.4893103537712019,0.5837630407440332,0.37174396953571154,0.8556121440603686,0.7685638364783132,0.8281441330036209
Class_5,533,0.20996724633733233,0.4965078924994598,0.4687857454415846,0.9198330058838209,0.4428185168453437,0.7326817735188457,0.9494345377064835,0.20638540827830898
Class_5,534,0.5559613082467031,0.5176641278894286,0.4228718978377367,0.6561235588708816,0.55976817230478,0.9079554448038856,0.13262312244486585,0.609870890395147
Class_5,535,0.0021328417764195917,0.5146548007293429,0.7385382127150438,0.41231824214496493,0.4224408311974458,0.61298226911074,0.9166233187083054,0.7979149544842534
Class_5,536,0.15465528038459742,0.4822932379380793,0.6556700543009779,0.0011234091497555054,0.7826076217508557,0.8650886124465827,0.012794449529319407,0.9486814818430358
Class_5,537,0.5473454450460453,0.5565807835044547,0.8411751713974942,0.9688821977191452,0.5148947823620917,0.2489828629111437,0.15227358636603094,0.023722748799048454
Class_5,538,0.14196994369755322,0.5096616234305371,0.36878231969428843,0.03019908167847729,0.7194987553660384,0.47658179930485467,0.1337380478747595,0.2733066339082213
Class_5,539,0.06303373366585285,0.6949334067027904,0.9824136770312117,0.9949363406065981,0.07557128111616784,0.5281231390698389,0.9285950951935715,0.8440444282114363
Class_5,540,0.184120519081449,0.12002172555669088,0.8829256033421317,0.8486852308370775,0.5555082731613193,0.834298584601896,0.12597383034463805,0.4627407175571103
Class_5,541,0.2864696545652031,0.578710854195074,0.8666782227493007,0.6961611542233579,0.8953277836660878,0.45389039186671487,0.8211389216994418,0.7086097649893567
Class_5,542,0.614791020425806,0.3875993125743852,0.28456161995595963,0.714871642028666,0.20317933049841008,0.9231165696275301,0.38674663048684443,0.9690035461015527
Class_5,543,0.3754430968273874,0.47730376200387037,0.9302172834396373,0.6122840115112055,0.4090507075988872,0.8144825532017375,0.9440382892236051,0.8401395780841169
Class_5,544,0.32470339010926186,0.2395419328286772,0.2028564669244638,0.9387107187218431,0.8775174828960137,0.4024855474379705,0.0730872885312488,0.2563368386038769
Class_5,545,0.748468475968475,0.3904695023488546,0.6942146279765509,0.6623708613683311,0.3985515048299768,0.5019443741288009,0.4557681734715413,0.2844229494302699
Class_5,546,0.47302577390211553,0.8091201418817563,0.21646417839246856,0.5589870121476765,0.6635589642087646,0.11811080660646678,0.7460524985140039,0.39564612147838985
Class_5,547,0.8454438117455195,0.8353406111984956,0.19244534003321023,0.1359127259259535,0.2708206245955701,0.5838804352934913,0.9254535574452981,0.6587138116047664
Class_5,548,0.6726237297901231,0.9283828214049805,0.26595836756033797,0.6568387472963098,0.50656926177394,0.9495140990598703,0.5959736870825724,0.3988681355409549
Class_5,549,0.8981602510500267,0.8724697074572867,0.5450043792697128,0.4049943856627387,0.49016522776546645,0.9574370467197191,0.0562390873850247,0.2702258465701428
Class_5,550,0.39648314576308774,0.9967170781341801,0.1932844234047959,0.9477951706558081,0.8960802968506928,0.6229858164056988,0.9549304757577509,0.08407844330149694
Class_5,551,0.8424388124617503,0.01131663455370735,0.6357172262395345,0.22585503901059345,0.4336781002815441,0.7403070157443306,0.3316182308308562,0.6257364122676096
Class_5,552,0.28859672843074813,0.40701838141077573,0.937323638536519,0.19650678407666855,0.8215270070072909,0.4091348371712873,0.7150987900169089,0.9646873516442797
Class_5,553,0.8442041437604402,0.7409040046672412,0.42106643931112586,0.35978690147678705,0.9029292465499656,0.5824913459048484,0.7862287247200479,0.605678797961594
Class_5,554,0.5862758195784208,0.3889150721119785,0.5636505653522388,0.2612569823958262,0.15485428658684908,0.8566213308165006,0.16873713358927167,0.21926320270973454
Class_5,555,0.49287969345092597,0.6036421740855855,0.9585005538720224,0.9057976910481346,0.8554636399446658,0.37502124415018345,0.9108985811369239,0.478679197742392
Class_5,556,0.42242245495692077,0.24281328978352656,0.7915550477618573,0.08294715310068612,0.9104214363149643,0.14360941796675863,0.8441261694517648,0.16475171742594508
Class_5,557,0.307609235010482,0.4002205424062577,0.7381191970901533,0.4986361926800852,0.9779812141976427,0.6504966004775316,0.7422420579190127,0.9354733958009681
Class_5,558,0.779092707150913,0.2091633499251364,0.8627385224254347,0.45995369237585415,0.1817478077544712,0.33900535363801065,0.8866495729550317,0.5956376668825464
Class_5,559,0.6536114640263953,0.35226552652707566,0.17086709262446653,0.1991230508152203,0.3849440645117618,0.5309547487481069,0.22255601356115262,0.8278408762603331
Class_5,560,0.9141471760969231,0.6296433182194349,0.84976133684098,0.9111050356213781,0.43565903496649605,0.01778800402030445,0.008405394262667731,0.7135527044466298
Class_5,561,0.6542132259225637,0.819092289627933,0.10605700443181143,0.06834587400159164,0.6334032749655407,0.8001907624301148,0.6619704116639967,0.9150653467913501
Class_5,562,0.24048748465986713,0.11189236347976295,0.9699106806270695,0.6296840348623189,0.1253722782454525,0.7579479388727568,0.6643994395280288,0.3327283761997284
Class_5,563,0.9636674527733574,0.5678655884548132,0.3894427917811455,0.667890314655308,0.05428978259325168,0.4322771067616832,0.5107115566513425,0.7070392169311532
Class_5,564,0.6650155401796549,0.3736019157632051,0.3089089391439729,0.41811383962054205,0.7737908465735149,0.12811419319609418,0.8977544475579006,0.36141034889117807
Class_5,565,0.9197501913503956,0.125999765433375,0.7389672261484139,0.9252446412536863,0.035121777369812146,0.2708739185347011,0.027010456444381603,0.21217477401965246
Class_5,566,0.00784404077123868,0.5974161825933738,0.9916363750034384,0.4027485509225076,0.1761761235201783,0.7503687657225173,0.7978524137404035,0.8108939735670941
Class_5,567,0.284481531858222,0.5344569016135218,0.5081292892276548,0.3228047162380381,0.7875231695883429,0.053298507208857315,0.8808281385068408,0.7655815929690313
Class_5,568,0.24037799194596066,0.023056020121963727,0.20228130612822437,0.238503352018253,0.7174692136979595,0.865664556398273,0.12942154785218207,0.43334864280592267
Class_5,569,0.4953844827038494,0.8951601976314373,0.2666908836938233,0.3521269016498827,0.49922262752025803,0.34068269893824266,0.293494741879741,0.047468280871118096
Class_5,570,0.27574928573572965,0.20083808607164078,0.2581525193746269,0.792084038269505,0.92450690715978,0.8414263166398558,0.8909154010705794,0.5263231368881979
Class_5,571,0.6558672500925684,0.6300666819283607,0.9858385504788937,0.7794490859775526,0.8240401929374953,0.3354560641587274,0.21001576340156913,0.27549450563918887
Class_5,572,0.9919126941399768,0.6604152094636734,0.8995235833320062,0.9491044601499943,0.8485098673087786,0.12221380715412888,0.14886903560679488,0.03315228083392918
Class_5,573,0.7870957789420844,0.8992010675064638,0.041219206368852235,0.916881233637737,0.8901173169479367,0.9275512640162056,0.9187551346537673,0.44303208487867973
Class_5,574,0.09482431898443888,0.5548430580068502,0.05767378054928718,0.123826144755536,0.1604242735287459,0.9427645889654463,0.8511370737485763,0.2099229325231523
Class_5,575,0.6187469969885169,0.3564323313522192,0.20439583032032227,0.7245293774930943,0.4072852495684247,0.4519504909859846,0.8601598516762451,0.40631294720198907
Class_5,576,0.5679675123880953,0.23333071502329084,0.10572679625920167,0.3006536956170148,0.543515937286159,0.48444856589007523,0.6540300291220689,0.2948370041194798
Class_5,577,0.2140583525277655,0.4418901682027856,0.38375724201754247,0.88626523201724,0.7955957642775703,0.6064290517123837,0.4429608369161696,0.8286917356395942
Class_5,578,0.4896354793340071,0.30223812833408203,0.24856402753273765,0.43454080386905514,0.07720776330317414,0.17541032626343855,0.3925002564286827,0.6064902006449678
Class_5,579,0.38549615140854354,0.9462067341958863,0.5929307412225842,0.7256116436237844,0.32088464158516017,0.26667008313271,0.05681800591961206,0.15430133046047056
Class_5,580,0.31852162120191974,0.9446417430655871,0.5512327384503459,0.8543899387728426,0.4573086370154278,0.20383592966778308,0.2929465108704983,0.6936495068668044
Class_5,581,0.36916472068043704,0.2523973403904991,0.6020750893429597,0.9436362181496956,0.05765416382547606,0.7465213250471125,0.13174296502570515,0.29392815577797005
Class_5,582,0.6921267552864786,0.4913272565702358,0.6877319533470319,0.9112806380169157,0.614918637074693,0.553362454367922,0.5672869053593217,0.7685666257222351
Class_5,583,0.8749009038679936,0.7249484167190312,0.9894902366124648,0.1688048997511178,0.668021456127536,0.5373592166656433,0.7470263462648974,0.9037972784603295
Class_5,584,0.8952127792299572,0.14323808880455213,0.8773167006544323,0.5944746388140025,0.24444978228251435,0.5782857514530588,0.6552046619894103,0.9648447736504653
Class_5,585,0.02910271834033773,0.3219781997002391,0.022806014957914567,0.4760495252767202,0.8170871589384893,0.07876368723956906,0.589137742021408,0.5670857871853338
Class_5,586,0.4340856498497244,0.5256850825236006,0.49261513768552945,0.6957856909312661,0.9860378738387366,0.24067250091990655,0.19752978698686807,0.583635983250064
Class_5,587,0.07111075813382828,0.9452116587053447,0.5162706839579476,0.6410708823224704,0.8845608399475753,0.4725590909314329,0.8556016630394239,0.8454403636459208
Class_5,588,0.29707094999165895,0.36211020945913264,0.31763260417849914,0.4708555993761616,0.22542905059831542,0.13662831244266205,0.25434189868863355,0.6208720901425275
Class_5,589,0.9719016196404382,0.9946339638351978,0.7296399319658643,0.4939869529568459,0.09018541825172943,0.7664370687351978,0.30975136251120683,0.7537636701127699
Class_5,590,0.1454746827193215,0.9596191554702371,0.514468854658382,0.6485620234753044,0.26211758283664266,0.6778231119279187,0.33144764452523645,0.5238298810340769
Class_5,591,0.5145994632224694,0.3813418224125873,0.5817814307480983,0.38731798491374936,0.35241109481286914,0.9676684659035333,0.12222047266174463,0.3793681679059945
Class_5,592,0.7190443626635055,0.6352086278676432,0.6512803226110129,0.24223406400033454,0.6816287848155936,0.6780620855858106,0.2814072740446347,0.4062338494914204
Class_5,593,0.23662195815121867,0.08521481735619407,0.175900011106504,0.3260802343996163,0.037481299271571844,0.9707749532345143,0.3548689031531219,0.9727255967161182
Class_5,594,0.4650311517207969,0.4315881361323638,0.0422772008377198,0.47423601276997596,0.26854646855476116,0.8624691194521524,0.011393201149189403,0.284065995694475
Class_5,595,0.9880312267271684,0.5761194545617991,0.491415183494493,0.5671635567912335,0.1368329047738397,0.21754277106825726,0.12050230151194596,0.19103207166954495
Class_5,596,0.823099883916442,0.9913369955405277,0.5605832393992626,0.43508342366485664,0.47196799070946505,0.7861087484460768,0.3991151805420008,0.2841634972464582
Class_5,597,0.5428705333496854,0.7915994583724812,0.3487786762295315,0.5915453534296501,0.5073369444010591,0.9786099028927283,0.20930068794001178,0.2903609143586158
Class_5,598,0.6853580286702946,0.8100688922695729,0.6794556230600123,0.9464962007914389,0.9339440442716108,0.4651137937349291,0.7072265758880741,0.05755056611617626
Class_5,599,0.6210619185546878,0.26418589252555236,0.5473154173843605,0.9122251621445534,0.3098854465520319,0.4313698518095178,0.6355188693502142,0.9031058209014909
