"class","dimension 1","dimension 2","dimension 3","dimension 4","dimension 5","dimension 6","dimension 7","dimension 8"
1,0.00556899999035793,0.654245219226843,1.22590952030897,-1.00435239993005,1.18808057056888,-0.232334197462037,1.14087823064503,1.19517358806308
1,0.743882635016225,-0.393014531645885,0.670041662912513,0.235478524656456,0.328780785717945,0.202955527986072,-0.316820522246484,0.130873026892737
1,-0.897012022821624,2.12618535921798,0.659281843676462,2.66025165514054,-0.205693357316447,0.30775090695031,0.327575019957445,0.875650273951417
1,0.73232571150528,-0.946427898917202,-0.777968392065367,0.0860636661392967,0.777694321000976,0.212984790258599,-0.925230759421311,-0.478511966263439
1,0.55484448450656,2.83401037676478,0.64603204647452,0.123443282440419,1.14163126382084,-0.628188504589211,1.99896236277438,-1.10946338160763
1,0.293529997704946,-0.444111771026822,1.60321390469014,1.20208926007327,0.75781394844041,-0.362379367054684,2.41771373115287,1.79881364706346
1,1.26695485330182,0.192008810716573,-0.610456301670124,-0.78596082216126,0.648274137709743,1.52140493549999,3.02654738982562,0.592687874250993
1,-0.35245512728564,0.875705918177479,0.944420673866089,1.1243108580197,-0.205623572912565,-0.0980451043240425,0.150325240966682,0.383232935021413
1,1.31337648108893,0.828940581791777,-0.117616993128143,-0.985964107385855,0.117161187582334,0.786985529635288,1.97759918382612,-1.48893342699701
1,0.491331075743544,0.760986703004831,-0.819920736327711,0.719767954826189,0.75041954406659,0.453161753312146,-0.914032871966592,0.804138335595634
1,0.875379388999815,1.56333443646222,0.297538433238696,-0.959263060350752,2.01604523143823,0.747153659622373,1.08526506159848,0.406483567396711
1,0.303672958353028,0.505080867607611,0.661750160107057,0.421935058742196,-0.345613222479979,1.35324641820964,2.00144602501367,1.47093073371724
1,1.15858672696208,1.86705465336716,-0.194295184324421,0.639098772265464,-0.207858144043297,-0.617340592019899,0.664282001487977,1.70959996592751
1,0.485165921012991,1.55635465447627,-0.691215158263966,0.405758911609005,0.404460922039733,1.35992664750608,-0.339357656056065,-1.31366706201803
1,0.250300631771489,0.310888855618263,-0.980636649320346,-0.81340957926527,1.2459539771889,0.251338090067562,1.25625876539164,0.745362016554993
1,1.72419094677509,1.3536128372909,-0.319465227089404,0.259719888075895,0.668196004268755,-1.0305195449276,0.72523858765592,1.38103758973759
1,1.13180743895621,1.35796182347455,0.838036264605614,-1.2072002268835,-0.939585243385287,-0.168246823932897,-0.997289782404206,0.871844876895444
1,-0.219792234790717,1.52214700882312,1.8197062562537,0.602474653195563,0.360691190114045,1.31105949976989,0.545120266304474,-0.781681988443217
1,-0.533957423038073,0.804873707454667,0.366400569905409,1.04331006672327,-0.210300225347917,-0.316257310964918,2.2301809137989,1.24699349893229
1,-0.037243955055369,-0.625776289030906,0.578469076043316,1.03711981272794,0.920957653505168,0.0678726487892499,-0.667258302197073,1.56225388079809
1,0.59586173542489,0.436881958630022,1.28335619586156,0.837688882805488,-0.679701619000619,-0.2691800399266,0.262273456383225,0.0474388733665081
1,0.396526101133489,1.03387715263403,0.651506983826436,1.63944569359923,-1.30745636677669,2.35149411842916,-0.300563069210047,-0.117456125061614
1,-0.350421962662371,0.41052658955717,-0.597380067074526,0.817958158680155,1.55169592881508,0.530747279494053,-0.665259666986521,-0.795438059499785
1,0.58900592080761,0.357186404430518,1.16319692241537,0.77004704993874,0.19114606456617,0.223223771907612,2.81459028512518,-0.492310750369897
1,-0.146958710548399,-0.724982370106189,1.74753201502173,0.962133913479629,1.38748512405795,-0.102064505360485,-0.343030807623772,0.36346428929503
1,-0.295060201849735,-0.567243194660848,0.925425454584635,2.24459535465172,0.481818742900242,0.416455561671523,0.125981806142036,1.55419697087066
1,1.44696652963162,2.32074376906841,1.43520298439556,0.328111215115272,1.28052431537132,0.285659314051548,0.260649762797394,-0.49567320244213
1,-0.519004495519034,0.660662856928262,-1.23205883085484,-0.481649064441059,1.0761010012398,0.808467770918021,0.795389323288765,1.24770757224322
1,0.744309947687761,0.462776293243964,1.22531831506671,1.47233373963441,0.213047620901401,1.83872129398652,0.214129433440664,0.527466178673059
1,2.55123500915327,-0.55330076993883,2.01724794349096,1.59112975195938,1.44671725656337,1.21205619885696,0.398265474405408,0.998791700169152
1,1.11627010774064,0.494698369778096,1.25793909197701,0.973401662482437,1.25637918247756,0.408396120582253,1.71491056530936,0.467510499739553
1,-0.211902421203634,-0.184769534905236,0.57711024230099,2.799290580673,0.132835643064484,-0.160894474022694,0.0506928644930897,-0.620461368172222
1,0.817033087612301,1.01296194156926,-0.00783043227327229,2.61878907060186,-0.905944455796757,-0.436587202889669,-0.234061601139841,0.157604965351203
1,1.16750390960694,-0.0468297082321156,-0.482810070876687,0.329929802223064,-1.01402131416077,-0.0675512176343237,1.97734112941037,0.594077965017447
1,-1.20981506223924,1.49274286938439,0.96461345532772,0.252695413760898,0.0338348953556342,0.446148537512127,-0.268161499499037,-0.402848138005543
1,0.68422574170622,-0.645376930520754,1.28523443864352,0.0677567166035654,0.348284267316048,0.151067435771334,1.4895089232134,1.00536673304208
1,-0.145956868097888,1.79615673481623,0.517598221392866,0.918678962323155,0.0364448869395646,-1.54222510539679,0.167765175798045,-0.508587679601918
1,0.954539380921038,0.466957312471452,1.04027916812526,-0.344314168985846,0.386051914852298,-0.275119838207515,1.90229710632037,1.21269553338423
1,1.26879336826138,-0.435650257333972,0.158432566540864,2.76910867464909,1.42773222527362,-0.0974840250195039,-0.257961103735027,-0.415977225324212
1,1.57042286202456,1.32049647468712,0.160247253213136,-0.0995397843622593,0.280891434287936,-0.358854020512495,0.998059022094439,1.22799741915058
1,-0.0527658369203798,-0.013337642185384,-0.151683103531741,0.996134636881871,2.94640152911553,-0.414930382852141,-0.163734639218823,-0.580829146590115
1,-1.37810590909583,-0.052637109615484,1.42114935176444,-0.103739256251085,0.581306095806149,1.10395652418304,2.41427110673974,-0.347454100892995
1,0.691158454147757,-1.07779540300718,-0.772012532899795,0.331027066903246,1.43666308495326,0.64873080553661,1.17407502397947,-0.792818414474638
1,-0.317672624429,1.46267928646894,-0.418101334181917,1.07036594912878,0.246217711214675,1.24689581576326,1.02849525753224,1.37987699787047
1,0.702287594194387,0.2159818785885,0.171451635000522,0.38493001237515,0.873832585753664,-0.296428368813227,1.79788673633961,0.00425220506510765
1,1.72574075006196,1.17649321720861,-0.876891971954042,0.177164530040393,0.392724278813946,0.953598536617632,0.171315520133658,-0.132446481744945
1,1.7007657761795,0.447608289950494,0.810679611769004,0.890469240547146,1.81190193937591,1.25352417974745,-0.0939659877608612,0.495552829696703
1,2.27026790085777,-0.373332000835826,1.8705948061749,0.063697354294571,0.434370248548239,-0.620486064011816,0.557975737102876,0.637297727717081
1,1.39854729744588,0.13384026327184,1.62696058860614,-0.795835368254742,0.898967841525143,0.091412978568826,3.04048858594345,0.146905247066091
1,-0.101015656735298,1.45660266972413,0.232327547571492,0.809908431699201,0.662179909315266,-0.23539800011453,0.846902864733253,1.67349480874633
1,0.0967878179037566,0.579359895609521,1.3070194824102,2.05937912835591,0.748879377104113,1.84753198838726,0.805655697203704,1.23497149817214
1,-0.574401520949247,0.315016881318918,0.637906720324549,1.17171006170769,0.958008883120059,2.18782262139078,-0.579769883284009,0.464648887726463
1,-0.507859454097592,-0.816766444308173,0.668320559380175,1.84128744897424,0.949803207349129,0.263933534509973,-0.144875369677887,0.0316180150754553
1,0.856671196723767,0.601133691003765,-0.321947952462704,2.07469104866313,2.34921636112482,0.275517201792251,1.15257280764999,0.231968003037835
1,-0.418837373155675,-0.608091656647747,-0.160526271419656,0.148661710256106,-0.349520459428449,-0.155669096559267,1.23219814934583,0.237855747598233
1,-1.38851419755491,1.84650269483294,-1.28288700483873,0.525353850673625,1.62172956570267,0.165494557594956,0.519864376635191,-0.481144635862768
1,-2.46337405937296,-0.429766443917596,1.63384546006494,2.16135643211313,0.151240619142486,1.95310469808434,-0.249761394941002,1.57211361888288
1,-0.12515222512108,-1.07941824296375,0.935821125118888,-0.103932651226676,1.23742253078085,-0.35698020063152,-1.65144967353639,1.66500266794602
1,1.18093856848827,0.328166174533508,-0.994235604523051,-0.442273616713233,-0.561458538160095,-0.509022428554335,1.11505392136318,1.75672398653528
1,1.32194102482173,0.52369076036796,-0.106790219147845,-0.582245464948567,0.957934759229023,0.410477067969814,1.26348398723217,1.0392097742946
1,0.706752780454948,0.382155559833581,-0.554726296628299,1.28867763832587,1.50606687843801,0.57587116333947,1.34641148903454,-0.164562173620419
1,-0.247057176514682,1.45428577797698,1.79225471277775,1.55224982765569,0.95443834871164,1.61408792261749,1.42329709208783,-0.106247655199884
1,0.977939635001789,-0.227648633252885,-0.910201340629323,0.468296198629255,-0.536241635644869,-0.638974703354294,-0.939443116911248,0.749905948735889
1,1.33723685483882,-0.0704806729773882,0.134651412804178,0.765241773800983,1.18384781192349,-0.607955810979657,1.0414869832997,1.21908429054302
1,1.53387689463142,0.556416054268348,0.209090740564563,0.33854979363558,0.143753007417034,1.51023133686353,1.37001958853357,0.335418789223554
1,0.215386676479395,0.617991381940701,-0.260520722432457,1.00779258965694,-0.861227404415015,0.823292550422781,1.82472092858816,-2.4343229504942
1,0.633339292096484,-0.441337528691828,-0.643690296838112,0.333058611341527,1.13108892562281,0.753288041873649,1.19084066649462,-0.25534635457246
1,0.838206927208303,-0.645599693216899,-0.565934233575124,0.350571196621689,-0.274728676009296,-0.0852684175999711,-0.236683243528018,1.67439295661895
1,1.89865805483177,1.03702031923294,-0.365017123382221,-0.946500970504883,1.61828176553602,-0.125919378307999,-0.0530534852004573,-0.520349603365938
1,0.741669969377133,0.571247526255126,3.6081217714489,3.43955476638832,-0.0663263532701914,0.486910100992027,0.543256248742013,-0.881265005100114
1,1.08388201486229,-0.428031783760993,2.07477400524129,-1.14428200153313,0.183230204415827,1.10291825702091,2.11710162856893,-0.206795034899561
1,-0.0313617953501981,0.690807555050109,1.12377767709497,2.6742594081219,0.926049184180842,0.969370478258996,-1.16184781477853,0.0978664282596988
1,0.133998890751147,0.054534262558148,0.75859545239955,0.194703281599528,0.238027177307788,-0.710748219579231,2.09184695917954,1.45861347954639
1,0.226378163873624,1.55740190780527,0.431162555450047,1.81999031179986,-0.349422363611147,1.58425463198299,2.01771823886399,1.9272661150995
1,-0.682207439158476,0.344849294342596,1.09227287410844,-0.0464678043202044,0.816261916122386,-0.93845016374708,2.16744154513339,1.6949579694062
1,-2.48329358329009,1.0379667993042,0.850938163237677,0.127700336825844,-1.19081632356301,1.68742040658309,-0.544664156028554,-0.533910863140089
1,1.32095625045516,0.371721901181281,0.394821130967431,0.781021508935719,2.05899482534221,0.311967878636409,-0.238370792229858,1.67123059281297
1,0.468214644741428,0.0227936200551136,0.909628253941436,0.540713352643368,1.4293128910408,-1.35504521004347,-0.556546118436407,2.2292196374954
1,-1.82429371278725,1.5219625854221,0.8058871517624,-0.529556972351852,0.757049325624896,1.30234675888539,0.935318485245396,0.41779395067274
1,-0.567872674170487,1.01394283921542,0.573556810462933,1.2223142060268,-0.706976571792139,1.03798280378454,2.02722817065175,0.907456522150051
1,-0.678804831961073,2.74762503499781,1.86683231823679,0.808841913002843,0.658361357851669,0.458655517727458,-0.174247834268812,-0.215053068087786
1,0.0500034514174817,2.0893867423213,0.299264571725566,2.50170807531802,1.02784601530822,-0.261406306834746,-0.822135606339895,-0.4897762272205
1,-0.0337662341665806,0.288655058706998,-0.0467168682626177,-0.106315538845815,0.181789404381602,2.09766846347805,0.949591299228491,0.538720727822642
1,0.0443932524221364,-0.539194556655155,0.266278879752549,-0.291854684371348,1.37929739511286,1.71823300695175,0.317231184493371,1.82425550153216
1,0.637716087707025,-0.712195072750984,1.33490037222018,0.597993015711026,1.29549588861404,0.48209089585397,-0.222233913710876,-1.86197005466499
1,1.02063701272368,0.162072326409261,1.37448715820464,-1.63064540722453,-0.741160866161499,0.723179757288594,-0.65303176088217,0.198425426409237
1,1.25650606339643,-1.13187894367526,2.71490607947404,-1.15801643423574,1.26009314178065,0.412946700651702,0.215887475033902,1.77311138668629
1,0.106381764077937,1.20704315403811,0.30673338126129,0.76281530825642,0.17570022851569,1.83369249948276,0.843299128827639,0.679570251437831
1,-0.0829210426651271,1.03214573160159,0.889845081601904,0.139391495565318,1.75165410953589,0.12156135922336,0.444398284352796,-0.580490190335672
1,-0.991952794122136,-0.374284336634983,0.0154791086761722,1.17138690179636,-0.386874026518899,0.337394341966445,-0.597335135035187,-0.965895232622435
1,2.66036539146516,2.01235680179174,-0.938573845605426,2.07639757292961,-0.154384202574842,1.36338437811497,1.84118803458696,1.30969431244745
1,0.594792163941189,-1.54749817709316,0.466551857115498,-0.0239496010940651,0.0798098844575911,0.991645222519004,0.61743363362274,1.68290191677074
1,2.52868448508469,0.470367071120828,0.127881453911421,0.233447812969535,0.193979367881479,1.53474505834029,0.720710759643485,1.791095182707
1,-1.36549621819617,0.137222684921441,2.42634999909439,1.24073519291041,1.05573013275863,1.27557760349417,1.24468570883268,1.08241209969191
1,0.473557319954288,0.566169285149976,4.79530716538938,-0.177166769864609,1.64089650665263,0.015543132141261,-0.566655893821503,2.20584366936961
1,1.18710824277831,-0.245639744738777,-0.0915984507276922,-0.627173083640851,-0.385845631005966,1.6845417877861,0.304234076029453,0.0951970078369767
1,2.74636501001847,1.05375193161182,-0.800240916777804,-1.81775254412754,1.08685926337972,0.707345636503532,-0.146077372031847,2.17088083503754
1,0.829718219875231,-0.916713646493481,0.354880748316084,1.32149661880886,0.473885084817359,2.43146381792373,0.448265183398607,0.352101084262647
1,0.487351990497091,0.869715880436853,-0.729902407982512,-0.785525141645691,0.195588864512041,-0.299614916759738,-0.582885476383498,0.827530569058865
1,0.140988418284068,-1.25505321278616,0.304537799109501,1.27371896933052,-0.0221992708268925,0.489831786959489,0.637065663143405,0.246554542503272
1,-0.839425458623285,1.02475474606303,0.514236096395307,0.288955111286545,-1.57450900985018,1.98841965295016,0.635213318439259,0.470839420159078
1,0.639842290042583,0.501842238807144,1.36856416663858,-0.574983508456002,3.02380025246347,0.0795688344145062,0.599409363920469,0.223694526175003
1,0.978178281572751,0.883052515979772,-0.869817314095856,0.418720951073955,1.55107989502209,0.735417924562396,0.301542002272974,0.947874974348407
1,0.526789475802288,-0.286280784059343,0.20348468221695,0.372381787073375,-0.398248361142978,0.897683101803649,0.94132019681904,-0.453133041865543
1,0.164625481454102,0.896450071521462,0.750711137838319,0.0711159994439396,0.192849486657675,0.814245417971771,1.91697636572397,0.857202485843076
1,0.907742920554752,1.96632184460611,0.169646012019565,-0.107374119864707,-0.973237420047415,-0.284091127332912,1.63070321571129,0.227196753677612
1,-0.0419137368813114,-0.185774103903317,1.82553841710309,1.06828652038016,0.005193038183888,-0.236364972905916,-0.68433395990146,2.47541047693337
1,-0.242389530312834,-0.41830825466676,0.955523666568417,1.08440822666482,0.658023310347033,0.134861988533568,0.668935612270874,0.36336399275963
1,0.112245211288652,-0.458304784208351,-0.268974415317957,0.599030073882163,0.500536858562859,0.10173555514301,2.34842868503143,2.20179421000865
1,0.797322975384099,-0.598606082274274,1.13137056535965,2.42417080919285,-2.95931567590454,1.46281895004149,0.597579155679763,0.0803847060371019
1,0.370481485195422,1.40767277704876,0.374187957748759,-0.102841532059637,-0.663331362398575,-0.252549025717126,0.569990288694403,0.60842106751133
1,1.39807994531837,1.50199461256009,-0.773307272481199,0.103903551391698,-0.100765292149376,2.22372351009733,0.960516542673904,2.92184997032876
1,0.90207135337011,0.27788076041934,2.48508105271883,0.730219778348065,-0.753448800803028,0.688224461051878,-1.13871702851122,1.54297855524907
1,2.24794925994377,-0.853244792442877,1.48486150581617,2.14623105426808,1.3635236853941,-0.926325177913382,1.27341246523387,-1.0058216899532
1,0.211915725241722,1.52832035323111,0.546543909190479,1.65541170530231,0.470676926549459,2.17747474245046,-0.238113750661029,0.253977591628947
1,1.51858480583262,0.509899998088513,0.660938020522894,-0.69422263651779,-0.461381020825223,0.806794824402316,-0.0641343020084244,0.967460867647712
1,1.3220806042793,-0.23893650648298,0.671650936908295,1.70644031508097,1.48476167149679,0.612504537377754,-0.28280499884686,-0.115575704393091
1,0.593923232606855,0.705395687561408,-0.33118568375049,0.749807928632342,0.412356660634929,-0.892943681745503,0.838435543170749,1.9406106800462
1,2.03113375458288,1.18685592973866,0.470452784835368,0.33009812404611,1.03279878461337,1.2725278305993,1.27189855711345,1.97677370013053
1,1.71132571274473,-0.510024660725162,0.957740131188362,-0.859753887141584,-0.924508362184849,0.921618230022563,1.14705232568003,1.50499489653841
1,1.83854068423808,-0.991180002442953,2.00385606084461,2.12271932992692,0.303311330528049,1.64296871279515,-0.237426295198665,-1.27731808230357
1,1.04754445785428,1.32693154354229,2.02020900747025,0.876631069483267,-0.77112848897522,1.53213581562812,0.495474182573208,0.695548145380682
1,0.604021938156269,1.61499662232933,0.589711063318304,0.872004992339274,-0.210957264937647,1.12685676249742,0.835180300865304,0.542052356212972
1,2.06866344634047,1.30242950959574,0.0882119153330369,1.12117609387236,0.302003405423423,0.38371304674015,1.12219742311041,-0.367248231347409
1,-1.11069852477085,-0.58458636029994,0.469363917454427,0.544396181039429,0.0131833645836137,1.11129159461156,2.20533944242457,-0.414943460862421
1,0.766683046030846,0.811709233472289,0.619982409301531,0.452671071850491,1.41257948472396,-0.250417480811524,0.353997128415084,-1.06955248970175
1,-0.735674360775946,0.564052663076752,0.838965996513611,0.799238110198888,2.09818435172025,0.29903747478577,0.96161195695253,0.0415103337671924
1,0.787983186470013,0.922527734474093,0.902622153373368,0.515704296256619,0.200269803143588,1.45624011827157,1.42281979402002,-0.274074843444901
1,-0.0931650154694302,-0.400901353194618,0.251226175212928,-0.0638175294380599,1.50399916525468,-0.245437256199925,0.935628539287543,0.214663590923025
1,1.44364993471913,1.96563923310649,0.115847878437356,-0.1736838818565,0.125924364480486,-0.474706464894957,0.884187180006063,2.22688158428427
1,-0.322952088767728,-0.596897123009593,0.112594378364015,0.233933187464656,-2.43211358006612,-1.19581393148452,-0.259296740867983,1.62023124781597
1,0.457973138739025,0.229941049280826,0.363050282599612,-1.20205960984023,-1.61206750338655,-0.75490387436558,0.463792093657899,-0.167109958852607
1,0.562059243758238,0.831043215699207,0.806429252494484,0.895505978911621,0.250443910076122,1.48640119408321,2.26859329439845,1.89776040821845
1,1.50934167909904,2.03825152285191,0.657824544377348,0.658435137068898,0.963263006142111,0.012764208395482,1.19275152172852,0.884919720484914
1,1.21983624954253,-0.881271063171107,-0.423952346123118,0.161081027987469,0.75040697652008,1.06785546161776,-1.27927509864976,-0.439205096838975
1,0.692685819923367,0.36158108481084,1.53568490208693,-0.165559716325958,0.0497370697567066,0.161943177864208,0.47662034483287,1.20442267518874
1,0.199616743357093,0.0992723371881009,1.52197809069756,-0.293839877856198,-0.50431245246604,1.36002508570432,0.740030249681321,-2.243750622164
1,2.44505456393899,-0.591437716271309,-0.33695161734676,1.02145444564952,1.63203411076676,-1.36153399187672,0.410929709579062,1.16530157493469
1,-0.642409197079261,1.18315853115834,1.00374271503359,-1.39588985132616,1.55476166634519,2.15690697044146,1.0496463720138,1.52273689452298
1,1.95651166976805,0.81860194685073,-0.568069245855946,1.05743017879143,0.791625781229376,1.810617245707,0.0148856895707212,0.162618560566848
1,3.55610093073208,0.102386288980562,0.949965930457927,1.11204915961001,1.38746752867603,0.220462582409803,0.0966617027868957,-0.361109926747182
1,2.08862700655234,-2.01820461541719,1.99497491075112,1.84879789146504,0.438801132968066,-0.574744245468326,-1.08636087527994,0.13295333748753
1,0.311944288741951,1.65186882447179,-0.572795035117072,-0.0229522488992102,1.23322656300003,-1.04427090238097,1.55508819691154,2.28997598992983
1,1.33441979298531,1.21746634808581,-0.29264108325181,-0.761732900861374,1.24865085391386,-0.397033731551541,-0.924520559980983,1.6559650773912
1,0.434334169638445,0.734079347163538,-0.07522199517652,0.119000741710332,2.21332929557668,0.550146772715926,-1.02640865360486,-1.20667862417679
1,-0.318714524567883,4.23246712348365,1.26346945512461,0.477518497758946,0.0147935697721394,-0.0283459070822948,0.830844874938145,-0.892122460226355
1,-0.215868564590694,0.419159542095641,-0.388061790891579,-0.00634487258359495,1.62534191699648,1.01013956154357,1.16372798590538,0.673828732955521
1,-1.24283318577125,1.44188539416918,-0.32082488425812,1.08919048250059,1.67659679491089,0.641707320498312,0.907995738086589,2.38533267360212
1,0.564303237211407,0.389382090550384,0.770881525980338,2.15370078410735,-0.470054094420793,1.39476561271182,-0.105021014898484,1.45842295415543
1,0.784532057086737,0.672547802671172,0.977914605534522,0.547380072821717,1.65296313337108,0.910626537651875,-0.0833648643326128,-0.827683795308283
1,1.44967074864224,1.37792223786131,-0.00789418207690118,-0.721778732366455,-0.40223245116043,0.376862925213955,-0.427931522642813,0.243241130073902
1,-0.361582979449434,0.84447589800558,1.17141547424596,-1.24338840688622,1.0118725696807,0.753637548705762,-1.940156271938,0.781442325589771
1,0.960987803404134,-0.0437986151203783,1.81857037360128,0.171055917127838,0.715340524813859,2.21435361995316,1.6432661969677,0.135831229203186
1,-0.142013183223418,3.11265621973275,0.155026552966626,0.910146137934242,-0.844600641189035,-0.140384445560782,1.79970826340064,-0.430151936081605
1,-1.33453538943684,3.07135988747242,1.24957593018398,0.787763271461321,1.02034060709709,-1.77160478153266,-0.00908703579072268,-0.0174935580198915
1,1.42649785566334,1.16518998155532,-0.596198960403805,-1.56294969841172,-0.720365328075353,0.292980966959127,0.834845698431123,-0.500969805408173
1,-0.179590002911648,1.94284497760231,0.0566722292094246,-0.288118123859237,-0.353863833908887,0.269299496760175,1.75182833985361,-0.290444176945102
1,-0.38410198202338,1.03670420441883,-0.703068661379061,-0.178155670372881,0.426608479346563,0.633266256299045,-0.0851558316167365,1.835586867073
1,0.952805638353075,1.40768659765266,-0.0907900197979609,1.60104879192496,1.14902323295195,0.862782897171585,0.998292774992181,-0.347384041069838
1,-1.99613263265318,-0.847362674339311,-0.401203684735816,-0.347986168384807,0.846483318628316,0.677507032397375,0.653321761279228,0.81259553243348
1,-0.0794111596835706,-0.11960581169877,1.454213064302,0.307191775667614,0.618668184682319,0.500973795905841,0.756060424816987,0.134367029297499
1,-1.67791834359063,0.132171948506684,0.254289882241205,0.550808718599477,1.33050593470835,0.286945207834598,-0.0376498934743171,0.778035616164319
1,0.401279580238772,-0.263900779550493,-0.121371150343837,-0.164862807531224,0.185309479769671,1.01532942110128,1.07165635268177,0.576539986492313
1,-1.02854320683417,0.153512762567498,1.34909192081911,1.16783934565557,0.836847192099734,0.651198304762238,1.01553364889886,-0.889845554171033
1,0.148608902454611,0.796370112396366,-0.0918327746147223,-0.718482410620938,-0.342631934564386,1.32032838452643,0.344016333573717,2.28419377927939
1,1.06914056045589,3.5676819467291,-1.21193273907434,-1.04182418994822,0.533861601198414,1.28892758793676,-0.0940928697823061,0.184507139163193
1,2.89361631304944,1.24206973304767,-0.574118428762568,0.191964649744324,1.09047456962422,0.897477482142078,1.23270199301529,-0.0605265650323484
1,1.39316403818629,1.56147326611638,-0.219852426835005,-0.614230290298893,0.603232467494203,-0.622658068463525,-0.887833362674754,-0.0700323147067202
1,0.804534409732089,1.47552594769338,0.763582741348458,1.16873875220194,-0.188680798713459,0.941462198063825,1.66961599040294,2.74176966185606
1,-1.03585573924242,1.30692364811685,0.42244446074451,0.710406347737828,0.354838455004504,-0.349610275433862,-0.133664923095184,0.30720224917384
1,-0.398366262745817,1.97657036304596,0.71727587425418,0.798020494435878,2.78607399659667,1.44031256736974,1.48253701486697,-0.869265231777893
1,2.65764056661255,-0.601366930284305,1.50401300182795,-0.203046226454258,0.159093306679272,-0.681008624980846,0.858972066118634,0.285584630694292
1,0.962754979733453,0.243249512350622,2.37060405580546,1.3095079766738,1.08623739122834,1.79390591019554,1.2232288783995,-0.627031598736972
1,0.609199915694603,0.632112544418615,0.847604061060399,-0.0570289703655774,-0.0676240553249192,-0.716634988072164,0.81742212783137,1.95108040316906
1,1.61827668989777,1.32201559112631,0.939451096550428,0.675893708939785,1.00024241350894,0.379824427004483,0.428742502096187,0.697695822520564
1,-1.23723243778688,0.42677009587453,0.737422573658622,0.834504569981157,1.09795450578702,1.64701374182566,0.480881177592086,0.532932384811204
1,-0.122064235312743,1.9503253849213,-0.849795528124871,1.36084615957368,-1.0294835766749,-0.24794469036528,-1.12187587611028,-0.00161639301505001
1,-0.204065221311698,1.71736679925534,0.628721216701043,2.10417892237212,0.245769204279997,1.0457123113537,0.280299176288002,-0.113693315281397
1,2.31118445912901,-0.127837968511268,2.09181370063262,-0.531597308140807,0.446413428794392,1.15838767078512,0.29518229383144,1.66291505651377
1,0.596657927164209,-0.422893862140971,-0.00537309443352241,1.60435588800145,1.4220304072935,-1.15862124024566,2.62374481875156,-0.820297807627184
1,2.36920356082216,0.163340554199767,1.36494881448915,1.06452456750465,-0.704544750691262,-0.209849434360403,-1.19541422141605,0.707943548112697
1,0.0240929634397983,0.410325233912892,0.577574537953687,0.337201239201261,2.34390690161381,2.39041782060075,0.62358849080402,-0.080499908641073
1,1.73912454163604,1.58182183132447,0.0929195775853835,0.520397571904273,1.72083566207794,-0.842588467422248,-0.00208257231361253,1.17795794881193
1,-1.92871456974304,-0.0872926611557183,0.968639120466918,2.20038716027533,0.388840984055486,0.367608958938624,1.59631947247431,0.258104630288341
1,1.54550597119213,0.0693154610060112,0.492270828198079,-1.15972052026628,-0.959664022489915,0.596662528532071,2.17333514750783,1.11843312053656
1,-0.880103042018161,0.217403396117173,-0.742551231791246,-0.630272913493007,-0.432236885382233,0.293361510819466,1.32405912022579,1.00471315704746
1,0.705443671451669,0.000891800440981361,1.19284475833081,-0.530390830506841,0.367041618185875,0.861925787726667,0.869990948081275,0.0708935804588174
1,-0.884378822559859,1.55258094552961,-0.891965622813771,0.577712201317671,0.280700248189003,2.67167864774749,0.91845854930045,0.515443439435913
1,-1.54225160711175,2.39511194458774,-0.381487608885424,-0.993468893925272,-0.849951412511599,0.143843250722394,0.369413466197132,-1.86292113977149
1,0.850624899724739,1.25602651728211,0.437359610893263,-2.06581278101279,-0.923103572704216,-0.187418468731102,1.07199195349617,0.166739868911913
1,-0.456347714802837,0.966436231799565,0.70580099071183,0.952283931006782,-0.383347396090298,-0.729056033411244,0.878089861007282,1.60422529483363
1,1.76967769171393,0.244732862476743,-0.0536938665030818,-1.23721118338923,-2.29618437402548,-1.65042966187263,0.674373350091351,0.0889219193415998
1,1.34671064730358,-0.269698817261721,0.572283264305937,2.08318958171693,0.270648026058465,-0.406725994703831,-0.0137468662858556,1.38270878172143
1,0.877099984903695,-0.999869114743417,0.01387278171742,-1.72450148493361,1.11972021729517,0.228264858984987,0.47740873922446,-0.451681746934661
1,-0.109268526544181,1.08956342992956,0.00388420553230684,0.809594297043182,-0.056127651738154,-0.368521927661124,1.13580841705763,0.258591445481828
1,0.494246794538836,0.498096019916626,0.92414265084316,-1.5876863952965,0.543757017055816,2.7387785310588,-0.546117250489666,0.519372956861795
1,-0.897486916918397,-0.477167463063968,0.160279656106066,0.745364050253645,0.946814857289194,0.448935095680199,-0.606676572043852,1.10941929485055
1,1.28828222549274,-2.47795262915915,0.284781683812908,0.328291286804136,-1.75582181850637,0.620263769406433,-0.81884465253233,1.10634858462353
1,0.135120983962919,-0.521624839427932,0.260234994139778,-0.728710264794546,1.05792736852942,1.80137676276892,1.20604212861119,-0.249240546500671
1,0.906006022367373,0.686310289266377,1.30527080163443,0.300432087444732,1.12765261833512,-0.203833636080323,0.00575974276743896,0.927172568381678
1,0.426231186518398,-0.793745384815482,-1.15966494850118,1.58454411341596,-0.33797818526548,-0.271810439520602,2.1696650401143,2.16179272328604
1,1.2455524348152,-0.770818985238052,1.03565946677903,-0.43790864263169,-1.16570078393269,1.45329444982353,0.790209712147034,-1.09468481072842
1,2.01297095663103,0.677918368747488,1.22376429026927,-0.413836326434074,-0.619351078377422,-0.357146948876801,1.24332286847559,0.426874790366979
1,-0.489285280040167,-0.0490441672002979,0.712868444236644,1.51019582997878,0.420526415604188,1.46577505851876,0.189035001021014,-0.606295845515674
1,-0.840438483198445,-0.811849518044727,-1.84345643630755,-0.893405340956219,0.0928850873947159,2.07728496177291,-1.5026600499525,0.365348597597681
1,-0.612709880051062,3.07856101918982,-0.205340288114304,0.74436066639204,0.364338886726548,0.063531227797139,0.061955640964747,-0.0705902565177051
1,0.48010962016405,0.613657009492499,0.59769297920212,1.48405433765702,-0.540834727654367,0.920100610876223,0.99193634587194,0.747963568632271
1,0.878308720002008,1.77799815540955,0.756401696667952,1.40445898448801,0.424087488365309,0.80839938403084,1.45771400466566,0.290551000617559
1,-0.991867451977673,1.151942281019,0.121439721599518,0.482361910557234,-1.2800159149026,-0.244012579954649,0.597966348154329,0.417928711155547
1,0.40593785861865,0.779433115290429,0.448349408392601,0.855921536578299,1.00563135699968,0.807663144597334,1.84247134537079,0.489374765756955
1,-1.40933011903886,0.755784936437149,0.760378495026005,0.233450486711017,-1.10443425636077,1.60592565174171,0.969228126196168,-1.70548983842885
1,0.165290219470113,0.73217499025717,0.0175584614344116,-0.0942951684073541,0.545283495255517,-0.693538262454775,-0.442182383775116,1.55538306738483
1,-0.662602864963366,2.11075246655775,0.845398216961848,1.56372042125676,0.488938019189839,-0.468771986698939,0.407451885840361,0.0794891969082291
1,0.302247185433244,1.08889447722971,-0.531168733233318,-0.988949277421208,0.543816217927284,-0.264967525220561,-0.202184967891548,-0.794968943908752
1,0.401219342579639,-0.329687444946847,-0.51237887682899,1.14103195218846,0.912935415327585,2.2325321586198,0.00899646348132616,0.963955534617087
1,3.04226421182971,-0.13589875042599,0.564857670514046,0.405393844135492,1.47102803413092,0.132644678683869,1.2214260718419,-0.49305267088782
1,0.616283969438775,-2.4148453905402,0.985315133721832,1.84172412097469,1.65066956814747,-1.1684821564588,0.261295047107293,0.628016636749731
1,0.952429072653582,2.792467080315,0.541588853629803,0.472645434483817,-0.16767567337426,2.0879892772042,1.06832101290188,0.207884590074357
1,-0.0702695714599347,1.05750527531019,1.94736747045224,-0.757359314707664,-1.64505729289941,-0.399520278870302,-0.393697386609835,0.300369494608974
1,-0.335222307253365,0.419045762588076,-0.0569045334500047,1.26264196452534,1.07710806919619,0.505054952283161,1.26136958442083,-0.0876919234670421
1,-1.17769438030046,1.43305146422287,0.726136731180771,0.371279660262593,1.87263630923282,0.264521665863881,-0.400619157568068,2.08191828975459
1,-0.641788991648935,0.824475219630559,-1.00279749185401,-0.683545178352393,1.58542159011288,-0.466662668619126,-0.304054066536103,0.721804395703368
1,-1.05134582438327,1.6073821324315,0.45884303087292,0.575137508438845,0.567619831745115,0.800712204750824,0.199345811316568,0.992971848462527
1,0.399407014275665,2.37476253661476,0.134955789352018,2.20343569253772,0.2148669232893,1.31911245214627,0.75136734040702,1.00436610575667
1,0.0453741106430946,-0.360965380753329,-0.25976165388713,-0.677704763216182,3.99138390902492,0.51240871344331,1.63690234531904,0.746874538933546
1,0.520696587775927,0.600878923065336,1.55051696092129,1.62324051113528,0.634304163392507,0.427425130450097,0.0315788751930372,0.0825562540619746
1,-0.850318314339366,0.115362086455798,-0.367958796490208,1.06791692064948,1.5047476388298,0.199468540318586,-0.146354628429727,0.228650110726993
1,0.383794212226942,0.924405183708933,0.267214772670407,1.47767083922606,0.957434899799222,1.49239276180698,0.0559034132666241,1.54527639518843
1,-1.19998330926505,1.20015408412285,1.58720493200179,1.28771462114231,0.221295352464043,1.53940800998167,-1.59259322966845,0.461553242772843
1,0.665183309674659,0.383096334961391,0.707580484566585,-0.200318027276694,-0.0340352160337085,1.54933014261868,0.589202398516654,-0.113886287704642
1,-0.701502997672059,-1.15763175540114,1.31106327416913,2.37842774345404,1.40063348492913,-0.284359695059407,2.37116927382844,0.139365576979194
1,0.80876690394478,1.24214180436267,-0.443933774221566,-0.262893647025731,2.6072762402575,0.382623376627169,0.299885835699346,0.109099990524382
1,1.26348176194806,0.6810583577641,-0.797990379886717,-0.752743271802556,0.36827257108993,1.06013055155209,0.491629569221925,0.0796049546025235
1,0.909349869043123,0.737728046982518,2.29146310386718,0.22247747145396,0.347805055307127,0.51460845321378,0.932136602181827,1.22069269959486
1,2.4523428664429,1.77587664320257,-0.214878995026378,1.73853658822321,-0.00676585008031039,-0.175875283061718,-0.267833474014477,0.546699982551901
1,0.555059898366503,1.25534786801759,0.429858365025045,1.40228632207212,1.20747180442885,1.44179376906352,-0.494516490157768,2.21544739408839
1,0.749032316100306,-0.211612943361044,-0.95754486910679,-0.0340296666099299,-0.518018327983764,0.327107609607713,0.318878123074699,-0.359159799060194
1,0.0337144889529499,0.443580733062376,0.770278612374845,-0.587051679688029,0.119258230628198,0.420781260172113,0.64218068718979,-0.669257843983458
1,0.777697666913484,0.0747680753378316,-0.111496315925227,0.0794472942894709,0.553670760176579,-0.641674073697341,0.139599492513333,0.55520698113746
1,0.539965428931685,0.914938627412636,0.674121779837248,-0.480259308278815,2.12066651341535,0.221602630623697,2.34026362818579,0.893062017357369
1,1.57323397814888,0.373991786958698,1.19601592704299,1.40682873766287,0.711323018835308,0.233414253914608,1.44088760174973,0.593560605591028
1,1.96165989012225,2.33018888016934,0.476332933087226,-1.02671962949857,3.26109284448091,2.01720939813828,0.14838403311496,0.654390851534505
1,1.08495042376831,0.710743354118766,2.92131211306954,-0.156398360985422,0.774850925504637,0.0845789526109535,-1.17777317751384,-0.363220439989685
1,0.823253397580698,1.54931406269642,-0.197694036333558,0.708727329766975,-0.496526342302041,2.50306409629761,0.82942928364083,0.236502190007823
1,-1.35631717678279,1.85179995472653,-0.97467519868,1.92708609125194,0.578147106784244,0.588197581473959,-0.236034191395994,1.30201887609567
1,0.720219504514371,0.301079809721518,0.76641760542386,0.279916615926536,1.08575853470558,1.69781935112724,0.261567191041492,-0.502089586834056
1,1.24413459519319,-0.278901951847049,1.02223601224948,0.249115617294998,0.11807002811388,-0.843759630633636,0.298290533776247,-0.390390591499018
1,3.24889625743384,0.453808505910963,0.700583201236014,2.09255792013269,-0.556495828602731,0.331683040027509,0.161179877459282,0.0270398778450368
1,1.61218485552123,0.329068976101829,-1.3372227977249,0.443117780962132,-1.03271740198399,1.84551133412082,1.06238955467434,0.685483659849757
1,-0.131452074521318,0.979666700788905,-1.48995735332133,0.252439974047159,0.839516811267028,0.056842612918589,0.817988575532201,-0.280326652345002
1,2.06288499328919,1.35820175790762,-0.861609742929204,-1.00219668414546,-0.962652301361631,-0.592267616958018,-0.356682553163616,1.71293520606358
1,1.25324165858188,2.03574607055408,2.28782796760847,-0.103524548934145,0.86935173585508,-0.223882269585794,0.327502839599371,0.236486855955199
1,0.535763984231358,0.689656808129815,0.272255969559849,-0.934258706536273,2.37075050002723,-0.763181411571249,0.451065798804134,-1.90958107616822
1,0.986270699725919,2.49486183698775,0.839557686066859,-0.348502861399978,0.972110060386499,0.607083715970823,0.454752227573503,0.684721886298443
1,-0.170452330226769,-0.883873685759022,0.442232188270372,-0.21584928226392,1.92037104546613,-0.72932219479549,-0.751453704812199,-0.819787268871233
1,0.400428700004778,0.0294937023776192,0.557886194123822,-1.30573400341199,-0.490201300481162,-0.611355108073845,-0.0227411378298604,1.03705785571683
1,0.768317212575131,1.10878126166246,1.27322550218479,-0.175130030379555,0.663965608569186,1.78468761215278,1.17424786720946,-0.230675599815883
1,-0.492204157965088,1.15311568720206,-1.01090538753309,0.311651419632015,1.82029120122301,0.936599975212181,0.435232393039326,1.40234915367284
1,2.23212239695605,-1.18877485566715,1.09340681862349,-0.183904208301368,0.697357678694237,0.291256243883267,0.121859284590901,-0.259969462723319
1,-0.121953591099073,0.115709500410382,0.815665233290739,0.0800261073023344,0.173346320424317,0.273139836453104,-1.64411607739719,0.709788373834114
1,0.99877996772975,0.216721370024214,-0.755746308353839,-0.539785080104518,1.82815824498408,-0.240601293814564,1.73064157175273,0.845539976315297
1,1.37627239661956,-0.540267622595739,-1.41981467006333,2.52620970122725,0.238365364990728,1.450424327037,-0.0867781435896334,1.87843186881418
1,0.955329170416731,-0.404390044194906,0.0690622242050847,-0.242109766956045,-1.55358242920528,0.312974029992584,-0.310955164437926,0.803042596616
1,0.535252108788018,0.818099275898282,-0.411531403017171,-0.632574100117281,-1.1742427943095,2.07384510753573,1.07339674230065,1.65852928071321
1,0.729393837095583,0.0407876703201959,1.88990019822301,-0.0535090140030634,1.41146339938435,1.86513501493659,1.96613702626516,2.74561718760925
1,0.313015347003379,1.32988875373085,2.78248370904225,-0.795019066609554,1.12440133090164,1.18723688469628,0.788090567731554,0.610272526048032
1,-0.687480469113233,2.30024643445627,1.1374257651812,0.184119539052958,-0.492790709435241,-1.69119363683739,1.00066986746826,1.81784766998093
1,2.60935442429581,-0.761435978048179,-0.326998221415082,0.377668037483597,1.06253828060339,-0.150336887310675,-0.050348079052128,1.06281897864016
1,2.32562484425019,-0.441929608120191,-0.424711498454712,-0.145091558105549,0.619556051396424,0.016736972129739,0.535701849649906,0.611513453195101
1,-0.00205875372023567,1.47050365526199,1.51131273699841,-1.60278973612202,0.832148535216137,0.627458673877579,-1.06872617849979,0.465566169633664
1,0.756292095374057,1.35883287588017,0.913945688312275,0.61519560407614,1.88275054709744,-1.03532613183323,-0.122452370517021,-0.113549415306937
1,0.445796904623251,0.983045191678518,0.168969237562788,0.145740772364457,-1.64868337730379,0.152999096645609,-1.71785801750311,-0.153199542897369
1,0.762819267974391,1.73607309517687,0.349529452180662,0.366183577919207,-0.493338720421392,-0.0968198509058481,0.399840746645656,1.77370916196729
1,1.79758952856261,1.74732253431959,0.373751379500492,-1.16355570466586,0.196913432485282,0.30628485757874,0.9963079713635,0.946594910436975
1,-0.16907683567796,-1.35145320461853,0.640999830468925,0.0853973853879292,0.680041784475612,1.69666877259196,0.865136305629653,0.514658630240041
1,1.37101196102385,0.0990235317214965,-0.719420776492928,0.744455415913987,1.40250307829382,0.215620207824631,0.107116626064038,0.112652794875778
1,0.482893708660018,0.963409505040574,1.86635273668023,0.876160038587417,0.907131665014669,-0.664827569957024,0.601409654647105,-0.248802156295363
1,0.714599629004523,1.38597646797323,-0.321703379242975,2.95349906806634,1.66154736606759,1.92174275494885,0.517188755338359,0.732021136097727
1,1.30299360908394,-1.46140298411765,1.56618869556823,1.17856395663667,-0.403937418351576,0.473972122788978,0.842758193125831,2.22248546505675
1,1.80989085962284,1.38401314565115,-1.74553299218241,-0.458594306096432,1.72588116911175,1.6333856674063,0.554717613901635,1.15572614101264
1,1.65199888987863,1.65489661801181,-0.151763622372314,0.481457170878801,0.876283416135858,-0.0628186804120705,0.378166608505582,-0.417526906303439
1,-0.19308207391202,0.15661930397747,-0.568934699883776,0.889629880390468,0.288103080601638,1.72891938282995,1.24270257989224,0.386757944832378
1,0.0968129117731661,0.238161750494016,-0.198673985871051,0.635162478657232,-1.34601172505559,0.806089996016812,0.289344372774796,2.97077767804558
1,-0.462095381961742,-1.15156358623301,1.37476581157409,0.553854529635234,-1.37461116826334,-0.384241626659589,1.59521262354456,1.53811897279203
1,-0.412666062424189,0.933502308693024,2.39255426284025,0.828188062530296,2.41159808917586,0.579054652811681,1.31331280049935,0.389886786275797
1,-1.01850233916352,0.438336471897116,-0.716311338256759,0.788194672718267,0.701752562687175,0.797895097984925,-0.873840851444971,-0.115272402961066
1,0.602662853572465,0.169647976558553,-1.16818408025854,1.16299806303583,1.68420641229586,0.563216064089848,1.08274091537118,0.0816305428871081
1,-0.0463374150084378,1.35229306248193,-0.502985465562541,0.516482729282908,-0.49700643655033,0.685424418218592,1.22597921134573,0.212259864979381
1,0.355659634031788,1.82653580514726,1.18411293640412,0.163227560303653,0.846562544839143,-0.209676437076296,0.620073038642346,-0.222138240131851
1,0.511910912767667,0.822072798170499,0.134737693505549,0.162982315601315,-2.82359310536944,0.869576618097363,0.298173357438643,0.54840311991289
1,1.05567471153505,0.223544328798521,0.958252903692045,0.917599100153433,0.960498179128988,1.87600980391659,0.453580826900165,0.958184416584687
1,1.90148743995634,0.895362708167,0.213867526040854,0.358449491075786,1.64316821525927,2.20568971545829,0.170106538167161,-0.785748849473589
1,0.187928792233269,0.143093019431637,0.484917817569422,1.92705307502461,-0.770334512873856,2.30300195957202,0.681492361587882,0.99466056903912
1,-0.0941007170106833,0.807326998744229,0.574104638547656,-0.374499145385938,0.170147325211909,0.298060897446439,2.0128416286526,1.03839262914437
1,0.584911790605146,-0.75732745405609,-0.650895801920568,1.19539419321162,0.894949119229055,1.90014578376206,1.43562963958332,1.40335165210654
1,0.830751772448288,1.25969173621837,0.0833163993962916,-0.369956352705504,-0.336894690890505,-0.591234788331282,0.793356408752724,0.771974829043626
1,-0.026681121584611,-0.0427537776278367,-0.708520055021119,0.100789868457477,-0.465859501193654,1.14516771675529,1.06383652423269,1.90897530532093
1,0.5045472217748,0.371233419590934,0.462979531929256,1.03027319967456,1.02285605832534,1.14162586933876,0.634082472185795,-0.111218775943476
1,-0.354816117539094,1.93216204242472,0.361469865238699,0.722977780784627,0.234132793889209,2.14327724761843,0.411714624886992,0.666144712906653
1,0.660423363020626,-0.133980560220128,2.01095398405197,0.0409040898868426,0.734692191401431,0.399637386180547,0.787740680545751,0.990979987496134
1,1.2926543330839,-0.406663844255923,1.38985914116658,-0.40825224799354,-0.395106929386211,1.3572995427867,1.16629324790446,-0.882085103979098
1,0.763135624802128,1.49687775516353,1.17180411046408,0.28890845372157,-0.0568214806898897,0.871544759385762,0.062100804679978,1.49111210059983
1,-0.175270955913099,1.69600489181976,0.687559590163205,-1.15286785414339,0.750083627754799,0.0528530000587069,2.2484079715276,-0.92505710354004
1,-0.746948662135769,0.330027454340915,3.02363443265815,0.736880199160673,-0.508522408038628,0.558567145521461,0.611598293814012,1.28973296722542
1,1.38113853635219,0.969133936918899,0.733176252596084,0.959310617273942,1.99502366611729,1.00042465275013,-0.961001028688363,-0.035103187230209
1,0.633179290126375,-0.289173025842657,1.41882744876725,1.19034730597364,0.315015768959013,0.426865862187817,-0.312421864490555,0.53347571932588
1,0.389895167833972,0.431217342542591,2.46174159458886,0.189577901945256,-1.62063226293248,1.35273561552925,0.385036197721298,0.358419427606358
1,1.08726323055277,0.226414071226224,0.937032437676812,-0.358740842653857,1.46770821376413,1.10006452781047,0.626449790487863,0.0761113119678671
1,1.26866602741282,-0.353342926154521,-1.32054808044963,0.768391284386991,1.0563142810177,2.34638731478545,1.70409259774379,0.469529044930251
1,-0.631193993047083,-0.187317767870506,-0.157453388533991,-0.945969804176399,1.02004916309554,0.221558691174007,1.00014000163561,0.764909065361952
1,-0.0996288485930508,-0.664479042494285,-0.629219121142778,-0.554954251612505,0.958121255657694,-0.531602935109494,0.457011956282655,-0.0167557018776681
1,2.79494562315663,-0.994292290785801,-0.654955151030301,1.98462079345282,1.04278104691232,0.897405282836811,-0.325674016563195,0.75304144390698
1,-2.74218518692293,0.0503104323983062,0.656224124771514,1.48899616999199,3.16689719001373,1.77604153308975,1.64830608321045,0.911842046120373
1,-0.0015773704026345,0.240372746366622,1.7583892515941,-0.0623501242623089,1.17323290256615,-0.666781899185073,0.622015744896015,1.66389684518705
1,0.826415171626418,1.73489337350794,1.8024471791152,0.444723454130577,0.921893534190344,0.283264564343067,0.142790822399302,0.413652692711763
1,0.271083843630034,1.74182022691943,-0.0548069713661425,0.325274803596386,-1.44105733298389,-1.43688716273699,-1.41986104861643,-0.206837195439042
1,-0.4668195429974,-1.14258627840171,1.99897107085079,0.2658563929008,0.497267136891491,-0.0134686799045216,0.0566728283267533,0.232952135722309
1,-1.64684035660068,0.463232875568337,-0.0759597626625355,0.656567931920914,-0.20513022500612,0.0304957042172341,1.77058070382219,0.443734859577287
1,0.377434643110521,0.706611395746499,2.55445347120998,-0.819508920823687,0.0418100075500171,-0.322355546961323,0.730906865207488,0.840564951355894
1,0.326511492540902,0.400587298964652,-1.10024365764798,0.54246786143875,0.661819841051348,0.183478807779631,0.918328645663613,2.21045040174833
1,-1.29323659906166,0.198801192516443,0.414247833219158,0.592155573231088,-0.0443944169799605,0.618365956858875,1.3509564102697,-0.0365375027323742
1,1.23723698933567,-0.726400829485987,0.349698134418387,0.793334575342928,2.30431526540414,1.55898895153104,0.169421600979791,0.567832210682381
1,-0.201073850685924,1.77085970610027,1.04508527978879,0.0459641540408405,0.878276163404483,1.54720447138286,0.376651796055624,-0.411159841155952
1,-0.110203887587058,0.126204033020331,0.0607202135010187,-0.185151290617427,0.489766309610945,-0.23639461051123,1.23581273575029,-0.110504570566154
1,-0.152730095184808,0.631175032998183,0.035406012946006,0.15939017119368,1.34836351728739,1.03410123318538,0.767015024800941,-1.47152358756477
1,1.16739422113719,0.343717355388398,0.900441214395484,0.515559296755413,-0.278199813777409,1.3374420550574,-0.248302978221121,-0.115245093927094
1,-0.5393876602743,-0.448009001088233,1.62446555245883,-1.10453241905462,0.561995681152635,-0.306786383091189,0.224372843895356,0.405341034175154
1,2.11346650444977,2.131840379406,2.59529253685704,-0.424384199378724,-0.99938978896251,1.68959219978748,-0.805877599847538,1.88179594074831
1,1.61532264974765,-1.86815668249526,0.233546354420865,-0.914038592089356,1.64621915379476,1.56860545571637,-0.199700315917646,0.623339476544907
1,1.26366881337166,0.0887674410409668,-0.877589849286018,-0.424498073422992,0.34608725418882,0.411581403109547,0.681868672383861,-1.35515799806261
1,-0.210092118651838,0.615317374422579,-0.446107882049564,-0.187807386376333,-1.14613170228927,1.03056193327178,1.90873825215814,0.0770424373876129
1,-1.01848167416551,-0.107308811945873,2.01975525956684,-0.0881311864194642,0.251270599235632,-1.05462776880514,-0.58538610694346,1.36722272671641
1,0.429094153825166,-0.274246579313207,-0.723622786148636,-0.119652859036494,1.12817300171984,-0.420834032427316,0.495816984034529,1.25319487651766
1,-1.03573712010125,-0.328937996191304,1.68946322865702,-1.04478274703422,0.280233082574263,0.809401401323576,-0.750608395474979,2.35173356017927
1,0.152634354815518,-0.339370947487323,0.146351895796057,1.98070720192634,-1.33900590997133,0.243766492439204,-0.0640571149293031,0.831822336237214
1,-0.989494593361968,1.77652096111933,-0.799666005417281,1.76704063470274,3.31389541633692,1.27258217068685,0.583899790914848,-0.917263654439451
1,0.583221997038142,-1.28490041922457,0.318776615012175,0.929466053002022,-0.0395933315366882,1.09179371111988,0.134004493091362,-1.10479220349767
1,-0.881972398701998,-0.575890939213083,0.863222339267698,2.14502519356227,0.532555507823634,1.75563618074501,1.05169065297426,-0.0437714789216311
1,-0.626544952840061,-0.0411632108376419,0.771335354106411,0.710163203588646,-0.420898845566542,-1.169631867477,0.40392289430696,0.0177939927166654
1,1.46628975534227,1.13213177351352,-0.285510483697824,1.57747569227476,-1.02220893498237,-0.197709789400641,0.854189053396385,-1.48756077689783
1,-0.330034950602198,0.574033945070275,1.66174863277925,0.240370953152057,1.37241021752635,0.866364842605238,1.71448224416553,-0.0864601621728541
1,-0.208863133062638,2.39174314217635,0.87610125085455,1.39578025052632,0.90601973402442,-0.724082770145822,1.78313466602852,0.26731138109453
1,-0.122366598967017,0.998427925711247,0.385025204858366,0.149253567472401,1.25504349802882,0.855249001423924,-1.3365873852342,1.45693184060113
1,0.792678135182547,2.16490949304705,-0.704156257083445,1.2109767945267,0.973856003757861,1.38831253639124,0.506222169628484,-0.509209502865763
1,-0.10396238172143,0.762034177077936,1.07046145233848,1.68102261035436,1.71883260608377,2.45454835676724,0.216223269081025,0.996684849995112
1,2.17943975512707,2.18178749346571,1.15103296864241,0.271028111621009,1.90974042733746,0.153966162686946,0.190129718028438,2.04018852229953
1,0.205424635189541,-0.577264942291625,0.568302252329285,1.67057757960861,0.380410753155071,-0.198836033274773,0.566811288987124,-0.694173906066601
1,0.477358730183579,0.33614113862666,1.12132473911631,-0.807533118700711,-0.504952461892136,0.631313273676347,0.799929191655114,0.730262639268605
1,-0.698004237291928,0.889505913097126,0.447399543939431,0.532978906038559,0.477233108263774,1.05234315707725,1.19207514279853,1.66011383263485
1,2.31489447120132,0.612702403272742,0.115287309710607,1.0174623437436,0.113177387536632,0.00343715774720887,2.48347559687396,-1.39375881031345
1,0.562190622138591,0.164554231963853,0.718967036779056,-0.014800335012481,1.23860866046163,0.437800941220568,0.435493668245213,2.06876526485168
1,1.22748390130783,2.77229188045498,1.19738962020848,2.57493157357165,-0.0525270982873993,0.433229922093509,-0.650019324984046,0.415023164280594
1,-0.215410472183976,2.02845435389646,-0.219597249171372,-0.276462021840305,0.39180994201549,0.409660467856332,1.03978556513166,-0.273250287050367
1,0.538947490670547,-0.731961443150463,-0.279588798102544,1.04658312828424,-0.789236411186701,0.583113613110162,0.59461273677263,0.575591261049913
1,-0.807688700279735,-0.48668460357296,1.59512478720956,0.00508661506017372,1.91498307827835,-0.381749929208871,0.241408039342528,-1.06354812391697
1,-0.976630421470875,1.56492890813786,1.23911575567251,1.14548359888202,-0.178443670181689,0.668330543550741,0.662572466573361,2.53025738156415
1,1.99476048276089,-1.41278932997675,-0.956418242995022,0.915689687441815,-0.456028375849871,1.13380132970971,0.745829591563457,-0.103985560920465
1,2.91973242645414,-0.523521297384314,1.27446383537685,-0.740190904634686,2.23067727384117,-1.19495643066685,0.0292193464956402,1.84248402630669
1,0.649365268715277,1.59867984957855,-1.10015050068038,0.877687096857457,0.826311055333769,0.554436131903986,0.765596342078635,1.16474197884652
1,0.304743491215785,0.297444002338456,2.02350786424159,-0.803204609546165,0.714466930693096,-0.0658996509925062,1.79078514678252,2.10587361413557
1,2.09186870888287,0.554743869844277,-0.487158528656824,1.03686765947287,-0.243851763430651,-2.14635473519466,0.91851317493185,0.928548322031308
1,-0.0546650049998891,-0.0838613898066527,-0.168871329749235,1.60577257421796,-0.578118745774842,-0.874334777973954,-0.548177763928028,-1.11370953934641
1,2.01537370533296,0.629001130040551,-0.671901174745862,0.542047436603125,1.17184647009134,0.752114323916618,-0.985639649185179,1.31133655107889
1,0.956000928021829,0.185774327216282,-0.121300590383983,-0.239620077550245,-1.0575063107262,2.61675563510456,-1.25831997031658,0.423447241712198
1,-0.927187601893357,1.79612810110661,0.39122667002441,3.14857000737613,1.82365780723487,0.722633787856406,0.539101115884896,1.44461181218569
1,0.253002051622876,0.727184233231484,1.63097746526661,-1.00411623902965,2.23791729290886,-1.48526499038429,0.860547150490252,1.58510926978867
1,-0.319685143391931,0.504218469244085,-0.158913911116154,-0.506441981148527,1.31460747722721,2.55014413273638,0.728437777995507,0.446380588537428
1,2.33509831327537,0.489678955072147,1.59441969264277,0.639717461199938,1.9143687988658,2.05917571695573,-0.707279412422622,0.991315549946865
1,1.64230975443686,1.99596299586169,1.50741469607661,0.776683904552341,-0.336770644104993,0.20732852811008,2.00116018715531,-0.975225276009097
1,0.0343181647204768,0.337414664838891,0.685303256772767,-0.76730799987596,1.06816101128597,-0.696201055651382,-0.822343033624587,0.689651015504183
1,2.12887574055786,0.879157898302635,-1.00987415600521,2.29787461132344,0.526868934335005,0.902260570506291,-1.08213869090177,-0.283738729766433
1,1.54883331045653,-0.814554775118628,-0.11634979022885,-0.0743812501955077,1.4162783350302,-0.196340646259336,0.944108230991774,1.16811176198332
1,1.59429274084435,0.646842523788824,1.57437953540518,-0.427345007180394,0.910520088553766,-0.10397959460074,0.74366898413932,-0.0657456210379199
1,-0.0383232467947232,0.530864646850163,1.9741040936123,2.01143887555825,-0.0529245743407597,0.27071116289044,-0.362277921611583,1.74802884535872
1,-0.350008721210179,0.974026154803398,-0.387681975866745,1.54344648160906,0.541392927575606,0.309033213162895,1.03887525816491,2.53466051612593
1,0.613669805394294,0.596836000354296,0.211090433027479,2.34097779182095,0.52358946808285,-0.415379356336184,0.012089025229215,0.138224027886457
1,0.980567297051832,-0.523576092174435,0.0804624290602289,-0.159658748004554,1.5873564088883,-0.271120140359736,-1.07284577997707,0.777138296198933
1,0.44602045581864,-0.0419046377760613,1.40982063019261,-0.331242056333165,1.4282484016355,2.29144475905385,0.125202187220576,1.09439463279778
1,1.20819662863857,0.650155683630693,-0.731987983554759,0.988863889228022,-0.108741515534202,-0.905751519417354,0.261212771836562,0.985136812576775
1,1.12450648150357,1.0497417511634,-0.367292789313362,1.0023065717918,0.964803141024609,1.20658589126744,-0.674959546753541,0.583451911902329
1,0.940058762622482,-0.40318733661736,1.16557176863932,-1.01063636147117,-1.6462359542099,-0.985127699922534,0.838841873501008,1.77657904522941
1,0.857084487630859,1.47123042944154,-0.425098556727409,1.80180722152843,1.40274041709824,0.78738829826736,-1.08363321284689,0.317335964582865
1,-0.167808885328983,1.0392896903298,1.41272175734657,2.50984684908702,0.29173509957071,2.63920760794293,1.170527500015,1.92790317512994
1,0.912215197292047,0.162031520961212,1.15415546557036,2.27064706791359,-0.271794678588186,-0.87039800924136,0.138084840378363,1.79113147032645
1,-0.685294500021823,0.433312468957759,0.468262249302775,-0.695638728303861,-0.669324310095121,1.35978640630475,0.602552521587349,1.10829248593623
1,-0.367131635961212,1.68130975242344,-0.169186553577995,-0.615354230562928,-0.116210467943346,1.34108439651139,1.49204735497653,0.535046662075702
1,0.75075560530573,-1.46677978735559,1.94214439958493,1.62037112015367,-0.283944251929226,-0.120464407329757,0.343929541316194,-1.79885215178577
1,-1.0998045229536,1.93461067350455,1.24941949317559,0.00600642581713046,0.333905438471176,-0.0594468524023073,-0.441281414946846,-0.752554099203563
1,2.17224763967452,0.524590178640688,-1.18473930852531,1.57923973383663,1.73551454680131,0.15947446140698,0.289838931810106,0.0544882343426172
1,0.680285336163669,-1.68200481804243,-1.06347258889223,-0.24346239541033,1.91459088618293,1.35918534437152,-0.397125367065621,1.08014813520097
1,-0.274432670367823,0.569748709666011,1.61737269999642,-1.16472661967707,1.49342285729796,-0.477578193361722,-0.371569395395623,-0.860496218406468
1,0.34908407509259,1.67943687907682,0.0939672432681233,-0.454153430925003,-0.611714856346544,1.25880861167607,-1.4384054989155,-0.0536086189589663
1,0.211138979421945,1.1946670669363,2.67410137645736,0.29507751510138,2.44584210483841,0.196476402549498,0.255400492516868,-0.270370834435186
1,1.53929671589048,-0.241065392959476,2.19858926638942,0.246715492239458,-0.775612360883008,1.80521809278866,-0.424803329730992,0.131667293878575
1,0.75333984190856,1.18683252388166,0.215318041482212,1.09549334275593,0.0770840795419998,1.31542141365264,-0.251905685245951,0.471369338248226
1,0.513975416797503,-1.21306741834813,1.26621192033862,-0.727620838045499,0.296571898468276,0.41673494398323,0.626453803051476,2.3484213299174
1,1.15723807195593,2.49833409701353,2.49554505843795,0.425181434738822,0.81795792409908,1.25039055361505,-1.58821512483581,-0.438790395659327
1,1.22567829028906,1.56011590762536,0.968034625820788,0.436841669765606,2.09554112191903,0.416984460322738,1.27843688129795,1.63029384274297
1,-0.536959887940709,0.812917830431335,1.73732295425019,-1.41312877418184,0.342065068768856,-0.390792117876729,-0.109302640443761,0.190514151141118
1,0.420004906889677,1.00258352074322,-0.145531056953131,1.89710942362758,0.173373619116833,0.333059974943247,1.49901651615127,-0.380251243302353
