ObjectID,Dimension_1,Dimension_2,Dimension_3,Dimension_4,Dimension_5,Dimension_6,Dimension_7,Dimension_8
0,0.07852670055148364,0.5926154424039638,0.40777463402347525,0.6635561104521993,0.46976902344803523,0.33975582935156234,0.08743963731773327,0.31783765256036056
1,0.24205039345734453,0.6026339219143959,0.46977381018564746,0.6716553523616489,0.5595315344303861,0.43816915631110426,0.0575714523298554,0.28266106758553056
2,0.024863815546614244,0.47116327729916285,0.41906575954846464,0.6951004838757866,0.5095475027759376,0.34202586515329875,0.17959968793822279,0.3933513843560167
3,0.08110902786744759,0.5835429623987392,0.5350199461841681,0.7205156728357495,0.6522335980148024,0.4298496460101676,0.147342815889566,0.4245028956913963
4,0.233364001424742,0.581675245719823,0.5783122600195728,0.6846283236820281,0.5057328033059546,0.4703826386692344,0.0618582078105354,0.450111245190455
5,0.14228238240798347,0.43815993397659403,0.49959731208170255,0.7074755585903676,0.538505867185544,0.4442391983896743,0.11085612483413503,0.3215121589166332
6,0.08215222530687966,0.5535860923920604,0.5196196607225472,0.644377346887626,0.45858228433119463,0.2745234341334481,0.10331337474321944,0.324091383052195
7,0.16159696038369803,0.5561171356249792,0.4221813202117509,0.5422738657940214,0.602238621139133,0.3018078202813285,0.19308020224883268,0.255997858036632
8,0.22970796635838847,0.4057807519663887,0.4819753088388659,0.6283054758185097,0.5932984856986947,0.317981718010879,0.1089773352049851,0.40277370970088777
9,0.16204071095665207,0.5389418020084586,0.42867577972220505,0.527766817668068,0.5467004742726287,0.4186479538273381,0.05459927835014696,0.25910479095599387
10,0.036411903099814805,0.5675489981865615,0.5332702783679737,0.6002117973706566,0.5146827918173792,0.22489926023005266,0.058068326577574624,0.2720614095112982
11,0.1368572583051808,0.4057222431274994,0.5139753573763638,0.6056604675019058,0.577712346898938,0.4343488735178947,0.11978136196564952,0.42392727960143334
12,0.11323296180064084,0.4409197991848206,0.4420534770193213,0.696011207843354,0.4886257777060615,0.40926775084107947,0.1722557078067378,0.37939720908104835
13,0.2041425894179139,0.5979603812902612,0.43141822897016713,0.5545649535189137,0.515651759110757,0.41072059003669104,0.21075523775218438,0.411515726681283
14,0.24584809606743474,0.48903888952486835,0.5144186605207632,0.7419947630875071,0.4467614532306006,0.44550609560914095,0.18882420316417733,0.3761164746218642
15,0.054064480616684125,0.4942143059320646,0.4114152940372234,0.7177431530889575,0.5631862425357144,0.44165509983019036,0.12046870305112849,0.31056280994625546
16,0.09960791657391016,0.42970015738049044,0.4977109160788043,0.6411743808016397,0.5786588881214851,0.3104533051043991,0.08561211944201137,0.34362097968878014
17,0.08571631489400264,0.6147633107543604,0.4176858197368653,0.5666215883625891,0.5303884876300144,0.28375757957452197,0.08919728168901518,0.31379859511537156
18,0.06677174261362112,0.5254082613486127,0.45742978851672034,0.5336426708970692,0.4756369956969012,0.33829894106148084,0.06562600624913655,0.2878826255135312
19,0.15975063973296555,0.41786239674197545,0.3975324272766734,0.6931540809086572,0.6490683321273252,0.22819857907873617,0.22666531344020419,0.2985052714936758
20,0.08562913536285206,0.6011851427373833,0.47570579146637604,0.5221942136836758,0.591987657631807,0.2833282858889896,0.09100051136975536,0.3213182891483009
21,0.1696291214528578,0.406642636264564,0.4741874596027767,0.5328689281440147,0.6521251372562425,0.22479115843037645,0.187516324196504,0.31999660175737055
22,0.10396108765953992,0.4783353995956598,0.47028581404167574,0.6745758547316688,0.5101820648775361,0.32801552110053217,0.09731110923366318,0.22014245154163203
23,0.0797002256309014,0.6245540099374128,0.5543302154555346,0.6617374278373497,0.5935582317044201,0.251672579734832,0.16754506697904023,0.40148103703974214
24,0.1952081033271796,0.4634671496669086,0.5778390313660537,0.5144791845073101,0.5772651576740613,0.43328077302827095,0.16061591942531128,0.3364478056877782
25,0.10291849385419566,0.4290522680524061,0.612029144926114,0.7134501111706024,0.5700063437786309,0.42914150527590245,0.18445565381722034,0.23167117639654894
26,0.2522691242604198,0.4698100325958749,0.5812234836100246,0.5606091996825101,0.5210786740793443,0.3100608842529251,0.2259530770385938,0.2850202254338094
27,0.09639796955563841,0.43424168954775305,0.4635223087045781,0.5981016078304325,0.6617076811110134,0.43415598011067247,0.04554617460657915,0.20373171024781384
28,0.2606025727228286,0.5327748931361047,0.39995721273197243,0.6284888985780237,0.47434381418817284,0.2470841987035928,0.05984022938690469,0.3002310234287631
29,0.14447930897378386,0.3985969867855068,0.6397269300870145,0.646515393294743,0.6387976922364548,0.3836585203714038,0.08925799789625628,0.35181437937335525
30,0.21496764618295036,0.5660456565079921,0.5848788489266729,0.6913200291845649,0.6556128505523298,0.39934781869754116,0.049350081015476686,0.23930583701459088
31,0.10295861023764283,0.40710537661501717,0.4218136130332171,0.7355243228178436,0.5429175173907317,0.33867100788716864,0.06614773492599968,0.3503339360935226
32,0.09085355777048827,0.515941766028079,0.631599407539289,0.5338955330508368,0.658781317361245,0.4318658965340648,0.24146286112749576,0.21305750839319126
33,0.05514380925939012,0.45189669041913266,0.5269590588373048,0.5557797464642513,0.603689878515554,0.27577886523168715,0.0819781187311232,0.4024494772831924
34,0.2486787532181831,0.5387439892028298,0.5853168898720275,0.5411414165939736,0.49473312979993256,0.3930629425179486,0.0438318554308973,0.29072280624271407
35,0.2521924911098289,0.6058171468840094,0.6417648410819818,0.7259864575377981,0.4612304178872276,0.2786877996028823,0.09792810410981281,0.3658968445516594
36,0.11110772232592633,0.469825990474695,0.5501839534929693,0.7276376301869403,0.5409125988786163,0.4678433644735659,0.20040778987850028,0.2111508709393338
37,0.1250088715129164,0.5971836724582132,0.6351425955532468,0.7236835512228688,0.6094275534091851,0.4145442992594848,0.15355875578577777,0.4329902369955305
38,0.2525680746616601,0.44646715762739436,0.628145001981657,0.6877743528618188,0.5128646164427529,0.22585988420525502,0.1638580241627473,0.38063359142215325
39,0.09296567025562448,0.5643864955578701,0.5216822528345307,0.6370565551831828,0.46508241414556245,0.28112277555012954,0.11292617374437804,0.3725326443028633
40,0.20716974887739878,0.5053494421514154,0.5494564712607132,0.6774049760733278,0.4970316364568983,0.39557084450542124,0.2142990022215608,0.3701572353472103
41,0.08063882324147104,0.5002388640394857,0.4333641872637446,0.6196848749491146,0.49102935944821174,0.4294405621220474,0.07059815860541235,0.4325254509125392
42,0.17732758642611243,0.5278751870232976,0.4450111217159735,0.5903855448979884,0.5455920128042995,0.36345942181235064,0.15890916849429948,0.4593904815149499
43,0.1772537294956733,0.6018572197954031,0.41667454531546944,0.5453584601069259,0.5385951866525807,0.3554640713819464,0.1674575756446861,0.20664663889548973
44,0.11804823854230148,0.521033111946618,0.47428734799862104,0.6876409846292468,0.5202868022776133,0.3926093732918984,0.11288059047734489,0.20947408862788391
45,0.5841662734831257,0.20992284155977795,0.8992562708480818,0.9116033134886263,0.9353064028227133,0.8145176126603267,0.6184167411856675,0.879877754473186
46,0.5295594944080169,0.12540315998895113,0.9340674369572093,0.9222066023326774,0.8105591249596196,0.9847266701776904,0.5994448648590736,0.8263109536367911
47,0.6360060901069228,0.05172493254849537,0.8015928721798274,0.9142302012819523,0.9645439819595707,0.8750679262827075,0.512862008795256,0.8679891469004775
48,0.5230419081387948,0.23196945195104407,0.9281670597949393,0.8891059590601001,0.9811962761075822,0.9404363537815235,0.5325088745544857,0.9777894718057052
49,0.4936899919986765,0.09976978179287102,0.9797167781357343,0.8959171994937476,0.8790133995046291,0.9674642441850669,0.6220350808731496,0.836130514768141
50,0.6368196307616731,0.10094514558442642,0.848131946803397,0.8652324744483996,0.9064602256890645,0.8575398095652053,0.5597464086004362,0.9746264307028623
51,0.5871006695575987,0.12872817730908048,0.9506272575348507,0.8716401581928747,0.826498030372599,0.8816380922701386,0.6328837883167517,0.8972876816594434
52,0.513646807676981,0.050823375649881736,0.8709970010491055,0.884244743857838,0.8916182515819646,0.9751658821863755,0.5279900428628369,0.9144185606931122
53,0.54133667576952,0.24578687398449672,0.7869259328960395,0.8603320880717195,0.9713292584293962,0.8436915061879972,0.49129076510584774,0.8087210497030655
54,0.6310684052243664,0.11540880077743634,0.7891189938206411,0.8090282735809722,0.9287431658585468,0.8439471027844303,0.4712857702974931,0.9168405559030959
55,0.5479707554032354,0.18367515062242476,0.9298469733007927,0.9179752371297839,0.8098477542775874,0.8635064013295586,0.6393071345278734,0.8043121516241366
56,0.4829436405670751,0.2531228911522626,0.9091584366200277,0.8564637403196103,0.8001026096178631,0.9404333121911653,0.609253754675023,0.9761981052637096
57,0.573422280387896,0.22715344128411816,0.8067199579854489,0.7886192917171609,0.8523360477686533,0.8010591499877301,0.6074550542250124,0.8409629374467917
58,0.6212291884376269,0.1726021943046716,0.868367501183305,0.7761877868081625,0.8930747680291222,0.8767833349808853,0.48692650134419935,0.8846806002891752
59,0.5332604904426334,0.21767284855409214,0.8722698307149304,0.9127665019374501,0.8545817375040273,0.9270598049994796,0.6290869848810632,0.800476881367648
60,0.5839383230333546,0.1345004019597879,0.8262220627000533,0.8033967508425973,0.9184088536565078,0.851794157845775,0.5718290542407894,0.9017051591889017
61,0.5494990728252097,0.06147242962710511,0.9236212212114024,0.8364335008211586,0.9065976641500839,0.8376526396005612,0.6160214611809347,0.851173891347165
62,0.6364913940457844,0.179489521314279,0.8652093975872844,0.9750166555294613,0.800933715417317,0.8596516208643876,0.4873389564561732,0.819881659814293
63,0.5568563535857515,0.22311436719354932,0.933697808940386,0.8372055697461914,0.9124095413534952,0.8086994922587734,0.5058260603184817,0.860391998554235
64,0.5079283058929311,0.18043730590929635,0.8460191368109133,0.8121023886668587,0.8653787059626205,0.835116769574283,0.5409966719149277,0.9565880026286084
65,0.4798738431372167,0.07647510577411283,0.9310798110038278,0.9688575967290369,0.8026084225678356,0.8194732740924371,0.5007666286467457,0.9592390076538562
66,0.4866582743218648,0.2343844628264193,0.8364041447545131,0.9325790765255845,0.9509108929847843,0.8436154972222695,0.54204919085612,0.9485834279544095
67,0.633441034169373,0.27433227225157225,0.910922858319366,0.7969844570645945,0.8335083085035452,0.9133050056466736,0.44855050322554213,0.9536078619725877
68,0.5894253952034145,0.046745699207400654,0.7875736821142982,0.7965599842722717,0.8819607027231052,0.8238245813911569,0.5864586121782075,0.9725292480171991
69,0.5630114273721367,0.2662268709656655,0.8692276428902256,0.870752790744162,0.952029218773509,0.8110873470150781,0.4516638815553768,0.8735082778783527
70,0.5854589295961684,0.18149510553951345,0.8337774624260064,0.84058134624451,0.8310188844570817,0.9387280441928993,0.5886872871450343,0.8144566612912707
71,0.49384854848181825,0.09058972192023185,0.8080126303967473,0.9462303504565318,0.8665287680992287,0.9601608869950745,0.4940516590127998,0.8953866445627778
72,0.6093265027957013,0.06268501446404617,0.9558292376508384,0.9776494604497475,0.8433827478581417,0.9628930826176861,0.5281949369583541,0.9816003204789939
73,0.6534559238383127,0.23427015112333213,0.7905643521216023,0.8717217283379697,0.9783850457714619,0.9525652781684728,0.47075576060235275,0.9097024257551294
74,0.5700089483763692,0.1066195074342546,0.9108954945669869,0.8055135461285726,0.8186439733689648,0.9595017975375404,0.5601814231047009,0.8229799269024665
75,0.5104208605000737,0.16476298612613044,0.833209345625007,0.8432320689129116,0.9158765977145495,0.8665600369244904,0.5177042272471937,0.965318060378089
76,0.5952914002273746,0.1411073643692645,0.8680569927418883,0.8769314547783805,0.8130749982617684,0.8559078832809087,0.46912043363180844,0.9314622386942857
77,0.5887529148848057,0.06237748313607597,0.9560629768933133,0.8725782552832307,0.8103991920449657,0.9467034472387458,0.6121928390345313,0.9579515039490616
78,0.6429715252458773,0.24061918580695335,0.838267747965992,0.8716200281659139,0.8956309352740194,0.9738607222066552,0.5464499598458945,0.8878433512457412
79,0.6265452291019742,0.09041922132055966,0.9589736438265092,0.9603628466872587,0.9505127400924488,0.9036293320494602,0.6216353406173722,0.8846329659764702
80,0.6034801087842476,0.26293341841112017,0.9073217878895334,0.7922538601904523,0.8238359876806904,0.8666325025628758,0.4627595204395829,0.807954229035854
81,0.615955848428434,0.21795446337607563,0.9054892980480598,0.9697978540073553,0.8189180425944853,0.8166382931672531,0.5050037301317924,0.8136016123749104
82,0.5116992260592031,0.2379647214558524,0.913370830958587,0.8413719961400439,0.9705905552368879,0.945541337326383,0.47954222785505063,0.8441099600604537
83,0.5680485779405055,0.2508319172800393,0.9033223927050495,0.8988586035613595,0.8293715302191962,0.8661348264009349,0.6181908704759844,0.8815836745040168
84,0.5557301451187258,0.18567889009750196,0.9127029533468636,0.8606274745017919,0.8930477445537461,0.838344605823532,0.5285503346377235,0.8510046695958441
85,0.4980815037602721,0.0972704651614131,0.8841081497052016,0.8331982118711488,0.8510470360151569,0.8856828509666128,0.5687306025429728,0.8240863957123827
86,0.4813230896167731,0.24595905120466027,0.9560487334785481,0.8274242966781384,0.8791613353820382,0.8736078074306972,0.4843933727324837,0.908979765317887
87,0.536870727226922,0.12296632616665676,0.8000531880112453,0.7815233209618959,0.9399030212931612,0.8495333408241407,0.4457494796974426,0.8756714880620955
88,0.5665870621492528,0.21141144025441705,0.8745507435254002,0.7837277911239855,0.8480177159307142,0.9290199075816896,0.5232690120009736,0.9536185538294271
89,0.5311790953361221,0.23067921848048598,0.978477012248768,0.7862644895630773,0.8903754404662367,0.8159287736718651,0.4797112140421344,0.807821949599694
90,0.6204299646262601,0.17321494728255146,0.8685889899459271,0.778076747150224,0.8978037627808158,0.9729244601084499,0.4898969300629804,0.9655979404782494
91,0.6285381466271726,0.16850540791946914,0.9187190915601711,0.8241977128068256,0.9288782833199907,0.9117779399381648,0.5066541709215405,0.9511832031877374
92,0.508176801293239,0.22722532506367915,0.9679513895107935,0.9650603441795405,0.8920704571626439,0.869692419149601,0.5524930256468661,0.957314554290265
93,0.8376113157585552,0.9129073736348792,0.08624623767932597,0.23574721926771702,0.1962955874225172,0.4904828895212114,0.9757129188002795,0.564887400404222
94,0.7787492041805365,0.7578983723936321,0.23589982812460075,0.21119938175730224,0.09800456666346163,0.5131224707016974,0.8129954559182088,0.4521698795271938
95,0.8170936690880463,0.9219508896910942,0.09672974824471878,0.1320849305493556,0.23599706642894858,0.5020449615014186,0.9270463542728198,0.5884330045557065
96,0.773296759854707,0.8125482644996203,0.07001830895827621,0.1390212622514374,0.06827406191742084,0.4731173724474593,0.9137389028353456,0.5300632705894333
97,0.7327008647063764,0.8448854200998264,0.05108500542871068,0.04262392150359485,0.22791455197070887,0.46137299948861454,0.7756501934678937,0.46877502041057106
98,0.8250048148933893,0.8385091938559904,0.05235016713471231,0.0614001114189216,0.08290605695545955,0.4619063729748378,0.8165255577705519,0.5207070518853268
99,0.8687381790794098,0.8934370024964147,0.045530055911030286,0.10526079877209825,0.18629081468821285,0.5174849723070439,0.9314521733159095,0.5927415711228702
100,0.7346204195889657,0.9670811223504936,0.2100796838952218,0.14074733309901133,0.14614614614284724,0.5654986624379861,0.9750250895275776,0.531943126770701
101,0.8737304305271079,0.7822229398137209,0.08021156999042986,0.135036261703926,0.13050046606648807,0.45333857769826685,0.9608701917497358,0.5366142675443951
102,0.8827391433448037,0.942650419399043,0.05615416683379266,0.25400920301690194,0.20023229581422428,0.39234338840728233,0.7808667519088401,0.4715241160204418
103,0.8075658939271066,0.8651237718715707,0.23395624939767165,0.16106037116504948,0.20822073204935296,0.5105299538531171,0.9365995515768872,0.5944629918169525
104,0.7950624871806714,0.8254282723211688,0.21278155805230647,0.04949792060804064,0.07832893481046024,0.4556410343757326,0.7977560997310262,0.44457599000758846
105,0.8754705148026917,0.8932329474392086,0.16453795343696734,0.13527602027585678,0.12980002357603165,0.43929945409512794,0.948659757076279,0.46472158994366597
106,0.7069657493035153,0.9311258134615781,0.05814399860142605,0.1106815902536551,0.16535123877944174,0.5684365600020815,0.8545089346156024,0.562059661241816
107,0.7977837409469047,0.9500156480033566,0.1934443255451547,0.1634890193868443,0.0839545242666134,0.39930226089940407,0.9489105651460342,0.5291026728383234
108,0.8150617097773865,0.8642747263111963,0.05811565840182789,0.09562107862362426,0.11235880573885104,0.5581468165420467,0.8602887839954216,0.5413627508466661
109,0.7282445292985095,0.7987247440989471,0.2455629658591322,0.16778562886792966,0.2046136082727215,0.39975024516633956,0.9014326082984188,0.49275984813468643
110,0.8451812051612143,0.7626217689430904,0.11682355731129325,0.2529898186165276,0.19659814746698293,0.47683143319552046,0.8268484677045077,0.4579496755849015
111,0.7326738951301652,0.7886657553604548,0.13752960739298883,0.19941761940876748,0.09915273121343227,0.5433096451260673,0.9048319882810916,0.5915050374180514
112,0.8602599812456518,0.8622152658776128,0.06049302777523963,0.24082401726452124,0.2036307512743346,0.5515180950853529,0.8597605885957103,0.4556842792569717
113,0.6956672110623882,0.9690272669506808,0.17915098158983875,0.25424837274469037,0.13901396804716726,0.38523396844453844,0.9173291299268336,0.49191506152972114
114,0.8182762461993152,0.8782894619133658,0.09366019904597453,0.24389645081871522,0.20888270176379453,0.555811854202122,0.9759845812781525,0.5680414496981266
115,0.7201462899308072,0.917975209488259,0.27990982162408673,0.14680864504962776,0.21130561809326315,0.39118578041964647,0.853429110750917,0.49077358930835796
116,0.8621658126584422,0.7987570153561433,0.14399294599464885,0.058948317693008345,0.08570428857422212,0.3827734107377808,0.940349945935404,0.46522929005198516
117,0.7132262020939246,0.8516285807199269,0.2319624653583539,0.24687228196622613,0.09660968345526418,0.5035560508085472,0.9609030671219055,0.45122840100544465
118,0.8097055799554581,0.7642340624805954,0.11341169112810112,0.18709075156647156,0.19336702252382212,0.46754082549900194,0.9384472199425011,0.4519398610798267
119,0.7789688321990279,0.7921139552078622,0.10094988890264325,0.08542292302538185,0.22385432686319562,0.5910899677669205,0.9201846419592126,0.46665075993937066
120,0.7946331563707367,0.7652842767076456,0.2520683670088361,0.13546737292003264,0.1065051817824691,0.44697301940143974,0.8406214610209549,0.5778330294564974
121,0.7034295911132845,0.8258118610214885,0.17305497474118206,0.2030396365932422,0.24754435429808092,0.5904397404402479,0.900983083537058,0.5537193587434484
122,0.8386648015572833,0.9074018936002453,0.1984732929521736,0.1700880089419519,0.08361476065596925,0.4636060349121608,0.7763553449283586,0.4650605103810911
123,0.6976402081617343,0.8805548712275304,0.2885755527427125,0.2548938947183157,0.22846843441075154,0.476301845639571,0.7904713548510667,0.5266317320618048
124,0.8301635354215027,0.9164482529273792,0.18262184550273766,0.20326500288084293,0.24420193728579762,0.5161235568945386,0.9210073681133316,0.5636159876261917
125,0.8662720563273625,0.9345737126549583,0.27645274993510033,0.05005600784168024,0.22870910401702496,0.3849641444167465,0.8879202518302084,0.5711073219187391
126,0.7096770592121163,0.9290181474577244,0.24654803953086674,0.2536605224548212,0.08119150862731023,0.5317943635431308,0.883242961874415,0.49460072653863696
127,0.8610214033712165,0.9422560181754001,0.11286646254114256,0.24586206348880657,0.17544082230132352,0.41229409061174555,0.8751464433510616,0.5686928691175375
128,0.7522624279035526,0.9048969601650837,0.20223044501494522,0.22525978700155286,0.20869975342265015,0.4676301611981936,0.8310918422779445,0.5083109988803466
129,0.7871941447848617,0.8522839092302298,0.1885574033339817,0.23547270008129778,0.08794366109210397,0.4634610008982892,0.9751003170523616,0.4980775247739818
130,0.7902766558428612,0.8382918939519013,0.24262261417950906,0.23072241506135946,0.24363468854968393,0.4025081044172389,0.7843976333276756,0.5102954528296935
131,0.7314447762663528,0.9760979484642659,0.12077271113076359,0.07300255541053885,0.17544689965303886,0.49191027259607495,0.7938437060129167,0.5885967392148517
132,0.7743375838419957,0.901465535151588,0.26707664488284144,0.18860419469218306,0.213134151633383,0.44992646206475473,0.867691758113737,0.4982935454486919
133,0.8449405717321335,0.8806283621824265,0.05505164125994183,0.06756789998962769,0.15977966952525108,0.4595904470620215,0.948169347943473,0.4627999764585536
134,0.8703920639204185,0.9221975555152951,0.213900005010267,0.21043587501299543,0.17537966480881106,0.48522812829789547,0.9525246687829078,0.553315649963171
135,0.8497304214848613,0.8787690808786456,0.06421256216370703,0.11417876566962419,0.15922705557460176,0.5052765685290443,0.8655329508722733,0.49597841985970664
136,0.7922156399180933,0.8785472298862808,0.2792528381184707,0.19013816133448064,0.20774511138281893,0.41169304852418076,0.9557819540381889,0.4539086804757148
137,0.8539885742025608,0.9776082876243009,0.06782075065382666,0.1966820349182208,0.2338377125004983,0.5853382741745685,0.9769838032646058,0.534572998601863
138,0.7329198335124399,0.8232715256648941,0.20372852614003617,0.06946133666811881,0.1818823013472292,0.5313886647958874,0.8125671759216135,0.5584755594669597
139,0.8018364467687321,0.8904517487507682,0.25957162128131084,0.2158237803839828,0.09187964126906778,0.5672274033383337,0.955028426098676,0.579075449225111
140,0.7971697871928675,0.9196430640481245,0.043012663447554667,0.08791615108047846,0.09301090411672747,0.3981129810950842,0.8453929650820594,0.4788461059043947
141,0.7673815130411763,0.9595240316079302,0.13114384139234606,0.21412203516646622,0.09575957420476038,0.4605881481939772,0.9498500346364991,0.46396634965864947
142,0.8536499865044357,0.9236920618805439,0.1740936573363082,0.1422374693349323,0.185383120428723,0.41241740251775594,0.9155022976704115,0.504265732073606
0,0.29240985513797857,0.16507408393906975,0.3823069218165434,0.2728082082165552,0.4312973769117748,0.1913365050934779,0.3818824567796993,0.29291781815699797
1,0.2940975462331241,0.33231715961019903,0.33011102415544286,0.2658311691701958,0.31132406330024165,0.20717811888907647,0.16990500073040196,0.43011216579390066
2,0.044226159038516455,0.0024417148500988375,0.08395090610549516,0.11577909722274737,0.15476332839806134,0.11563164394582978,0.11686088342504342,0.08523150399573756
3,0.3500492217945146,0.47038029824611177,0.4868885034017067,0.325631482438452,0.4201887843836163,0.3034876090338419,0.42030938781516836,0.4237881865033709
4,0.3090570317695851,0.40396933651356653,0.207463137877599,0.17276042752103712,0.25752390158207483,0.23693935880447253,0.3646719691942138,0.25644476921983433
5,0.4355622026692816,0.41422134013289397,0.4445186591996855,0.3144631437440197,0.3728932913306771,0.4000125574776872,0.31237224896098525,0.39088240636464355
6,0.061414152628836094,0.04451548070639011,0.06509021403143171,0.06386994445581878,0.07364453150580948,0.018424375417550685,0.18357158300610155,0.07897459565201699
7,0.955432112068678,0.9614551123147903,0.8311568424530076,0.9927515531736435,0.9738269297953613,0.873992289998486,0.98285026356655,0.898664085502848
8,0.946209456981246,0.9597952606331852,0.8720256690613178,0.8195386655124063,0.9362782575698683,0.9747253878142954,0.9868624802760151,0.8409234812781129
9,0.7090000374444989,0.7404889297346057,0.6929106161675528,0.5668587401629481,0.6595154559892928,0.6322925696836551,0.6951602691137724,0.7366818460377518
10,0.38506478123897714,0.25548976458461814,0.3861522835478095,0.4791494405559772,0.32892945418721176,0.44309469822536907,0.2840871031686682,0.38099947899638614
11,0.9892017433559894,0.8704592509867717,0.8857421520351177,0.8427835220376002,0.9242905542236034,0.876743258721673,0.8600479763515467,0.8721085949527961
12,0.3395532684547311,0.41510486863438595,0.28029080547882274,0.4424701677464299,0.27347093673300815,0.279361693201881,0.2969439251714079,0.2940801957470607
13,0.5012676132637095,0.4370047989980663,0.5882458539420533,0.5112841685672672,0.5081273799108893,0.5782813580522086,0.49847376813044075,0.538731166082586
14,0.5279530758519535,0.44618277721424865,0.6443541759122416,0.42534703375510363,0.6052994700659188,0.39234406815424355,0.38951277233116094,0.480240141553631
15,0.22414534164390942,0.3500093456368029,0.07785620555968051,0.14717384297485217,0.18391609342527257,0.29648992258383616,0.09328800918386879,0.3604739593415321
16,0.4141036404016336,0.4825670883578305,0.5244863311392056,0.3760859241781401,0.287076473894658,0.4622058595122661,0.3063957836411958,0.40185625781565276
17,0.012075105002599562,0.018678691992629858,0.11027000713162315,0.026582998502572373,0.05312581918462437,0.03326243232585159,0.1333126344385178,0.11621197479414758
18,0.8619829088723354,0.8536655917430003,0.8059625832346559,0.7382714151797392,0.8814919341387809,0.7734428348661654,0.7146683448301623,0.9953438669957526
19,0.3923130770409742,0.4096476585443229,0.4196281842438501,0.4585981584749441,0.5042726689499089,0.46898988400740077,0.4511942654367948,0.4584416969622817
20,0.5263330400574859,0.4849719336518111,0.44965759763201035,0.4706521728223951,0.5018988331402653,0.5221888204533495,0.6685662676179605,0.5878473341478888
21,0.4496008447466371,0.5529603507345334,0.32932899767138724,0.31163713295554835,0.3446222298326469,0.5503742521767221,0.5812032683721113,0.5954294222882508
22,0.8741240295984498,0.7550232961099602,0.9934546387012955,0.7327165537136601,0.7434390527652028,0.9201140977251809,0.78429782403051,0.953850937646052
23,0.3834901455869737,0.42243175022616863,0.3105380773264422,0.49441059019769024,0.36601928934588085,0.3432825906379307,0.4407725029983508,0.3226641443469795
24,0.11832985297900644,0.1897529045340609,0.22992430552310833,0.2652348656284536,0.1933562835860578,0.005396389440740479,0.11691235730202969,0.14466391182050092
25,0.8884990247880504,0.8581391097864086,0.8714235456853805,0.7747587164482752,0.8631025867029397,0.9254332712749679,0.7673338455093882,0.8353702825707858
26,0.7244030216753632,0.8206420298743594,0.6223691074612467,0.6551827541040309,0.8184483577246944,0.6702994736944532,0.7197444700588003,0.7250667468600186
27,0.33091898646264584,0.23776010496876265,0.3825067231585251,0.28691557981488414,0.38058861433603525,0.21722357133943554,0.19387987920140543,0.24694802440530478
28,0.10711063826427969,0.0955043053440143,0.08869222488474114,0.02431453368656095,0.06991298682879397,0.12561351970167384,0.2542093219712613,0.2277209686799965
29,0.19549550752071077,0.3412103672113134,0.2782760592566519,0.3132581244142271,0.15841756230947235,0.191196240070383,0.3009667566892827,0.1868301339491326
30,0.3237664641444089,0.3274188772047157,0.23056473695926574,0.277509395526973,0.18727489053251692,0.3253817666865087,0.3887162120178871,0.22017108764790846
31,0.33645162304308673,0.3614991295476388,0.34704602573949056,0.39755586399347836,0.3507116690887543,0.45533486830238457,0.3388332438546393,0.33721391528754335
32,0.8126401898690818,0.9442418843900616,0.7233586666960667,0.7989756148033531,0.7545418865957221,0.8788072816405577,0.7716005402373249,0.8538274931786101
33,0.36163850281765053,0.43393131146805436,0.33385204925137246,0.48640643840615505,0.4193496913834563,0.2602503495309277,0.2200846894203487,0.2804026233581322
34,0.7577267868368136,0.8790968892252572,0.7642556959549391,0.7013543509297702,0.781525539436492,0.8297158213704962,0.6624462836870709,0.7106006479642948
35,0.18481079778370813,0.3277179465938613,0.09639160877760063,0.2384326678563876,0.2604121354360553,0.060758261272543294,0.1481235901893863,0.18618330389357202
36,0.12569710692308367,0.1990213908833417,0.08207229445032141,0.22055292727164336,0.10433018573436144,0.24686681843521444,0.0022671069239750623,0.24818470409493582
37,0.15417358424132388,0.1404653052402533,0.06001293915358615,0.05113603225786236,0.20413094465055925,0.16208110091056277,0.21419574893546586,0.14253237580330008
38,0.2170827326694169,0.3084171882011211,0.32514606119725636,0.1342619752273689,0.10712178669566974,0.3241205148362389,0.08442246754099003,0.10380296146327013
39,0.06940138356533998,0.0486142828628362,0.10209661731795491,0.1264385169100003,0.06558830662153739,0.05501356385391264,0.12516903523612347,0.1511588171549168
40,0.27640077244162176,0.35590438426483556,0.26654345995512185,0.34953120142382654,0.14944489361987723,0.29008925497274957,0.13414101374714524,0.3669787734428959
41,0.855986245416803,0.8557290920011422,0.9118381453636305,0.7507291234562108,0.9296760259635045,0.753071423802715,0.8258813221531373,0.8255823302854646
42,0.6027754070484572,0.7236049000999389,0.4760648182964833,0.6376512668331236,0.4729308633791245,0.5337657909646396,0.45473403330348483,0.5172286221408622
43,0.8080122440836568,0.7944074603070733,0.9224709662315811,0.8674093807605519,0.8158349936248087,0.8928377783763463,0.7966377976247893,0.7265900141476199
44,0.2357940005938981,0.3806733355563497,0.35942610562373023,0.290044006272394,0.25157055016634067,0.20111842897721682,0.21568764585532887,0.20904169323148578
45,0.2754381007965112,0.23829206284022358,0.15934039395150482,0.2842088514605445,0.36865344763937336,0.23017062675062436,0.35845642138500466,0.16274935470943655
46,0.9859303410159115,0.8868705595776071,0.9000024970864311,0.8443766453152893,0.876304103246328,0.9891141020170048,0.9904509426485897,0.8899433410297717
47,0.21728939699874616,0.20476645715612019,0.2287377542022745,0.10557043978777415,0.07884322319871892,0.24441135194884492,0.2733987524528152,0.15776563854329143
48,0.41734241247289083,0.44179272511648204,0.3307396365453415,0.4807444684509201,0.4105962811242621,0.3082600141615923,0.426880437548144,0.4819915238935641
49,0.11837078690337277,0.03538154589536736,0.17593947619048197,0.13327931420072844,0.24902032131027158,0.22474885131501404,0.19464894234351027,0.2539529295992958
50,0.7069873807095362,0.7894997908468827,0.6230507561424513,0.5994926856410163,0.8361087473574387,0.6239028565050382,0.6604761245783559,0.7688454611096034
51,0.2623393161373393,0.2970864615376336,0.20100278283616488,0.11733038760175206,0.2852078295090818,0.3234025888058088,0.25207448626303924,0.21998043811111972
52,0.290993261434332,0.15626287506984549,0.41597672616758763,0.39443245411405137,0.41092742998766496,0.3313460599072947,0.31192089852026433,0.14691539059154185
53,0.3926213906766114,0.3500155848939567,0.4562655493128927,0.30189113297112596,0.323495254421115,0.3967466854997715,0.27777058173336067,0.5025252807321883
54,0.11771331639258609,0.14606303577128135,0.035764952781169125,0.08861194133922082,0.03569354633771383,0.18675564157745658,0.11278307031969739,0.17199665139779816
55,0.710984882746331,0.8556210913632863,0.6441006575664124,0.7108477480885043,0.6732949851684324,0.7120901840189918,0.6518220479734712,0.6999162295059871
56,0.24491437997510745,0.11693634883740879,0.3413953237291651,0.24855576349491815,0.13965466940028612,0.2740045160386218,0.3119609624022674,0.17010333126094848
57,0.9181879842988141,0.8012365751693997,0.9637208246453072,0.9075229922927294,0.9478441969654533,0.9997970317754421,0.8858974645636446,0.8863318994066525
58,0.33269194822081083,0.22429693443021032,0.24391059086594657,0.4720386990289706,0.3726974701472618,0.3043546100219578,0.30898463193733916,0.4563859147191468
59,0.200011932052383,0.2668700511514093,0.08059122712417995,0.3343352542801824,0.0691351094234651,0.2276036724253108,0.20252312947593745,0.11119941966570393
60,0.10164817239379476,0.07939547354658093,0.12603460992517776,0.17152562874969807,0.220355934988368,0.2306534273681025,0.2188013060761492,0.06596969624224198
61,0.8526323176016255,0.856466721345699,0.9837490606951932,0.9893949570495393,0.728026951658193,0.9193684341319917,0.8594830725422583,0.8387155094655396
62,0.8193427491410967,0.7517800755832518,0.8342999215210897,0.7473562732997221,0.7398016125203083,0.7766797538119998,0.7675607281056495,0.9643000840324784
63,0.40569172037824375,0.3331444416586011,0.49358641020910293,0.2831861240730103,0.389985736178682,0.34574803592459474,0.4824827699794379,0.3817971452874925
64,0.9604496486334635,0.9561648576034342,0.9415785847487481,0.8922716899780678,0.8796569743607616,0.8726693727328733,0.8641786392863623,0.9668517671503623
65,0.5975186839957938,0.46226150018985807,0.6551026581690181,0.6161532907201718,0.4867570664168108,0.6674536387671104,0.6548980173636147,0.5672563935459988
66,0.8907327888854553,0.851117282153415,0.9202711054387892,0.8834968098845525,0.8455321431176938,0.9461885064293746,0.7657930979488878,0.9283196511885362
67,0.9551545777580228,0.9286503017939342,0.9528992084437722,0.8435094016017988,0.9582873239827093,0.8808644663966169,0.8699502039187488,0.9768547060571848
68,0.45726844749010587,0.43534980564921744,0.5621200492932272,0.5097445011808515,0.4620442172207952,0.5461344137611116,0.33186109543546144,0.5536961765724594
69,0.9071151234744661,0.8306706693427401,0.924825964705928,0.9110515192806532,0.8483858555092437,0.8604749424132684,0.7959428294312731,0.9468816550463393
70,0.028182972156946873,0.05067169619839343,0.004548801897542026,0.06514832761115735,0.03472213584008614,0.10253261755718822,0.025632087520465658,0.07754122575465884
71,0.5730656203823428,0.6264511240317504,0.6189888367851202,0.7201434379028315,0.5537861182279976,0.4373508844420856,0.7067781385779787,0.6753915711779953
72,0.09366463867423991,0.22647312352150048,0.01583293719189442,0.1241987265943773,0.13963589804133786,0.191068808109624,0.21586889023284156,0.11743715309406497
73,0.17682107767416566,0.24803215683196275,0.316911702020659,0.202862142242264,0.14410321793211028,0.18629950783936042,0.10621627717490381,0.28070906626438896
74,0.018405392615477245,0.14232275677069417,0.13431708149738136,0.035974340310463204,0.07908867533236642,0.08883631022663306,0.0005858374881747646,0.10702805753390918
75,0.4463343397100705,0.565007269331796,0.35450200705018775,0.4849710695387506,0.4604765228054237,0.2974177440772978,0.4062711593464459,0.5860606459084237
76,0.7153791328120287,0.778002888692872,0.7829914550337207,0.7852240565253806,0.8514010882317843,0.8449122030480234,0.5750236791543606,0.7029206929161856
77,0.7946364535215249,0.7764227034687237,0.9254551208172862,0.8357271568196707,0.8315855302191635,0.690670635145906,0.9023423653473197,0.7781407601763815
78,0.5414880665831028,0.3990584779380826,0.6311423913116347,0.6501971115872941,0.6740308277278841,0.49186523377966107,0.5883358325805256,0.5821407712318067
79,0.8059051982564092,0.9522988005912048,0.7693624274552711,0.7989159048145883,0.7195907298000379,0.9077725767501093,0.6621396787177495,0.702666814276344
80,0.1474003165162272,0.2855205794060432,0.08515768985545566,0.023190639513272257,0.12319471891825982,0.17932509953332124,0.24504036624591627,0.14261412012811647
81,0.16591876853592535,0.08005665091147675,0.19612843436818603,0.19822351283351186,0.09564226663643181,0.2071408775979993,0.19168196785209246,0.2126766794828729
82,0.10756446867795466,0.2113639726161218,0.12007549677405802,0.11829075515176679,0.12368378733322209,0.17301718139598554,0.1737856989177476,0.2249824478739921
83,0.6795000875459842,0.6962994223710949,0.7948547832448705,0.5767779672140262,0.7000360562354739,0.6002481590309596,0.6286523564511803,0.8133618143635133
84,0.13112014867208632,0.05294166651785,0.07848758245751998,0.07581968238209805,0.031521799967621084,0.10559302207198114,0.03801106045593017,0.008047295848071956
85,0.9299435372811278,0.9328039381853651,0.9635694079610834,0.826446793233588,0.8366528638430726,0.8034188036255031,0.8934419049494672,0.9351852169931989
86,0.02436485452230297,0.01923496454134294,0.07438865162013751,0.09847606868915786,0.028374640821337307,0.08084388561403254,0.03802398431876153,0.04815020556287238
87,0.09061746593264308,0.07357036263168007,0.24059002194196863,0.14755496372431876,0.19516366448651798,0.04673566870294028,0.044439788710692735,0.05260771597584303
88,0.01458158818190114,0.14919296868362064,0.02057580849608998,0.00844808441822045,0.04358212660014147,0.002909836071892634,0.14277439610974837,0.04493726369000486
89,0.14469763589750495,0.03442951322335164,0.0683212990995043,0.19737672730918585,0.10627423488369236,0.057199729477819795,0.03225084281247914,0.11901887153466605
90,0.2993617317477919,0.22890662926202204,0.22179406046163197,0.3718842347893909,0.17282227889234555,0.2152649302492751,0.2659391173152731,0.3475180636036704
91,0.7711340258952537,0.7524610415096422,0.918368822823435,0.6719230837279053,0.6537451884195574,0.7381611440700633,0.8806467432059619,0.6549701702620822
92,0.2679919624745808,0.16895042704962854,0.3760812039006904,0.4033851534134356,0.1524493473298898,0.17928440745487284,0.35612634066219895,0.33147145479902496
93,0.731560203417718,0.8073814342280646,0.6536995563994887,0.7394948816807329,0.8477629198651913,0.5867850840296263,0.6642379620280674,0.8643892130287041
94,0.39636085307208413,0.27621156396831037,0.38406014874705424,0.3727242904596851,0.5082623577894269,0.4858304289671865,0.43253859837576036,0.4989694012375719
95,0.8227138052714602,0.8375622348113593,0.8573020995694594,0.747138723529964,0.8126703372133386,0.8656821777289448,0.8171130397562453,0.7131239269355661
96,0.46975327787802557,0.35534334616086416,0.3877411512055502,0.5443216180085577,0.3217232120512862,0.5226493429277987,0.4326317914701201,0.4709489787104718
97,0.3545293489439201,0.45189566724934094,0.2510614929248504,0.39796452702343665,0.32340233834418214,0.4896498817887384,0.2835761052527633,0.33203565405370433
98,0.49580291720243563,0.37273559022258285,0.42424752736038374,0.47959714803880016,0.5429459715251161,0.4619743248812247,0.35203539157828595,0.5208878705749374
99,0.842288408238508,0.9141138081487266,0.8509295840305727,0.9678949221907163,0.9251392945556385,0.786071628292263,0.703766414634293,0.7742486869831384
100,0.499457621934023,0.6091566788191491,0.39155677871156586,0.415810917523041,0.502412706775482,0.5810142395795551,0.4586868256738295,0.6280469103889237
101,0.2329916409963011,0.3007705411862622,0.31226901164123994,0.3016823551648306,0.1003507063266394,0.3571252350923911,0.17600426057331758,0.32858740740764936
102,0.9851799472159979,0.9569744080905418,0.875316506180415,0.899528171595716,0.9720196007911691,0.9159426227644571,0.8871168867352668,0.8640399552807132
103,0.48483192939349173,0.5365558984519155,0.425600250450483,0.6199593600691105,0.38671600587083654,0.38129026690082884,0.35169103408076946,0.5916822982786607
104,0.5867760115181022,0.7109715230148667,0.6828653285307721,0.7269092455064802,0.5688429920200838,0.5709912848896268,0.6552311113989591,0.625513630106302
105,0.4722040162997343,0.6813854535603956,0.7856450228382064,0.28108014200486053,0.3919764657257532,0.5769534931158036,0.6347014110362592,0.609438738692506
106,0.37029795381408914,0.31280822439958755,0.3967634939138398,0.875845054952169,0.849334998426323,0.3861763903497406,0.9691915827258788,0.8460519622714593
107,0.5961067341564714,0.46083727011479225,0.4362834109109506,0.7580369525959716,0.17761772907213458,0.6271360292983388,0.4599088394597055,0.8722759534038713
108,0.5768462686638205,0.6364339506476135,0.690634668593817,0.5742385988732996,0.0007250476114073479,0.33350453074317943,0.4300817527527345,0.9715892988084949
109,0.3251540389006,0.90296570057364,0.05760630716868542,0.9255110050902797,0.30148025578226045,0.36019217873098586,0.6318941939891498,0.4115644193560355
110,0.8828469713293876,0.21459445249984954,0.6322207996649476,0.36456940061669973,0.23160001997722635,0.04738276183932855,0.2010935563914762,0.3618296850388114
111,0.04084544148452074,0.806306433278595,0.7376372184579139,0.19509330545821646,0.48906718943850813,0.37094617737660385,0.253616140764684,0.2648951459861626
112,0.5475675313229968,0.865838536226351,0.04041771396079841,0.9345640208352186,0.5454236784859643,0.7788511086210939,0.8831290820793538,0.1587472026400043
113,0.72075634552322,0.20234687809282192,0.1653638636261212,0.8799658980519012,0.09323070794501631,0.9864671277207511,0.9812693672154615,0.4792458401402453
114,0.5252800024520781,0.805760168734486,0.027381576242666794,0.35901934778101086,0.395121839734782,0.08745123850018266,0.6766739927683731,0.9613945843959537
115,0.22644619777423913,0.2301666685557413,0.054672605786128425,0.6964076186212327,0.5328885576818616,0.884900551588415,0.12343865143006716,0.5485537580661997
116,0.5473857074222928,0.7473524506731453,0.32237999232235426,0.003008476022590356,0.5532252638992468,0.2742875569146106,0.482819877590249,0.36273078688522964
117,0.4407452752734906,0.08514848061007285,0.006039666279367806,0.22520949592720818,0.3110324701761611,0.707773657064722,0.8147587972835044,0.7742278145585035
118,0.649234496326152,0.9265995683133572,0.6403986108208959,0.7074145059408639,0.6473183275058438,0.815822094893558,0.22907022377230368,0.36443218179732106
119,0.2550722540534902,0.6941539858000454,0.704023631644118,0.06858969666414128,0.5678650387166333,0.12375135696294981,0.7377188439328555,0.747030541121001
120,0.647525521561217,0.6226618912179973,0.394377871574884,0.07237886315148279,0.9492518331108595,0.8984615837773913,0.5212672429378287,0.876615585340017
121,0.9460525024486068,0.4930228499855067,0.9473635547345585,0.3701293256314804,0.48649988360869245,0.7567341197041697,0.1032549922177246,0.8923224507469392
122,0.31381245625318366,0.3619298826052455,0.0876253967289018,0.3275581715043834,0.5383141992980662,0.38228806657187375,0.00795911723022269,0.1952354098593354
123,0.5519226485516666,0.9728482094305175,0.8073999560285798,0.6304724918953271,0.33484139779372346,0.7703272336709635,0.36379919093037905,0.5596689094452485
124,0.2554712980081568,0.920719998693686,0.3805349821781736,0.5945998518309674,0.5916324174764602,0.16895641573176468,0.744134307974111,0.7747434766114363
125,0.8950780169287336,0.34432548066960256,0.8775949914346333,0.41532120987090737,0.35291788756327835,0.7505658791335743,0.5585690832302346,0.558043926955456
126,0.5449296886310331,0.9924517848015164,0.01834815048572791,0.6943586223681479,0.20664590670992222,0.03995306003682275,0.5640960553216996,0.4606658144561533
127,0.0329527770687541,0.15575687325001608,0.6913804557668861,0.37306175037761324,0.05401121204599768,0.3512711579671006,0.5636633357268175,0.6954678686998408
128,0.7396904005340619,0.18233694228515396,0.09565932096406882,0.5584900044662737,0.7538036510761661,0.7079957701487778,0.1458999293972396,0.7083968097571267
129,0.8299532255465769,0.9589057659400686,0.8111395755182595,0.34272258606638273,0.5473797415527684,0.869310977444862,0.3637389017820378,0.5400967643752057
130,0.9806852547052205,0.4765130321921074,0.39772890840547515,0.03118850097004522,0.6987956542543776,0.5595642598936852,0.43695131783860375,0.13236960815465593
131,0.6822827908122373,0.7952310167546077,0.3022115418641085,0.1960993655851322,0.7778695487875775,0.39771194046248226,0.0985278765643347,0.891473602908825
132,0.9409974878286311,0.8200891935921173,0.6212299755363113,0.6960570797261618,0.1730946309250938,0.8255256773751136,0.10036622298445441,0.44995519231469894
133,0.16474774511339785,0.7069297944651585,0.2535941443610854,0.17929731027974882,0.506474366712818,0.6969983718009467,0.19010889689674682,0.17240651645637706
134,0.3135565876966633,0.8275379760858834,0.9897848959052649,0.8334786872833404,0.8307937367692435,0.6999618647397314,0.7272339899543905,0.35252384242578816
135,0.15538809068120352,0.038909846940919035,0.7396428079433786,0.06503720769769195,0.9328354909983152,0.24777910160995908,0.8742415972194078,0.24251088619756977
136,0.2770051433730263,0.6154906625961958,0.18210756308679255,0.5025679113573587,0.09771069474861238,0.2424892968125545,0.9414378209372958,0.7815495762080455
137,0.13423694451368218,0.06570470082176083,0.8015077112374731,0.21106575986339537,0.7169901489599735,0.7666442719169109,0.7778604873156116,0.3958807467631733
138,0.9341230752675933,0.4720218119563149,0.25745163397511694,0.750003096294884,0.7191103966901331,0.1647473956608323,0.7497729276259093,0.9770700260941458
139,0.6523798568271357,0.6715053276947478,0.5200985119457995,0.4421035498076904,0.7195129749505125,0.3626269799620563,0.3181776653863915,0.23751630700429072
140,0.05295710275714138,0.298701940666241,0.7803575425578078,0.9925374340465605,0.9706413455578704,0.23736813415818903,0.11926470427641833,0.34586781020119917
141,0.08310023847439352,0.5378701409740161,0.5065728562646632,0.4142152527731422,0.6197394677502348,0.5762922052138362,0.8317516864289525,0.5156205615891838
142,0.527626968921568,0.6728717874146579,0.3594804365805089,0.5017046258589446,0.5443585325013252,0.5120568909379619,0.38674884070634197,0.9768660189661622
143,0.06600934731191366,0.348261678507251,0.5196121692556026,0.707674790655134,0.9213826488426289,0.13025897726242053,0.7536153841857076,0.8947481593162387
144,0.2628339442901735,0.9107581746648301,0.5033863981732061,0.9835824455197382,0.6230749956158308,0.9832691699165097,0.44348145543769824,0.9668431867554184
145,0.9983401864746149,0.5841925878149894,0.003277232303717792,0.630048656868831,0.6095445442903449,0.6615558360252132,0.6373565897692044,0.32872931581718245
146,0.7461246587557366,0.9062202036655373,0.7309396136024378,0.47283329345262204,0.3270098649150819,0.908170313924967,0.7363965545356694,0.058694405479566614
147,0.9633095586210199,0.3024036534912087,0.6455531263263921,0.12836239158881546,0.589118370463604,0.8591775214289916,0.2916568552779517,0.5823704024359868
148,0.027073484529142045,0.8068277078936672,0.39139600671643615,0.35569345284631915,0.8139645975968144,0.08206005316040854,0.9135500399862626,0.5102655284558024
149,0.4541882421966861,0.021538728569057364,0.9374511978727753,0.17139181570270767,0.584665813338362,0.4214753907461779,0.1228229856211267,0.9424573806177616