id,d1,d2,d3,d4,d5,d6,d7,d8,d9,d10,d11,d12,d13
273,0.9592716818399617,0.010045662100456522,0,0,0,0.16573426573426572,0.8448610213316096,0.4774590163934426,0,0,0.017114914425428118,0.3802816901408452,0.01771587743733197
81,0,0,0,0.005420054200541796,0.031417624521072725,0.14825174825174825,1,0.44672131147540983,0.33137542829172784,0.05480769230769232,0.49877750611246974,0.5295774647887325,0.5016155988858113
235,0,0.057534246575342514,0,0.008130081300813287,0.034482758620689696,0,0.6658047834518422,0,0.11943220753793438,0.06634615384615382,0.22249388753056198,0.4929577464788736,0.16763231197772546
16,0.9597508385241974,0.10045662100456629,0.4689507494646682,0.008130081300813287,0.0398467432950191,0.14895104895104896,0.9941822882999356,0.45491803278688525,0.3098384728340675,0.06201923076923076,0.24694376528117346,0.9492957746478874,0.39337047353761945
200,0.9602299952084331,0.007305936073059189,0,0.010840108401083593,0.04980842911877396,0.16573426573426572,0.7052359405300582,0.4754098360655738,0.1404796867351934,0.07644230769230768,0.30317848410757975,0.39014084507042296,0.18434540389973322
228,0.9597508385241974,0.11324200913241991,0,0.010840108401083593,0.043678160919540215,0.17762237762237765,0.6819650937297996,0.5040983606557378,0.23641703377386203,0.09903846153846158,0.2982885085574578,0.946478873239437,0.46562674094707995
229,0.9602299952084331,0.13607305936073052,0,0.016260162601626573,0.059770114942528686,0.19440559440559443,0.6043956043956046,0.5471311475409837,0.24669603524229078,0.1346153846153847,0.293398533007335,0.9521126760563383,0.4618941504178384
48,0.9602299952084331,0.017351598173516072,0,0.01897018970189688,0.07279693486590037,0,0.8177117000646412,0,0.3489965736661772,0.05913461538461538,0.34229828850855704,0.8239436619718312,0.4679665738161602
194,0.9602299952084331,0.025570776255707826,0,0.02439024390243986,0.08352490421455931,0.17692307692307693,0.6464124111182935,0.48155737704918034,0.20460107684777296,0.10000000000000009,0.40097799511002385,0.5478873239436624,0.37838440111420485
174,0,0.028310502283104916,0,0.02439024390243986,0.08429118773946359,0,0.6173238526179705,0,0.25061184532550174,0.1225961538461538,0.3960880195599019,0.6154929577464789,0.41532033426184073
202,0.9626257786296119,0.12694063926940632,0,0.027100271002710168,0.09501915708812259,0.17132867132867133,0.46994182288299946,0.48360655737704916,0.25256975036710716,0.17980769230769234,0.39119804400978,0.6577464788732396,0.4391086350974945
113,0.9597508385241974,0.10045662100456629,0,0.027100271002710168,0.09195402298850576,0.14685314685314688,0.5636716224951519,0.444672131147541,0.4302496328928047,0.09374999999999999,0.5819070904645471,0.7887323943661976,0.9187743732590558
83,0.9607091518926689,0.027397260273972716,0,0.029810298102981653,0.09808429118773944,0.15454545454545457,0.7239819004524888,0.4774590163934426,0.3700440528634361,0.09759615384615389,0.537897310513447,0.49577464788732445,0.5344846796657451
114,0.9602299952084331,0.10867579908675794,0,0.03252032520325196,0.10498084291187731,0.15384615384615385,0.5636716224951519,0.4692622950819672,0.4224180127263827,0.10336538461538458,0.6283618581907096,0.630985915492958,0.8573816155989025
146,0.9611883085769046,0.11872146118721458,0,0.03794037940379376,0.11877394636015323,0,0.475759534583064,0,0.315712187958884,0.0807692307692308,0.6259168704156481,0.4197183098591549,0.6027855153203429
195,0.9616674652611404,0.030136986301369805,0,0.03794037940379376,0.11800766283524902,0.18671328671328674,0.5313510019392375,0.4959016393442623,0.20509055310817426,0.10817307692307693,0.30317848410757975,0.5985915492957746,0.29292479108635694
141,0,0.0831050228310501,0,0.03794037940379376,0.12107279693486586,0,0.48933419521654825,0,0.3773861967694565,0.1485576923076924,0.5916870415647919,0.6521126760563383,0.7948189415041947
103,0,0.05114155251141541,0,0.04065040650406525,0.12337164750957856,0.15664335664335668,0.5365223012281838,0.4795081967213115,0.3680861478218306,0.12932692307692306,0.5183374083129584,0.5380281690140846,0.5413370473537699
7,0.9607091518926689,0.15251141552511416,0.46680942184154184,0.04336043360433556,0.12950191570881223,0.17202797202797204,0.6767937944408533,0.5184426229508197,0.34752814488497297,0.24086538461538468,0.3227383863080684,0.623943661971831,0.3282451253481959
31,0.9616674652611404,0.12054794520547947,0.5010706638115633,0.04607046070460705,0.13333333333333322,0.16503496503496506,0.6968325791855204,0.5204918032786885,0.2604013705335292,0.05480769230769232,0.38875305623471856,0.2943661971830987,0.19604456824513436
84,0.9602299952084331,0.04200913242009121,0,0.04607046070460705,0.13716475095785433,0.15664335664335668,0.6179702650290887,0.4877049180327869,0.39794419970631423,0.14182692307692313,0.5403422982885084,0.4985915492957744,0.5411699164345539
279,0.9621466219453761,0.13515981735159807,0,0.04607046070460705,0.1379310344827586,0.2573426573426574,0.46024563671622504,0.680327868852459,0.1404796867351934,0.20336538461538475,0.14425427872860652,0.5845070422535213,0.14462395543176032
133,0,0.04109589041095877,0,0.04607046070460705,0.13409961685823749,0,0.47511312217194573,0,0.3558492413117964,0.18461538461538468,0.5354523227383865,0.5915492957746482,0.6212256267409582
105,0.9602299952084331,0.04292237442922366,0,0.048780487804878536,0.14252873563218385,0.16083916083916086,0.5074337427278605,0.5020491803278688,0.3485070974057759,0.15048076923076925,0.5599022004889971,0.40985915492957803,0.48334261838441195
159,0.9611883085769046,0.052968036529680296,0,0.048780487804878536,0.14099616858237543,0.15944055944055946,0.5927601809954752,0.42827868852459017,0.2697014194811551,0.11009615384615384,0.4083129584352072,0.5577464788732397,0.395097493036227
42,0.9616674652611404,0.10410958904109584,0.524625267665953,0.05149051490514884,0.14865900383141767,0.16293706293706295,0.6405946994182291,0.4979508196721312,0.3137542829172786,0.09711538461538466,0.3789731051344738,0.45633802816901425,0.2923119777158842
90,0.9602299952084331,0.04018264840182645,0,0.05149051490514884,0.1455938697318007,0.16083916083916086,0.5074337427278605,0.4918032786885246,0.39990210474791965,0.17980769230769234,0.5623471882640585,0.4746478873239437,0.5540389972144952
62,0.9602299952084331,0.14794520547945192,0,0.05149051490514884,0.14636015325670498,0.16853146853146855,0.5733678086619265,0.5184426229508197,0.3891336270190896,0.13173076923076926,0.46943765281173633,0.5535211267605632,0.47738161559890074
89,0.9597508385241974,0.030136986301369805,0,0.05149051490514884,0.14482758620689656,0.16083916083916086,0.5597931480284423,0.48565573770491804,0.39255996084189915,0.15769230769230774,0.4963325183374083,0.5591549295774649,0.5238440111420735
278,0.9626257786296119,0.23287671232876705,0,0.05149051490514884,0.14942528735632182,0.2426573426573427,0.35875888817065305,0.6209016393442623,0.20264317180616742,0.3346153846153846,0.12958435207823982,0.8746478873239439,0.2270194986072447
206,0,0.08767123287671232,0,0.054200542005420335,0.15095785440613022,0.22097902097902097,0.48933419521654825,0.5737704918032787,0.14439549681840436,0.2956730769230769,0.09535452322738358,0.6718309859154934,0.13693593314764163
63,0.9607091518926689,0.11415525114155235,0,0.05691056910569064,0.1593869731800766,0.16153846153846155,0.5914673561732386,0.5,0.3411649534997553,0.11009615384615384,0.4523227383863073,0.42253521126760624,0.35142061281337694
92,0.9611883085769046,0.07305936073059358,0,0.05691056910569064,0.16015325670498076,0.17132867132867133,0.5003232062055593,0.5409836065573771,0.4150758688203622,0.20673076923076925,0.5623471882640585,0.522535211267606,0.6033983286908156
155,0.9611883085769046,0.08036529680365302,0,0.05691056910569064,0.1578544061302682,0.17762237762237765,0.49321266968325783,0.5061475409836066,0.35389133627019087,0.18942307692307694,0.5941320293398533,0.5760563380281691,0.7200000000000041
28,0,0.22374429223744285,0,0.05691056910569064,0.15632183908045977,0,0.5617323852617969,0,0.3675966715614293,0.09519230769230774,0.3936430317848405,0.7070422535211266,0.47342618384402363
98,0.9597508385241974,0.08219178082191766,0,0.05962059620596213,0.16168582375478918,0,0.46994182288299946,0,0.4018600097895252,0.22307692307692314,0.5599022004889971,0.46478873239436636,0.5389972144846896
13,0.9621466219453761,0.22100456621004552,0,0.05962059620596213,0.16475095785440602,0.1839160839160839,0.612152553329024,0.5471311475409837,0.37347038668624577,0.16298076923076926,0.3643031784841071,0.646478873239437,0.39236768802229527
33,0.9621466219453761,0.17260273972602744,0.5331905781584584,0.06233062330623362,0.16781609195402297,0.18251748251748254,0.5824175824175826,0.5491803278688525,0.3206069505628977,0.11634615384615388,0.2836185819070911,0.6323943661971836,0.28707520891365634
6,0,0.19817351598173502,0.4817987152034262,0.06233062330623362,0.16781609195402297,0.18111888111888114,0.6115061409179058,0.5307377049180328,0.3886441507586881,0.2923076923076923,0.33251833740831316,0.747887323943662,0.41025069637884315
299,0.9621466219453761,0.13972602739726028,0,0.06504065040650392,0.17241379310344823,0.2363636363636364,0.4027149321266969,0.6045081967213115,0.12481644640234957,0.09086538461538461,0.4474327628361854,0.18309859154929586,0.1643454038997407
94,0.9602299952084331,0.10410958904109584,0,0.06504065040650392,0.17241379310344823,0.15664335664335668,0.45830639948287016,0.48975409836065575,0.4204601076847774,0.1932692307692309,0.6185819070904648,0.47183098591549283,0.647019498607246
293,0.9631049353138477,0.2547945205479452,0,0.06504065040650392,0.17471264367816092,0.22167832167832172,0.2967032967032967,0.569672131147541,0.3210964268232992,0.23028846153846164,0.3667481662591685,0.9507042253521126,0.5817270194986208
5,0.9621466219453761,0.2228310502283104,0.49036402569593157,0.06775067750677542,0.17854406130268202,0.16993006993006995,0.6140917905623788,0.5348360655737705,0.395007342143906,0.3052884615384615,0.3936430317848405,0.6492957746478879,0.4341504178273075
289,0,0.2456621004566209,0,0.06775067750677542,0.17854406130268202,0.19930069930069932,0.30898513251454435,0.5450819672131147,0.2599118942731278,0.15192307692307688,0.3496332518337404,0.7352112676056338,0.42440111420613513
264,0.9635840919980834,0.28584474885844735,0,0.06775067750677542,0.17547892720306507,0.24545454545454548,0.336780866192631,0.639344262295082,0.21781693587860984,0.16826923076923078,0.2249388753056234,0.7521126760563381,0.2806685236768884
260,0.9635840919980834,0.1835616438356164,0,0.07046070460704691,0.18544061302681986,0.26993006993006996,0.40917905623787987,0.7008196721311475,0.11747430249632895,0.16250000000000003,0.20048899755501193,0.32816901408450716,0.08629526462395622
270,0.9707714422616196,0.18721461187214591,0,0.07046070460704691,0.18237547892720304,0.24335664335664337,0.3826761473820299,0.6311475409836066,0.1600587371512482,0.14038461538461539,0.2689486552567235,0.450704225352113,0.18557103064067865
145,0.9626257786296119,0.12785388127853878,0,0.07317073170731721,0.18697318007662828,0,0.46929541047188117,0,0.3005384238864415,0.10144230769230772,0.8753056234718821,0.0873239436619721,0.4614484679665816
246,0,0.24200913242009126,0,0.07317073170731721,0.18620689655172415,0.2132867132867133,0.34259857789269554,0.5450819672131147,0.2897699461576113,0.2576923076923077,0.3496332518337404,0.8056338028169013,0.46885793871867376
272,0.9635840919980834,0.10593607305936072,0,0.0758807588075887,0.19463601532567038,0.2692307692307692,0.4175824175824176,0.6659836065573771,0.08712677435144395,0.09759615384615389,0.12958435207823982,0.33380281690140845,0.05181058495822553
294,0.9631049353138477,0.26118721461187194,0,0.0758807588075887,0.1908045977011494,0.25594405594405595,0.2876535229476407,0.5819672131147541,0.33333333333333337,0.2774038461538461,0.3765281173594133,0.9112676056338028,0.5771030640668513
280,0.9650215620507906,0.1926940639269406,0,0.07859078590785902,0.19846743295019148,0.2657342657342658,0.36780866192630907,0.6987704918032787,0.12579539892315228,0.20240384615384624,0.168704156479218,0.45633802816901425,0.11704735376045972
239,0.9640632486823191,0.21004566210045655,0,0.0840108401084008,0.2045977011494253,0.2657342657342658,0.3684550743374273,0.5901639344262295,0.19676945668135093,0.3168269230769231,0.08312958435207829,0.8450704225352116,0.178440111420613
56,0.9607091518926689,0.1881278538812784,0,0.0867208672086723,0.21226053639846743,0.18531468531468534,0.44537815126050434,0.5635245901639344,0.3137542829172786,0.26298076923076924,0.418092909535452,0.32957746478873234,0.2478551532033599
275,0.9616674652611404,0.14337899543378996,0,0.0867208672086723,0.20919540229885056,0.2510489510489511,0.42210730446024575,0.6352459016393442,0.1145374449339207,0.3048076923076924,0,0.48450704225352104,0.03431754874652913
230,0.9631049353138477,0.28493150684931506,0,0.0867208672086723,0.21302681992337166,0.26783216783216784,0.36974789915966383,0.639344262295082,0.2883015173764073,0.26153846153846155,0.3129584352078245,0.8380281690140846,0.43231197771588936
123,0.9621466219453761,0.16894977168949768,0,0.08943089430894259,0.21685823754789266,0.16013986013986017,0.4324499030381384,0.48565573770491804,0.44493392070484583,0.11634615384615388,0.8899755501222488,0.2676056338028171,0.8777158774373413
17,0.9640632486823191,0.22831050228310507,0.5588865096359744,0.08943089430894259,0.21685823754789266,0.18671328671328674,0.54169360051713,0.5799180327868853,0.35927557513460595,0.24086538461538468,0.26161369193154016,0.6971830985915493,0.29593314763231515
55,0.9626257786296119,0.10136986301369874,0,0.0921409214092141,0.21762452107279692,0.17622377622377625,0.5785391079508728,0.5471311475409837,0.2951541850220264,0.13701923076923084,0.49877750611246974,0.180281690140845,0.1998328690807956
261,0.9650215620507906,0.19543378995433794,0,0.0921409214092141,0.21839080459770108,0.2748251748251749,0.36651583710407243,0.7151639344262295,0.1106216348507098,0.24278846153846154,0.17359413202933993,0.31408450704225377,0.06685236768803109
117,0,0.10410958904109584,0,0.0921409214092141,0.21915708812260537,0.18321678321678325,0.4040077569489334,0.5327868852459017,0.3876651982378855,0.22692307692307698,0.5550122249388751,0.38309859154929604,0.4496378830083699
91,0.9616674652611404,0.15433789954337904,0,0.0921409214092141,0.22145593869731792,0.17342657342657344,0.41241111829347127,0.5204918032786885,0.47430249632892807,0.2735576923076923,0.5721271393643033,0.6070422535211273,0.708300835654603
32,0.9640632486823191,0.21917808219178062,0.5738758029978588,0.0921409214092141,0.21839080459770108,0.20139860139860144,0.5210084033613446,0.5778688524590164,0.3489965736661772,0.16394230769230778,0.29095354523227446,0.6281690140845071,0.2939275766016811
216,0.9655007187350264,0.19726027397260282,0,0.0921409214092141,0.21839080459770108,0.28531468531468535,0.3645765998707176,0.5799180327868853,0.29270680372001956,0.2485576923076924,0.3129584352078245,0.9563380281690144,0.49715877437325773
292,0.9645424053665549,0.32694063926940625,0,0.0948509485094844,0.22452107279693476,0.2517482517482518,0.25145442792501616,0.5963114754098361,0.34605971610376896,0.2932692307692308,0.47432762836185827,0.7000000000000002,0.6033426183844102
271,0.9650215620507906,0.21095890410958898,0,0.09756097560975589,0.22911877394636015,0.2573426573426574,0.33484162895927605,0.6557377049180328,0.14929025942241803,0.18461538461538468,0.3398533007334965,0.2464788732394368,0.13225626740948118
131,0,0.12694063926940632,0,0.09756097560975589,0.22988505747126445,0,0.36005171299288957,0,0.40528634361233495,0.14663461538461536,0.6430317848410763,0.4816901408450706,0.706685236768806
282,0.9587925251557259,0.2776255707762557,0,0.09756097560975589,0.22681992337164744,0.25594405594405595,0.26696832579185525,0.6434426229508197,0.240332843857073,0.19903846153846158,0.3251833740831298,0.5661971830985914,0.3000557103064082
15,0.9635840919980834,0.30867579908675785,0,0.10027100271002738,0.23295019157088126,0.17832167832167836,0.495151906916613,0.5450819672131147,0.4317180616740087,0.225,0.3960880195599019,0.6690140845070425,0.4518105849582198
132,0,0.10867579908675794,0,0.10027100271002738,0.23448275862068968,0,0.35358758888170655,0,0.4145863925599609,0.2903846153846155,0.511002444987775,0.7126760563380283,0.6857938718662999
154,0.9621466219453761,0.15251141552511416,0,0.10298102981029886,0.23524904214559383,0.19720279720279724,0.3794440853264383,0.5491803278688525,0.3504650024473813,0.26009615384615387,0.5770171149144252,0.4873239436619719,0.5881337047353887
121,0,0.17168949771689498,0,0.10298102981029886,0.23678160919540225,0,0.3264382676147382,0,0.49290259422418004,0.3201923076923077,0.5623471882640585,0.8464788732394367,0.9290807799442956
290,0.9626257786296119,0.3424657534246574,0,0.10298102981029886,0.23831417624521065,0.2405594405594406,0.22236586942469305,0.6065573770491803,0.35291238374938816,0.32355769230769243,0.3643031784841071,0.9816901408450707,0.5978272980501559
236,0,0.2940639269406392,0,0.10569105691056917,0.2429118773946359,0,0.30898513251454435,0,0.15614292706803723,0.46586538461538474,0.23227383863080675,0.3802816901408452,0.12752089136491543
207,0.9587925251557259,0.15799086757990857,0,0.10569105691056917,0.24137931034482749,0.2804195804195804,0.3988364576599871,0.6311475409836066,0.18306412139011263,0.3495192307692308,0.12224938875305646,0.630985915492958,0.1428969359331528
218,0.9659798754192621,0.15068493150684928,0,0.11382113821138246,0.253639846743295,0.2776223776223776,0.6522301228183582,0.6147540983606558,0.23592755751346062,0.24567307692307702,0.35941320293398515,0.4929577464788736,0.29459610027855915
73,0,0.11780821917808212,0,0.11382113821138246,0.2551724137931034,0,0.5016160310277958,0,0.4635340186000978,0.2322115384615385,0.5452322738386304,0.5211267605633808,0.57114206128134
140,0,0.21187214611872143,0,0.11382113821138246,0.2551724137931034,0,0.29799612152553334,0,0.4380812530592266,0.233173076923077,0.6136919315403428,0.6295774647887323,0.8180501392757668
130,0,0.22831050228310507,0,0.11382113821138246,0.2551724137931034,0,0.3251454427925017,0,0.4973078805677924,0.2264423076923078,0.6699266503667483,0.646478873239437,0.9795543175487508
219,0.9645424053665549,0.0712328767123287,0,0.11653116531165277,0.2574712643678161,0.2811188811188811,0.4402068519715579,0.6352459016393442,0.12090063631913861,0.24951923076923085,0.34474327628361845,0.1323943661971836,0.06813370473538181
158,0.9616674652611404,0.18173515981735153,0,0.11653116531165277,0.25823754789272024,0.19580419580419584,0.347769877181642,0.5409836065573771,0.39892315222711705,0.2802884615384616,0.5770171149144252,0.6014084507042256,0.7098607242339946
134,0.9631049353138477,0.12420091324200899,0,0.11924119241192425,0.26130268199233725,0.16713286713286715,0.37815126050420167,0.5122950819672132,0.3744493392070485,0.14423076923076922,0.8704156479217602,0.1323943661971836,0.5508635097493066
277,0.9664590321034978,0.3333333333333332,0,0.11924119241192425,0.26283524904214567,0.3083916083916084,0.25533290239172596,0.6926229508196722,0.25893294175232495,0.4254807692307693,0.1271393643031784,0.9549295774647891,0.25220055710307415
69,0.9616674652611404,0.10958904109589038,0,0.12195121951219576,0.2666666666666666,0.18671328671328674,0.5908209437621204,0.5409836065573771,0.3773861967694565,0.1389423076923077,0.5892420537897305,0.25774647887323976,0.3637325905292508
234,0,0.1881278538812784,0,0.12195121951219576,0.26436781609195403,0,0.33548804137039423,0,0.19676945668135093,0.28269230769230785,0.20048899755501193,0.5239436619718313,0.16395543175487484
93,0.9631049353138477,0.18173515981735153,0,0.12737127371273754,0.2743295019157087,0.17272727272727276,0.3762120232708469,0.5389344262295082,0.4547234459128733,0.26634615384615395,0.684596577017115,0.37887323943661994,0.6500278551532042
108,0.9616674652611404,0.1287671232876712,0,0.12737127371273754,0.27356321839080455,0.17552447552447553,0.35358758888170655,0.5389344262295082,0.4165442976015663,0.2855769230769231,0.5525672371638137,0.47042253521126765,0.5304735376044627
126,0.9626257786296119,0.21917808219178062,0,0.13008130081300784,0.27739463601532566,0.16783216783216784,0.3251454427925017,0.5245901639344263,0.47332354380812525,0.16346153846153844,0.8924205378973102,0.2676056338028171,0.8808913649025154
233,0,0.18538812785388128,0,0.13279132791327933,0.2812260536398467,0,0.33160956690368454,0,0.1943220753793441,0.25144230769230774,0.24205378973105152,0.450704225352113,0.16445682451253696
238,0.9664590321034978,0.3351598173515981,0,0.13279132791327933,0.2804597701149425,0.29510489510489507,0.29088558500323214,0.6454918032786885,0.2075379344101811,0.4807692307692307,0.168704156479218,0.6563380281690143,0.1881337047353801
18,0.9645424053665549,0.217351598173516,0.6017130620985012,0.13550135501354965,0.28275862068965507,0.2020979020979021,0.5054945054945056,0.5635245901639344,0.3426333822809593,0.1528846153846154,0.3789731051344738,0.33380281690140845,0.21370473537604667
82,0.9640632486823191,0.1744292237442922,0,0.13550135501354965,0.28275862068965507,0.2,0.42598577892695544,0.5573770491803278,0.47234459128732253,0.18461538461538468,0.6552567237163816,0.3549295774647892,0.5705849582172727
24,0.9635840919980834,0.30136986301369856,0.6124197002141328,0.13550135501354965,0.28505747126436776,0.2174825174825175,0.4589528118939885,0.610655737704918,0.3362701908957415,0.37548076923076934,0.3080684596577017,0.38309859154929604,0.18328690807800374
129,0,0.2502283105022829,0,0.13550135501354965,0.28275862068965507,0,0.2844214608920493,0,0.5036710719530103,0.20817307692307693,0.7286063569682151,0.5492957746478876,1
36,0,0.2383561643835617,0,0.13550135501354965,0.285823754789272,0,0.41822882999353583,0,0.4233969652471855,0.2687500000000001,0.2787286063569674,0.9070422535211272,0.41743732590529975
160,0.9631049353138477,0.10136986301369874,0,0.13821138211382114,0.2896551724137932,0.24335664335664337,0.40012928248222374,0.5245901639344263,0.315712187958884,0.2634615384615386,0.33007334963325174,0.7056338028169014,0.38317548746519026
9,0.9631049353138477,0.3105022831050227,0.5224839400428266,0.14092140921409144,0.29118773946360155,0.18251748251748254,0.44408532643826754,0.5901639344262295,0.40528634361233495,0.4245192307692308,0.3936430317848405,0.5492957746478876,0.3676880222841279
54,0.9650215620507906,0.19178082191780815,0,0.14363143631436293,0.2973180076628353,0.20139860139860144,0.4705882352941178,0.6004098360655739,0.3666177190406267,0.21201923076923077,0.5281173594132031,0.21690140845070438,0.25626740947076193
26,0,0.376255707762557,0,0.14363143631436293,0.2950191570881226,0,0.44408532643826754,0,0.43906020558002934,0.1461538461538462,0.6625916870415649,0.2535211267605637,0.44885793871866686
189,0.9645424053665549,0.24931506849315077,0,0.14634146341463442,0.2988505747126437,0.25804195804195806,0.2857142857142858,0.5409836065573771,0.4361233480176211,0.28461538461538466,0.5036674816625917,0.8591549295774649,0.7969359331476394
288,0.9664590321034978,0.41369863013698616,0,0.1490514905149059,0.3011494252873563,0.29510489510489507,0.21073044602456376,0.694672131147541,0.29955947136563876,0.24807692307692306,0.5330073349633251,0.3563380281690144,0.3941504178273081
127,0.9635840919980834,0.21095890410958898,0,0.1544715447154477,0.30957854406130264,0.18251748251748254,0.3044602456367163,0.5307377049180328,0.4811551639745473,0.25336538461538466,0.6748166259168702,0.5211267605633808,0.8246796657381703
173,0,0.1515981735159817,0,0.1544715447154477,0.311111111111111,0,0.3413057530704589,0,0.34018600097895246,0.25961538461538475,0.4083129584352072,0.6281690140845071,0.4413370473537641
35,0,0.28219178082191754,0,0.1544715447154477,0.3088122605363984,0,0.3872010342598578,0,0.4635340186000978,0.3038461538461538,0.44254278728606344,0.6746478873239438,0.5299721448468006
274,0.9674173454719693,0.16529680365296812,0,0.15718157181571804,0.31494252873563217,0.38741258741258744,0.3122171945701358,0.7028688524590164,0.1277533039647577,0.26826923076923076,0.04645476772616153,0.33380281690140845,0.01682451253483274
285,0.9655007187350264,0.36894977168949766,0,0.15718157181571804,0.31494252873563217,0.31048951048951057,0.1965093729799613,0.7151639344262295,0.2824278022515908,0.5149038461538462,0.3545232273838632,0.5422535211267607,0.31637883008357887
115,0.9655007187350264,0.27214611872146105,0,0.16260162601625983,0.32107279693486596,0.19720279720279724,0.314802844214609,0.5963114754098361,0.5129711209006363,0.2620192307692308,0.6894865525672369,0.45633802816901425,0.771030640668541
112,0.9635840919980834,0.28127853881278553,0,0.16260162601625983,0.32107279693486596,0.18041958041958042,0.2656755009696187,0.5327868852459017,0.5129711209006363,0.40528846153846154,0.6430317848410763,0.5084507042253527,0.7427298050139284
171,0.9640632486823191,0.32694063926940625,0,0.16260162601625983,0.3203065134099617,0.2538461538461539,0.2475759534583064,0.5307377049180328,0.4635340186000978,0.33557692307692316,0.5525672371638137,0.7887323943661976,0.8461838440111491
97,0.9626257786296119,0.20456621004566214,0,0.16531165311653132,0.3226053639846744,0.18601398601398603,0.3154492566257273,0.5327868852459017,0.5540871267743515,0.3663461538461538,0.6283618581907096,0.5929577464788739,0.8088022284122565
164,0,0.2228310502283104,0,0.16531165311653132,0.324904214559387,0,0.2844214608920493,0,0.41409691629955947,0.35048076923076926,0.5207823960880198,0.7042253521126767,0.6967130919220125
122,0.9640632486823191,0.1835616438356164,0,0.16531165311653132,0.324904214559387,0.17972027972027974,0.27084680025856495,0.5266393442622951,0.5301027900146843,0.35721153846153847,0.6039119804400972,0.7295774647887325,0.9105292479108698
267,0.9669381887877336,0.336986301369863,0,0.1680216802168028,0.32873563218390806,0.4293706293706294,0.23141564318034916,0.8852459016393444,0.2755751346059716,0.3812500000000001,0.14425427872860652,0.9704225352112678,0.273593314763228
199,0.9664590321034978,0.12602739726027387,0,0.1734417344173446,0.33409961685823747,0.3251748251748252,0.36199095022624445,0.6434426229508197,0.2217327459618209,0.24567307692307702,0.3643031784841071,0.2676056338028171,0.1610584958217416
192,0.9640632486823191,0.28219178082191754,0,0.1734417344173446,0.33333333333333337,0.25594405594405595,0.2495151906916614,0.5450819672131147,0.3832599118942731,0.3408653846153847,0.462102689486553,0.7521126760563381,0.6218941504178361
180,0,0.22374429223744285,0,0.17615176151761489,0.339463601532567,0,0.3076923076923077,0,0.37787567302985803,0.2605769230769231,0.5012224938875303,0.5464788732394368,0.5191086350975077
41,0.967896502156205,0.4063926940639268,0.8608137044967883,0.17615176151761489,0.339463601532567,0.20139860139860144,0.34647705235940524,0.5717213114754098,0.4919236417033773,0.3081730769230769,0.41320293398533003,0.8507042253521128,0.6054038997214496
64,0.9635840919980834,0.1378995433789954,0,0.17886178861788637,0.34252873563218383,0.2174825174825175,0.5106658047834519,0.584016393442623,0.303964757709251,0.17451923076923082,0.6454767726161368,0,0.1138161559888659
217,0.9693339722089124,0.3452054794520549,0,0.17886178861788637,0.3432950191570881,0.32027972027972035,0.25404007756948943,0.610655737704918,0.3426333822809593,0.3879807692307693,0.4547677261613696,0.5661971830985914,0.46356545961004064
128,0.9645424053665549,0.20091324200913235,0,0.18157181571815667,0.3448275862068966,0.18671328671328674,0.3296703296703296,0.5676229508196722,0.43269701419481144,0.19182692307692303,0.8924205378973102,0.12957746478873272,0.5783286908077967
76,0.9650215620507906,0.13972602739726028,0,0.18157181571815667,0.3455938697318008,0.2223776223776224,0.4589528118939885,0.5922131147540983,0.46793930494371017,0.2365384615384615,0.5647921760391199,0.36760563380281736,0.44729805013928964
120,0,0.25114155251141546,0,0.18699186991869968,0.3524904214559388,0,0.2682611506140919,0,0.5212922173274596,0.3038461538461538,0.6968215158924203,0.46338028169014117,0.7961002785515311
287,0.967896502156205,0.4365296803652966,0,0.18699186991869968,0.3501915708812261,0.3370629370629371,0.16160310277957346,0.735655737704918,0.33088595203132654,0.4245192307692308,0.35696821515892374,0.6676056338028169,0.3945403899721452
196,0,0.1744292237442922,0,0.19241192411924146,0.357088122605364,0,0.3251454427925017,0,0.27214880078316195,0.3283653846153846,0.12224938875305646,0.8887323943661973,0.22568245125348868
135,0.9655007187350264,0.18082191780821907,0,0.19512195121951295,0.360919540229885,0.18181818181818182,0.3296703296703296,0.5532786885245902,0.3837493881546744,0.1841346153846154,0.9315403422982884,0.04366197183098628,0.436545961002793
21,0.9674173454719693,0.40091324200913236,0.7002141327623127,0.19512195121951295,0.3624521072796934,0.2328671328671329,0.38073691014867483,0.5799180327868853,0.443954968184043,0.4043269230769232,0.3374083129584351,0.5211267605633808,0.2872423398328723
258,0.9587925251557259,0.3680365296803654,0,0.19783197831978327,0.36551724137931024,0.31328671328671326,0.21590174531351009,0.6885245901639345,0.29074889867841414,0.3610576923076923,0.12958435207823982,0.9478873239436622,0.2531476323119787
211,0.9664590321034978,0.4319634703196348,0,0.19783197831978327,0.36321839080459783,0.36363636363636365,0.29088558500323214,0.6127049180327869,0.3504650024473813,0.4524038461538462,0.33251833740831316,0.9690140845070425,0.5341504178273133
137,0.9669381887877336,0.336986301369863,0,0.20325203252032506,0.37241379310344835,0.2027972027972028,0.19844861021331608,0.5799180327868853,0.5379344101811062,0.3341346153846155,0.6894865525672369,0.5140845070422535,0.8475208913649195
74,0.9655007187350264,0.19452054794520549,0,0.20325203252032506,0.37011494252873567,0,0.3878474466709762,0,0.5119921683798335,0.3100961538461539,0.537897310513447,0.5197183098591551,0.5539832869080898
231,0.967896502156205,0.3780821917808219,0,0.20325203252032506,0.37088122605363977,0.28811188811188815,0.2268907563025211,0.6352459016393442,0.3504650024473813,0.3298076923076923,0.35941320293398515,0.7535211267605634,0.4513091922005577
80,0.9645424053665549,0.2904109589041097,0,0.20596205962059655,0.3754789272030652,0.1839160839160839,0.34324499030381384,0.5655737704918034,0.5022026431718061,0.2158653846153846,0.8924205378973102,0.13380281690140833,0.5896378830083607
237,0.9688548155246766,0.32968036529680367,0,0.20596205962059655,0.37471264367816093,0.348951048951049,0.25210084033613445,0.7110655737704918,0.23005384238864424,0.4355769230769231,0.3374083129584351,0.27042253521126797,0.14395543175488232
153,0.9659798754192621,0.2356164383561644,0,0.20596205962059655,0.3739463601532566,0.30279720279720285,0.3374272786037492,0.5922131147540983,0.4082232011747431,0.3014423076923077,0.6259168704156481,0.37183098591549296,0.5435097493036342
46,0.9669381887877336,0.317808219178082,0,0.20596205962059655,0.3731800766283525,0.193006993006993,0.3380736910148675,0.5614754098360656,0.5222711698482623,0.4259615384615386,0.4498777506112468,0.6661971830985917,0.531866295264624
151,0,0.36164383561643837,0,0.20867208672086685,0.3777777777777779,0,0.2850678733031675,0,0.43220753793441014,0.4225961538461539,0.60880195599022,0.5253521126760564,0.689916434540393
75,0.9664590321034978,0.2593607305936073,0,0.20867208672086685,0.3777777777777779,0.17832167832167836,0.34712346477052347,0.5471311475409837,0.5394028389623103,0.2971153846153846,0.5599022004889971,0.5704225352112674,0.6455710306406792
181,0,0.2474885844748859,0,0.20867208672086685,0.37624521072796935,0,0.2527472527472528,0,0.40626529613313755,0.38028846153846163,0.45965770171149156,0.7098591549295775,0.5869637883008343
205,0.9626257786296119,0.2684931506849315,0,0.21409214092140985,0.3831417624521073,0.3440559440559441,0.33548804137039423,0.6700819672131149,0.19676945668135093,0.44134615384615394,0.3960880195599019,0.12112676056338015,0.08690807799444329
225,0.9683756588404409,0.2264840182648402,0,0.21409214092140985,0.3846743295019158,0.3944055944055945,0.2954104718810603,0.6372950819672132,0.21194322075379346,0.3182692307692307,0.27628361858190775,0.2971830985915495,0.11844011142062104
51,0.9693339722089124,0.30593607305936066,0,0.21409214092140985,0.3831417624521073,0.24125874125874128,0.3290239172592114,0.6188524590163935,0.4894762604013705,0.3548076923076923,0.3691931540342299,0.7267605633802817,0.4502506963788426
60,0.9650215620507906,0.3926940639269405,0,0.21680216802168015,0.3869731800766285,0.19440559440559443,0.32449903038138345,0.5655737704918034,0.5022026431718061,0.2850961538461539,0.7237163814180931,0.20704225352112704,0.47091922005571313
179,0,0.20091324200913235,0,0.21680216802168015,0.3854406130268199,0,0.2960568842921786,0,0.37347038668624577,0.2620192307692308,0.5696821515892418,0.36338028169014086,0.4494707520891396
107,0.9640632486823191,0.2054794520547946,0,0.21680216802168015,0.3854406130268199,0.18951048951048952,0.288299935358759,0.5676229508196722,0.4762604013705336,0.3764423076923078,0.5745721271393638,0.42112676056338055,0.5168245125348327
10,0.9664590321034978,0.491324200913242,0,0.21680216802168015,0.38620689655172413,0.20629370629370633,0.37362637362637374,0.6127049180327869,0.47283406754772395,0.3990384615384617,0.3520782396088018,0.7197183098591547,0.4189415041782717
276,0.967896502156205,0.22557077625570773,0,0.21951219512195164,0.39080459770114956,0.4174825174825175,0.27925016160310284,0.7745901639344263,0.14977973568281933,0.3461538461538462,0.31540342298288504,0.030985915492958094,0
104,0.9659798754192621,0.30410958904109575,0,0.21951219512195164,0.3885057471264368,0.24965034965034968,0.27537168713639315,0.6475409836065574,0.5315712187958883,0.34711538461538466,0.706601466992665,0.35070422535211315,0.6535933147632298
172,0,0.23287671232876705,0,0.21951219512195164,0.39080459770114956,0,0.27472527472527475,0,0.4008810572687226,0.32259615384615387,0.47432762836185827,0.6098591549295772,0.5325348189415163
283,0.9683756588404409,0.45114155251141547,0,0.21951219512195164,0.3885057471264368,0.3552447552447553,0.14673561732385262,0.7336065573770492,0.3485070974057759,0.5533653846153846,0.3667481662591685,0.6394366197183101,0.3933147632311998
226,0.9674173454719693,0.2228310502283104,0,0.22222222222222196,0.3931034482758622,0.348951048951049,0.29799612152553334,0.6721311475409837,0.2016642192853647,0.31250000000000006,0.2836185819070911,0.2746478873239436,0.11186629526463716
204,0.9659798754192621,0.11689497716894968,0,0.22222222222222196,0.3923371647509578,0.3937062937062938,0.3859082094376213,0.7151639344262295,0.12334801762114544,0.29951923076923087,0.3936430317848405,0.016901408450704706,0.01732590529248048
256,0.9587925251557259,0.24018264840182635,0,0.22493224932249342,0.3969348659003832,0.3566433566433567,0.2624434389140272,0.7131147540983607,0.21390112579539888,0.4009615384615385,0.35941320293398515,0.19859154929577494,0.1153760445682575
240,0.971729755630091,0.4639269406392695,0,0.23035230352303523,0.40153256704980844,0.4552447552447553,0.1965093729799613,0.75,0.2897699461576113,0.670673076923077,0.24938875305623487,0.5845070422535213,0.23064066852369003
259,0.9655007187350264,0.2684931506849315,0,0.23306233062330672,0.403831417624521,0.32097902097902103,0.23917259211376865,0.7561475409836066,0.21292217327459617,0.35336538461538464,0.2102689486552567,0.40985915492957803,0.12562674094707763
14,0.9683756588404409,0.5260273972602739,0,0.23306233062330672,0.4045977011494253,0.25874125874125875,0.34389140271493207,0.6413934426229508,0.5110132158590308,0.4389423076923078,0.3691931540342299,0.6323943661971836,0.38980501392757944
109,0.9640632486823191,0.3132420091324202,0,0.23577235772357819,0.40689655172413797,0.2111888111888112,0.29411764705882365,0.6127049180327869,0.46059716103768966,0.3269230769230769,0.7579462102689485,0.16478873239436642,0.44980501392758576
38,0,0.3004566210045662,0,0.24390243902439032,0.41839080459770117,0,0.39948287007110544,0,0.442486539402839,0.25288461538461543,0.6919315403422983,0.1281690140845075,0.31860724233984844
106,0.967896502156205,0.2986301369863013,0,0.24390243902439032,0.41609195402298854,0.2769230769230769,0.27925016160310284,0.6926229508196722,0.4963289280469897,0.3884615384615385,0.7359413202933984,0.2802816901408453,0.5982729805013983
249,0.9669381887877336,0.4182648401826485,0,0.24390243902439032,0.4168582375478929,0.4748251748251749,0.1706528765352296,0.6331967213114754,0.36612824278022515,0.43798076923076934,0.24694376528117346,0.9338028169014089,0.38701949860724244
142,0,0.2995433789954336,0,0.2466124661246618,0.42068965517241386,0,0.19715578539107956,0,0.4904552129221732,0.3629807692307692,0.6430317848410763,0.48591549295774666,0.7123119777158854
85,0.9674173454719693,0.3105022831050227,0,0.2466124661246618,0.42068965517241386,0.21538461538461542,0.2857142857142858,0.6229508196721312,0.5829662261380322,0.3365384615384616,0.5745721271393638,0.574647887323944,0.6769359331476411
150,0,0.3863013698630137,0,0.2493224932249321,0.42298850574712654,0,0.32449903038138345,0,0.3954968184043073,0.27115384615384625,0.9095354523227384,0.1014084507042255,0.5436768802228501
22,0.9693339722089124,0.4438356164383559,0.8308351177730194,0.2493224932249321,0.4222222222222222,0.227972027972028,0.36393018745959926,0.6065573770491803,0.4576603034752814,0.3865384615384616,0.5012224938875303,0.2563380281690146,0.2674651810585009
68,0,0.2867579908675799,0,0.2520325203252036,0.4245210727969349,0,0.42404654169360056,0,0.46549192364170333,0.3447115384615385,0.5061124694376531,0.35211267605633834,0.3579387186629555
152,0.9674173454719693,0.22100456621004552,0,0.2520325203252036,0.4268199233716476,0,0.3154492566257273,0,0.48017621145374445,0.4802884615384616,0.5550122249388751,0.5873239436619722,0.6533147632312033
248,0.9640632486823191,0.44200913242009127,0,0.2520325203252036,0.4268199233716476,0.41888111888111895,0.14996767937944405,0.6700819672131149,0.3553597650513951,0.5375000000000001,0.3251833740831298,0.7535211267605634,0.40150417827299495
34,0.9712505989458553,0.4666666666666667,0.7687366167023556,0.2520325203252036,0.4260536398467434,0.25594405594405595,0.27989657401422124,0.6209016393442623,0.538913362701909,0.41490384615384623,0.3520782396088018,0.9436619718309857,0.5532033426183869
125,0.9669381887877336,0.32694063926940625,0,0.2547425474254739,0.42758620689655175,0.2132867132867133,0.25210084033613445,0.6680327868852459,0.5237395986294664,0.29423076923076935,1,0.1436619718309861,0.8049582172702042
20,0.9683756588404409,0.4045662100456619,0.8222698072805141,0.2547425474254739,0.42835249042145584,0.23006993006993007,0.36974789915966383,0.6004098360655739,0.46059716103768966,0.3769230769230769,0.4107579462102686,0.3239436619718311,0.2354874651810664
176,0,0.2995433789954336,0,0.2547425474254739,0.42835249042145584,0,0.23012281835811252,0,0.4243759177679882,0.3605769230769231,0.5745721271393638,0.3985915492957746,0.4949303621169881
266,0.9693339722089124,0.38721461187214606,0,0.2601626016260157,0.43524904214559396,0.383916083916084,0.17323852617970276,0.8668032786885247,0.32501223690650993,0.4,0.168704156479218,0.8661971830985914,0.26406685236769123
27,0,0.48767123287671227,0,0.2628726287262872,0.4367816091954024,0,0.3025210084033614,0,0.5173764072442487,0.29134615384615387,0.5721271393643033,0.3690140845070426,0.45961002785516347
136,0.9659798754192621,0.22009132420091307,0,0.2628726287262872,0.4367816091954024,0.24405594405594408,0.22947640594699426,0.6024590163934427,0.4581497797356828,0.37596153846153846,0.5354523227383865,0.45633802816901425,0.492423398328692
265,0.9688548155246766,0.4273972602739727,0,0.2628726287262872,0.4360153256704981,0.37412587412587417,0.16031027795733682,0.8073770491803278,0.3480176211453745,0.4221153846153848,0.2102689486552567,0.8014084507042257,0.2846239554317655
118,0,0.3022831050228311,0,0.26558265582655866,0.43908045977011506,0.19580419580419584,0.24046541693600518,0.6168032786885246,0.504650024473813,0.2192307692307693,0.9535452322738385,0.1225352112676058,0.6624512534819029
185,0.9664590321034978,0.3853881278538812,0,0.26558265582655866,0.44137931034482764,0.2804195804195804,0.19586296056884292,0.555327868852459,0.45961820851688695,0.4346153846153846,0.5305623471882637,0.7549295774647891,0.7656824512534881
59,0.9712505989458553,0.4657534246575341,0,0.26829268292682895,0.442911877394636,0.25034965034965034,0.2876535229476407,0.6598360655737705,0.48604992657856083,0.2706730769230769,0.7701711491442538,0.13380281690140833,0.4143732590529218
87,0.9664590321034978,0.30867579908675785,0,0.26829268292682895,0.4421455938697319,0.1986013986013986,0.288299935358759,0.610655737704918,0.595692608908468,0.2932692307692308,0.6479217603911982,0.47183098591549283,0.704568245125347
175,0,0.32420091324200906,0,0.26829268292682895,0.442911877394636,0,0.2508080155138979,0,0.43367596671561426,0.37355769230769237,0.4058679706601467,0.608450704225352,0.4232869080780003
263,0.971729755630091,0.5050228310502283,0,0.273712737127372,0.4475095785440614,0.4608391608391609,0.15449256625727223,0.848360655737705,0.2750856583455703,0.645673076923077,0.2542787286063568,0.40563380281690153,0.15437325905293273
222,0.973646382367034,0.4246575342465752,0,0.27913279132791374,0.4536398467432951,0.4272727272727273,0.20038784744667099,0.6741803278688525,0.34605971610376896,0.4245192307692308,0.1833740831295847,1,0.3304735376044655
148,0.9688548155246766,0.23926940639269415,0,0.2818428184281841,0.45823754789272025,0,0.24692954104718812,0,0.4209495839451787,0.3245192307692308,0.8068459657701714,0.10422535211267636,0.40902506963789775
209,0.9688548155246766,0.30410958904109575,0,0.2818428184281841,0.45747126436781604,0.548951048951049,0.21460892049127345,0.6147540983606558,0.30592266275085656,0.4076923076923077,0.12958435207823982,0.9859154929577463,0.263732590529245
213,0.9674173454719693,0.40365296803652956,0,0.28455284552845556,0.45977011494252873,0.34195804195804197,0.2617970265029089,0.6495901639344263,0.3974547234459128,0.4783653846153847,0.4816625916870416,0.5183098591549296,0.46612813370474204
144,0.967896502156205,0.30684931506849294,0,0.30081300813008094,0.4766283524904217,0.3090909090909091,0.16289592760180996,0.6680327868852459,0.5305922662750856,0.4701923076923077,0.6259168704156481,0.4450704225352113,0.6320891364902653
198,0.9698131288931481,0.36986301369863,0,0.30081300813008094,0.47586206896551725,0.386013986013986,0.18810601163542345,0.6680327868852459,0.4410181106216349,0.3932692307692308,0.4645476772616135,0.5971830985915495,0.5036768802228506
182,0,0.35890410958904095,0,0.3035230352303524,0.47816091954022993,0,0.1932773109243699,0,0.4645129711209006,0.420673076923077,0.40342298288508527,0.8492957746478876,0.5871866295264698
110,0.9659798754192621,0.3863013698630137,0,0.3089430894308942,0.48505747126436777,0.2258741258741259,0.24240465416936016,0.6188524590163935,0.5168869309838472,0.4437500000000001,0.7408312958435204,0.19577464788732407,0.4759888579387251
102,0.9698131288931481,0.3917808219178082,0,0.31165311653116573,0.4865900383141763,0.26853146853146853,0.23464770523594058,0.6885245901639345,0.5487028879099363,0.3798076923076923,0.5990220048899753,0.4239436619718314,0.5581058495821829
300,0.9688548155246766,0.3168949771689497,0,0.3143631436314361,0.4904214559386973,0.3251748251748252,0.1835811247575954,0.7540983606557377,0.2692119432207538,0.2807692307692308,0.7286063569682151,0,0.16389972144846954
116,0,0.2547945205479452,0,0.3143631436314361,0.488888888888889,0.23496503496503499,0.2656755009696187,0.6721311475409837,0.5007342143906021,0.30432692307692305,0.7995110024449872,0.13521126760563398,0.45593314763232723
1,0.9707714422616196,0.5808219178082189,0.7494646680942184,0.3143631436314361,0.48965517241379314,0.25594405594405595,0.4434389140271494,0.6413934426229508,0.5447870778267254,0.4980769230769232,0.3643031784841071,0.5042253521126762,0.3059610027855141
157,0.9688548155246766,0.35251141552511417,0,0.3143631436314361,0.488888888888889,0.28881118881118883,0.20555914673561743,0.6454918032786885,0.5183553597650514,0.39711538461538465,0.6039119804400972,0.6591549295774652,0.8304178272980602
193,0.9702922855773838,0.44018264840182636,0,0.31707317073170754,0.4919540229885058,0.38111888111888115,0.1706528765352296,0.5942622950819673,0.4429760156632403,0.4307692307692308,0.5085574572127136,0.6450704225352113,0.6188857938718779
119,0,0.35890410958904095,0,0.31978319783197906,0.4942528735632184,0.24335664335664337,0.1945701357466064,0.6905737704918034,0.5878609887420461,0.28461538461538466,0.9486552567237156,0.15915492957746516,0.7481337047353864
156,0.9688548155246766,0.3726027397260272,0,0.31978319783197906,0.4942528735632184,0.30279720279720285,0.20038784744667099,0.6495901639344263,0.5041605482134116,0.34230769230769226,0.7286063569682151,0.34084507042253537,0.6799442896935993
268,0.971729755630091,0.38721461187214606,0,0.31978319783197906,0.4957854406130268,0.3867132867132867,0.16871363930187455,0.7725409836065574,0.32011747430249626,0.44471153846153855,0.2811735941320297,0.42253521126760624,0.18272980501393632
178,0,0.3652968036529679,0,0.3224932249322493,0.4980842911877395,0,0.19198448610213326,0,0.4845814977973568,0.4129807692307692,0.4205378973105134,0.807042253521127,0.5889693593314826
57,0.9688548155246766,0.4639269406392695,0,0.3279132791327911,0.5019157088122607,0.24825174825174826,0.2695539754363284,0.6495901639344263,0.5521292217327459,0.41346153846153855,0.6699266503667483,0.2380281690140847,0.4393314763231301
19,0.9712505989458553,0.40547945205479446,1,0.3279132791327911,0.5026819923371648,0.2237762237762238,0.3270846800258566,0.610655737704918,0.470386686245717,0.34230769230769226,0.28606356968215163,0.49154929577464795,0.22061281337047675
224,0.973646382367034,0.3771689497716896,0,0.33062330623306263,0.5049808429118775,0.5860139860139861,0.20103425985778936,0.7663934426229508,0.279980420949584,0.4932692307692308,0.14914425427872846,0.563380281690141,0.14033426183845138
257,0.9616674652611404,0.3105022831050227,0,0.3333333333333341,0.5095785440613029,0.45034965034965035,0.21590174531351009,0.7684426229508197,0.2564855604503181,0.4750000000000001,0.3080684596577017,0.17746478873239413,0.07442896935933917
50,0.9731672256827983,0.42648401826484006,0,0.3360433604336044,0.5111111111111112,0.306993006993007,0.23981900452488691,0.6721311475409837,0.6054821341164953,0.3875000000000002,0.33251833740831316,0.9183098591549294,0.5051810584958226
2,0.973646382367034,0.6602739726027397,0.770877944325482,0.3414634146341462,0.5164750957854407,0.3146853146853147,0.3225597931480285,0.6680327868852459,0.5325501713166911,0.5927884615384617,0.3349633251833737,0.5366197183098594,0.2924233983286948
8,0.9693339722089124,0.5908675799086759,0.7687366167023556,0.3441734417344177,0.518007662835249,0.24755244755244757,0.27537168713639315,0.6475409836065574,0.5335291238374938,0.6341346153846154,0.3936430317848405,0.574647887323944,0.38651810584958035
47,0.9707714422616196,0.38264840182648396,0,0.3441734417344177,0.518007662835249,0.27272727272727276,0.23594053005817722,0.6557377049180328,0.6402349486049927,0.4091346153846154,0.4523227383863073,0.7014084507042253,0.565013927576613
212,0.9779587925251557,0.5187214611872144,0,0.3441734417344177,0.5195402298850575,0.5433566433566435,0.16160310277957346,0.680327868852459,0.4204601076847774,0.5567307692307694,0.2836185819070911,0.8732394366197183,0.4074094707521008
71,0.9688548155246766,0.40821917808219166,0,0.346883468834688,0.5218390804597701,0.2573426573426574,0.2921784098254688,0.5758196721311476,0.6412139011257953,0.4326923076923078,0.5256723716381417,0.7338028169014081,0.7334261838440127
58,0.967896502156205,0.5132420091324199,0,0.34959349593495953,0.5233716475095785,0.20979020979020982,0.2456367162249516,0.610655737704918,0.5580029368575623,0.38028846153846163,0.8068459657701714,0.12112676056338015,0.4389972144846839
281,0.971729755630091,0.5013698630136986,0,0.3550135501355013,0.5279693486590038,0.5468531468531469,0.11829347123464773,0.8647540983606558,0.3773861967694565,0.5514423076923076,0.34474327628361845,0.5098591549295779,0.28919220055711536
40,0.9707714422616196,0.5707762557077624,0.9657387580299788,0.3550135501355013,0.5287356321839082,0.24335664335664337,0.217840982546865,0.6147540983606558,0.5795398923152226,0.5817307692307693,0.4254278728606362,0.623943661971831,0.46601671309193143
296,0.973646382367034,0.4958904109589039,0,0.3577235772357716,0.5325670498084292,0.420979020979021,0.08274078862314158,0.735655737704918,0.47283406754772395,0.5509615384615385,0.4327628361858187,0.6957746478873241,0.5261838440111537
99,0.9702922855773838,0.3415525114155251,0,0.36043360433604427,0.5348659003831419,0.23706293706293707,0.23400129282482232,0.6659836065573771,0.5819872736172296,0.39855769230769234,0.78239608801956,0.22253521126760564,0.5802228412256345
269,0.97747963584092,0.4319634703196348,0,0.36043360433604427,0.5325670498084292,0.4573426573426574,0.15449256625727223,0.8094262295081968,0.3573176700930004,0.49086538461538465,0.22249388753056198,0.5309859154929577,0.18373259052926053
96,0.9688548155246766,0.4292237442922376,0,0.36314363143631456,0.535632183908046,0.20979020979020982,0.19198448610213326,0.6086065573770492,0.6882036221243268,0.4625,0.7212713936430317,0.4929577464788736,0.894596100278565
44,0.9712505989458553,0.5643835616438356,0.8608137044967883,0.36314363143631456,0.535632183908046,0.24895104895104897,0.2094376212023271,0.6188524590163935,0.62506118453255,0.5822115384615386,0.4669926650366749,0.6746478873239438,0.5719220055710287
101,0.9688548155246766,0.2246575342465753,0,0.37127371273712784,0.5440613026819924,0.2657342657342658,0.26890756302521013,0.7418032786885247,0.4894762604013705,0.29423076923076935,0.7897310513447424,0.05633802816901447,0.3030640668523808
284,0.9707714422616196,0.5899543378995433,0,0.37127371273712784,0.5448275862068965,0.49370629370629376,0.08080155138978673,0.7192622950819673,0.4307391091532061,0.564423076923077,0.28606356968215163,0.6985915492957749,0.3244011142061294
53,0.9683756588404409,0.3415525114155251,0,0.37669376693766965,0.5494252873563219,0.2237762237762238,0.2844214608920493,0.6086065573770492,0.5565345080763583,0.30721153846153854,0.6479217603911982,0.2338028169014086,0.4058495821727092
100,0.9698131288931481,0.3780821917808219,0,0.37940379403794117,0.5524904214559387,0.2328671328671329,0.20103425985778936,0.6352459016393442,0.566813509544787,0.6048076923076923,0.711491442542787,0.23661971830985903,0.4976044568245145
45,0.97747963584092,0.5534246575342465,0,0.39024390243902474,0.5616858237547894,0.27622377622377625,0.25145442792501616,0.6782786885245902,0.5878609887420461,0.3990384615384617,0.537897310513447,0.4183098591549297,0.45749303621170445
251,0.9731672256827983,0.43105022831050244,0,0.39024390243902474,0.560919540229885,0.5104895104895105,0.15966386554621856,0.7909836065573771,0.33871757219774845,0.608173076923077,0.14425427872860652,0.5492957746478876,0.13292479108635918
232,0,0.41369863013698616,0,0.39295392953929503,0.5639846743295018,0,0.13186813186813193,0,0.4229074889867842,0.46778846153846154,0.37163814180929045,0.5056338028169018,0.31426183844011985
203,0.9822712026832775,0.4776255707762555,0,0.39295392953929503,0.5632183908045977,0.46783216783216786,0.13186813186813193,0.8647540983606558,0.47381302006852655,0.46490384615384617,0.4792176039119802,0.552112676056338,0.49225626740947603
4,0.9722089123143268,0.6328767123287671,0.8715203426124198,0.39566395663956655,0.5662835249042145,0.25944055944055944,0.2973497091144151,0.653688524590164,0.6128242780225159,0.5634615384615386,0.6014669926650367,0.2690140845070428,0.3905292479108771
244,0.9741255390512698,0.5552511415525114,0,0.39566395663956655,0.5662835249042145,0.4041958041958042,0.10924369747899162,0.7110655737704918,0.4620655898188938,0.5504807692307693,0.36185819070904657,0.7267605633802817,0.4392757660167104
255,0.9631049353138477,0.6465753424657532,0,0.39837398373983685,0.5693486590038314,0.5223776223776224,0.10148674854557208,0.8278688524590164,0.39843367596671553,0.7625000000000002,0.37408312958435186,0.5478873239436624,0.34551532033427107
77,0.9707714422616196,0.3077625570776255,0,0.40921409214092164,0.578544061302682,0.29370629370629375,0.26308985132514545,0.5942622950819673,0.6456191874694077,0.4326923076923078,0.5183374083129584,0.5112676056338026,0.5163231197771707
223,0.975563009103977,0.32602739726027413,0,0.4119241192411931,0.5800766283524904,0.45944055944055945,0.21654815772462846,0.7479508196721312,0.2897699461576113,0.5052884615384615,0.20048899755501193,0.38309859154929604,0.10802228412257063
297,0.9731672256827983,0.5433789954337898,0,0.4119241192411931,0.5800766283524904,0.4573426573426574,0.07692307692307694,0.7049180327868853,0.47185511502692123,0.5701923076923077,0.40097799511002385,0.6408450704225352,0.4398885793871831
61,0.975563009103977,0.621917808219178,0,0.42276422764227667,0.5900383141762452,0.26503496503496504,0.1874595992243052,0.6311475409836066,0.6617719040626531,0.5971153846153846,0.5085574572127136,0.6070422535211273,0.5870752089136448
262,0.975563009103977,0.5835616438356164,0,0.42818428184281854,0.5946360153256707,0.737062937062937,0.09696186166774402,1,0.33969652471855116,0.6783653846153846,0.15892420537897323,0.49577464788732445,0.12356545961003829
187,0.973646382367034,0.5059360730593606,0,0.42818428184281854,0.5938697318007662,0.5321678321678323,0.13897866839043316,0.680327868852459,0.5653450807635829,0.539423076923077,0.5134474327628364,0.7366197183098595,0.7113091922005612
186,0.9741255390512698,0.5817351598173515,0,0.4336043360433603,0.5992337164750957,0.4335664335664336,0.11570782159017463,0.6557377049180328,0.5859030837004405,0.5379807692307693,0.657701711491443,0.49577464788732445,0.7551532033426271
243,0.9760421657882128,0.6986301369863012,0,0.43631436314363176,0.6022988505747127,0.6083916083916083,0.08209437621202331,0.7131147540983607,0.43857072931962804,0.7423076923076923,0.24205378973105152,0.7873239436619723,0.31454038997214634
197,0.9770004791566843,0.4356164383561643,0,0.4390243902439021,0.6045977011494252,0.5405594405594406,0.14673561732385262,0.7930327868852459,0.47332354380812525,0.4634615384615386,0.31540342298288504,0.885915492957747,0.4606128133704877
49,0.9722089123143268,0.4383561643835615,0,0.4471544715447153,0.6114942528735632,0.2748251748251749,0.23206205559146742,0.6168032786885246,0.6877141458639255,0.4360576923076923,0.39119804400978,0.6394366197183101,0.4235097493036215
210,0.9779587925251557,0.7077625570776253,0,0.44986449864498684,0.6130268199233717,0.5972027972027972,0.24434389140271495,0.7028688524590164,0.46549192364170333,0.7927884615384616,0.3496332518337404,0.8535211267605637,0.4942061281337048
250,0.9789171058936272,0.5378995433789954,0,0.44986449864498684,0.6122605363984674,0.6223776223776225,0.09243697478991596,0.7049180327868853,0.4356338717572198,0.6317307692307692,0.20048899755501193,0.8746478873239439,0.3018941504178263
254,0.9650215620507906,0.6566210045662099,0,0.44986449864498684,0.6130268199233717,0.5909090909090909,0.08532643826761474,0.8360655737704918,0.4170337738619677,0.6927884615384615,0.20048899755501193,0.8985915492957751,0.31175487465180934
111,0,0.4319634703196348,0,0.4525745257452583,0.61455938697318,0.28461538461538466,0.18487394957983203,0.7418032786885247,0.5829662261380322,0.5163461538461539,0.9608801955990218,0.05774647887323967,0.5092479108635247
298,0.9746046957355056,0.5296803652968035,0,0.45528455284552866,0.6168582375478928,0.45034965034965035,0.06851971557853918,0.7848360655737705,0.49241311796377873,0.5533653846153846,0.5574572127139366,0.3661971830985917,0.43610027855153627
70,0.9702922855773838,0.5059360730593606,0,0.45528455284552866,0.6176245210727969,0.26783216783216784,0.23464770523594058,0.6045081967213115,0.7156142927068037,0.5100961538461539,0.6381418092909534,0.4830985915492958,0.6987186629526608
37,0,0.5698630136986301,0,0.45528455284552866,0.6183908045977015,0,0.19909502262443446,0,0.6338717572197747,0.6139423076923077,0.4229828850855739,0.608450704225352,0.4511977715877471
161,0.9731672256827983,0.3497716894977167,0,0.46070460704607047,0.6222222222222222,0.38181818181818183,0.2023270846800259,0.680327868852459,0.4909446891825747,0.4322115384615385,0.6454767726161368,0.17887323943661979,0.33309192200557225
286,0.975563009103977,0.5132420091324199,0,0.463414634146342,0.6252873563218391,0.5405594405594406,0.10277957336780866,0.8401639344262295,0.3773861967694565,0.5365384615384616,0.7139364303178484,0.03521126760563416,0.20590529247911737
291,0.973646382367034,0.7242009132420091,0,0.463414634146342,0.6245210727969351,0.5454545454545455,0.043309631544925654,0.709016393442623,0.573176700930005,0.5951923076923078,0.3936430317848405,0.852112676056338,0.570752089136503
79,0.971729755630091,0.4566210045662099,0,0.46883468834688374,0.6291187739463602,0.2720279720279721,0.22042663219133815,0.735655737704918,0.681840430739109,0.551923076923077,0.880195599022005,0.180281690140845,0.6675766016713202
177,0,0.5251141552511416,0,0.476964769647697,0.6360153256704981,0,0.11829347123464773,0,0.5996084189916788,0.5375000000000001,0.462102689486553,0.7901408450704227,0.6527576601671502
245,0.9765213224724485,0.589041095890411,0,0.48238482384823883,0.6398467432950192,0.3566433566433567,0.06851971557853918,0.7069672131147542,0.5335291238374938,0.5163461538461539,0.4327628361858187,0.5647887323943667,0.4311977715877546
86,0.9731672256827983,0.40730593607305937,0,0.4959349593495939,0.6513409961685825,0.2692307692307692,0.20879120879120885,0.778688524590164,0.6740088105726871,0.40240384615384617,0.902200488997555,0.14507042253521177,0.6308635097493199
227,0.9817920459990417,0.5589041095890411,0,0.4959349593495939,0.650574712643678,0.6832167832167833,0.1273432449903039,0.8688524590163935,0.3627019089574156,0.7673076923076925,0.27628361858190775,0.304225352112676,0.12105849582172779
124,0.9722089123143268,0.49680365296803647,0,0.49864498644986543,0.6528735632183909,0.2566433566433567,0.09631544925662576,0.5368852459016393,0.7513460597161037,0.5663461538461538,0.6674816625916868,0.6014084507042256,0.9164345403899756
78,0.9750838524197413,0.4621004566210045,0,0.5067750677506775,0.6597701149425286,0.355944055944056,0.2120232708468004,0.7602459016393444,0.7195301027900145,0.6139423076923077,0.7188264058679703,0.3112676056338034,0.6147075208913795
247,0.9698131288931481,0.643835616438356,0,0.5149051490514908,0.6666666666666669,0.48811188811188816,0.05559146735617332,0.7213114754098361,0.5589818893783651,0.6384615384615385,0.3765281173594133,0.7436619718309864,0.4704735376044707
163,0.9793962625778629,0.6794520547945204,0,0.5338753387533877,0.681226053639847,0.4293706293706294,0.10277957336780866,0.7008196721311475,0.6240822320117474,0.6528846153846154,0.5843520782396086,0.6535211267605635,0.7837883008356573
67,0,0.4748858447488583,0,0.5392953929539295,0.6850574712643678,0,0.30510665804783454,0,0.5981399902104748,0.4509615384615385,0.7506112469437651,0.11126760563380282,0.3546518105849564
52,0.9793962625778629,0.5972602739726026,0,0.5392953929539295,0.6865900383141761,0.31958041958041966,0.17000646412411122,0.6495901639344263,0.7205090553108173,0.6067307692307693,0.4669926650366749,0.5352112676056342,0.46105849582173014
66,0,0.36438356164383556,0,0.5420054200542009,0.6873563218390807,0,0.36780866192630907,0,0.5584924131179637,0.5086538461538462,0.6430317848410763,0.15915492957746516,0.3080779944289731
72,0,0.4657534246575341,0,0.555555555555556,0.6980842911877395,0.3097902097902098,0.22236586942469305,0.6311475409836066,0.7484092021536954,0.9471153846153847,0.5843520782396086,0.46197183098591554,0.5755988857938793
12,0.9803545759463345,0.7287671232876709,0,0.5582655826558264,0.6996168582375479,0.32867132867132876,0.20685197155785395,0.7336065573770492,0.6979931473323544,0.5783653846153847,0.4229828850855739,0.5295774647887325,0.3930919220055786
143,0.975563009103977,0.4821917808219179,0,0.5582655826558264,0.6996168582375479,0.4552447552447553,0.0833872010342599,0.6127049180327869,0.696035242290749,0.5490384615384616,0.5354523227383865,0.6929577464788732,0.7147075208913709
169,0.9731672256827983,0.6831050228310502,0,0.5636856368563682,0.7049808429118775,0.3657342657342658,0.08209437621202331,0.6168032786885246,0.6441507586882036,0.6173076923076923,0.6479217603911982,0.5126760563380283,0.7564902506963832
165,0,0.5598173515981733,0,0.5772357723577233,0.7141762452107281,0,0.10019392372333556,0,0.6319138521781693,0.6682692307692308,0.5354523227383865,0.6394366197183101,0.6667409470752119
170,0.9765213224724485,0.7753424657534245,0,0.5799457994579947,0.717241379310345,0.4097902097902098,0.06464124111182938,0.6331967213114754,0.6906510034263338,0.6350961538461539,0.6919315403422983,0.5366197183098594,0.8825626740947176
147,0.9746046957355056,0.5360730593607307,0,0.588075880758808,0.7226053639846743,0.30209790209790216,0.10277957336780866,0.5594262295081968,0.6744982868330887,0.6028846153846155,0.6625916870415649,0.40563380281690153,0.6463509749303679
214,0.9808337326305703,0.6794520547945204,0,0.588075880758808,0.7233716475095787,0.6580419580419581,0.06593406593406596,0.6700819672131149,0.5893294175232501,0.6629807692307693,0.40097799511002385,0.8619718309859158,0.5870194986072539
65,0,0.3707762557077623,0,0.6070460704607048,0.7363984674329501,0,0.36393018745959926,0,0.5531081742535486,0.4985576923076923,0.684596577017115,0.09014084507042296,0.2600557103064231
191,0.975563009103977,0.6027397260273971,0,0.6233062330623315,0.7501915708812259,0.4440559440559441,0.08661926308985136,0.5901639344262295,0.6138032305433186,0.5634615384615386,0.4669926650366749,0.7366197183098595,0.6198885793872021
215,0.9803545759463345,0.7022831050228309,0,0.6368563685636853,0.7601532567049807,0.572027972027972,0.06205559146735621,0.7172131147540983,0.6431718061674008,0.7096153846153846,0.4963325183374083,0.6830985915492959,0.6306963788300897
168,0.9789171058936272,0.6995433789954337,0,0.6639566395663956,0.779310344827586,0.5538461538461538,0.06140917905623796,0.5635245901639344,0.7116984826235928,0.6596153846153846,0.5085574572127136,0.7577464788732399,0.7193871866295314
201,0.9841878294202204,0.6374429223744292,0,0.6720867208672088,0.7854406130268197,0.5734265734265734,0.06722689075630255,0.8442622950819673,0.6231032794909448,0.675,0.4376528117359406,0.6112676056338029,0.4715877437326055
183,0,0.7287671232876709,0,0.6991869918699191,0.8045977011494254,0,0.05688429217840984,0,0.7165932452276065,0.6629807692307693,0.4914425427872864,0.8436619718309863,0.7605013927576656
295,0.9827503593675132,0.726027397260274,0,0.7046070460704608,0.8076628352490421,0.5755244755244755,0,0.6967213114754098,0.6979931473323544,0.6807692307692309,0.3838630806845966,0.7422535211267608,0.4813927576601688
149,0.9779587925251557,0.6328767123287671,0,0.7588075880758811,0.845977011494253,0.5636363636363637,0.1402714932126698,0.7110655737704918,0.6833088595203134,0.6942307692307692,0.5916870415647919,0.3971830985915499,0.5179387186629533
253,0.9856252994729277,0.7799086757990865,0,0.777777777777778,0.8582375478927203,0.7517482517482517,0.031674208144796434,0.7766393442622952,0.57856093979442,0.8913461538461539,0.2249388753056234,0.6605633802816904,0.24066852367688896
184,0.9841878294202204,0.8493150684931506,0,0.7994579945799463,0.8727969348659006,0.4853146853146854,0.04201680672268907,0.7213114754098361,0.7816935878609887,0.8533653846153849,0.6723716381418097,0.5042253521126762,0.7940947075208971
11,0.9880210828941064,0.9999999999999999,0,0.8401084010840104,0.900383141762452,0.38951048951048955,0.1325145442792502,0.75,0.9187469407733726,0.7134615384615385,0.3643031784841071,0.6436619718309862,0.3918662952646332
190,0.9865836128413992,0.7625570776255706,0,0.8455284552845533,0.903448275862069,0.5202797202797204,0.03296703296703301,0.6700819672131149,0.7919725893294174,0.7668269230769232,0.6528117359413201,0.5295774647887325,0.7855710306406845
95,0.9856252994729277,0.7105022831050228,0,0.8997289972899726,0.9379310344827585,0.3846153846153847,0.05753070458952816,0.6967213114754098,1,0.7817307692307695,0.6943765281173597,0.42253521126760624,0.7319220055710408
167,0.9918543363679924,0.9433789954337899,0,0.9593495934959358,0.9754789272030651,0.6076923076923079,0.016806722689075664,0.6495901639344263,0.8325991189427313,0.8302884615384617,0.5990220048899753,0.5859154929577465,0.7359331476323232
162,0.9894585529468136,0.9168949771689495,0,0.9647696476964777,0.9777777777777779,0.5755244755244755,0.031674208144796434,0.7950819672131149,0.8742046010768476,0.7831730769230771,0.6528117359413201,0.49014084507042277,0.7387186629526459
252,1,0.8136986301369862,0,1,1,1,0.009049773755656125,0.8709016393442623,0.6030347528144885,1,0.22249388753056198,0.4929577464788736,0.1687465181058459